Column_1,Column_2,Column_3,Column_4,Column_5,Column_6,Column_7,Column_8,Column_9,Column_10,Column_11,Column_12,Column_13,Column_14,Column_15,Column_16,Column_17,Column_18,Column_19,Column_20,Column_21,Column_22,Column_23,Column_24,Column_25,Column_26,Column_27,Column_28,Column_29,Column_30,Column_31,Column_32,Column_33,Column_34,Column_35,Column_36,Column_37,Column_38,Column_39,Column_40,Column_41,Column_42,Column_43,Column_44,Column_45,Column_46,Column_47,Column_48,Column_49,Column_50,Column_51,Column_52,Column_53,Column_54,Column_55,Column_56,Column_57,Column_58,Column_59,Column_60,Column_61,Column_62,Column_63,Column_64,Column_65,Column_66,Column_67,Column_68,Column_69,Column_70,Column_71,Column_72,Column_73,Column_74,Column_75,Column_76,Column_77,Column_78,Column_79,Column_80,Column_81,Column_82,Column_83,Column_84,Column_85,Column_86,Column_87,Column_88,Column_89,Column_90,Column_91,Column_92,Column_93,Column_94,Column_95,Column_96,Column_97,Column_98,Column_99,Column_100,Column_101,Column_102,Column_103,Column_104,Column_105,Column_106,Column_107,Column_108,Column_109,Column_110,Column_111,Column_112,Column_113,Column_114,Column_115,Column_116,Column_117,Column_118,Column_119,Column_120,Column_121,Column_122,Column_123,Column_124,Column_125,Column_126,Column_127,Column_128,Column_129,Column_130,Column_131,Column_132,Column_133,Column_134,Column_135,Column_136,Column_137,Column_138,Column_139,Column_140,Column_141,Column_142,Column_143,Column_144,Column_145,Column_146,Column_147,Column_148,Column_149,Column_150,Column_151,Column_152,Column_153,Column_154,Column_155,Column_156,Column_157,Column_158,Column_159,Column_160,Column_161,Detail_URL,Table_Index,Row_Index,Is_Header
,United States Patent and Trademark Office,,,,,,,,,,,,,,,,,,,,,,,,,,,,,,,,,,,,,,,,,,,,,,,,,,,,,,,,,,,,,,,,,,,,,,,,,,,,,,,,,,,,,,,,,,,,,,,,,,,,,,,,,,,,,,,,,,,,,,,,,,,,,,,,,,,,,,,,,,,,,,,,,,,,,,,,,,,,,,,,#skipnav,0,0,False
Home|Site Index|Search|Guides|Contacts|eBusiness|eBiz alerts|News|Help,,,,,,,,,,,,,,,,,,,,,,,,,,,,,,,,,,,,,,,,,,,,,,,,,,,,,,,,,,,,,,,,,,,,,,,,,,,,,,,,,,,,,,,,,,,,,,,,,,,,,,,,,,,,,,,,,,,,,,,,,,,,,,,,,,,,,,,,,,,,,,,,,,,,,,,,,,,,,,,,,http://www.uspto.gov/index.html,0,1,False
,,,,,,,,,,,,,,,,,,,,,,,,,,,,,,,,,,,,,,,,,,,,,,,,,,,,,,,,,,,,,,,,,,,,,,,,,,,,,,,,,,,,,,,,,,,,,,,,,,,,,,,,,,,,,,,,,,,,,,,,,,,,,,,,,,,,,,,,,,,,,,,,,,,,,,,,,,,,,,,,,,0,2,False
TTABVUE. Trademark Trial and Appeal Board Inquiry System,TTABVUE. Trademark Trial and Appeal Board Inquiry System,v2.8.0,v2.8.0,,,,,,,,,,,,,,,,,,,,,,,,,,,,,,,,,,,,,,,,,,,,,,,,,,,,,,,,,,,,,,,,,,,,,,,,,,,,,,,,,,,,,,,,,,,,,,,,,,,,,,,,,,,,,,,,,,,,,,,,,,,,,,,,,,,,,,,,,,,,,,,,,,,,,,,,,,,,,,v,1,0,False
TTABVUE. Trademark Trial and Appeal Board Inquiry System,,,,,,,,,,,,,,,,,,,,,,,,,,,,,,,,,,,,,,,,,,,,,,,,,,,,,,,,,,,,,,,,,,,,,,,,,,,,,,,,,,,,,,,,,,,,,,,,,,,,,,,,,,,,,,,,,,,,,,,,,,,,,,,,,,,,,,,,,,,,,,,,,,,,,,,,,,,,,,,,,v,1,1,False
v2.8.0,,,,,,,,,,,,,,,,,,,,,,,,,,,,,,,,,,,,,,,,,,,,,,,,,,,,,,,,,,,,,,,,,,,,,,,,,,,,,,,,,,,,,,,,,,,,,,,,,,,,,,,,,,,,,,,,,,,,,,,,,,,,,,,,,,,,,,,,,,,,,,,,,,,,,,,,,,,,,,,,,,1,2,False
,,,,,,,,,,,,,,,,,,,,,,,,,,,,,,,,,,,,,,,,,,,,,,,,,,,,,,,,,,,,,,,,,,,,,,,,,,,,,,,,,,,,,,,,,,,,,,,,,,,,,,,,,,,,,,,,,,,,,,,,,,,,,,,,,,,,,,,,,,,,,,,,,,,,,,,,,,,,,,,,,,1,3,False
TTABVUE. Trademark Trial and Appeal Board Inquiry System,,,,,,,,,,,,,,,,,,,,,,,,,,,,,,,,,,,,,,,,,,,,,,,,,,,,,,,,,,,,,,,,,,,,,,,,,,,,,,,,,,,,,,,,,,,,,,,,,,,,,,,,,,,,,,,,,,,,,,,,,,,,,,,,,,,,,,,,,,,,,,,,,,,,,,,,,,,,,,,,,v,2,0,False
v2.8.0,,,,,,,,,,,,,,,,,,,,,,,,,,,,,,,,,,,,,,,,,,,,,,,,,,,,,,,,,,,,,,,,,,,,,,,,,,,,,,,,,,,,,,,,,,,,,,,,,,,,,,,,,,,,,,,,,,,,,,,,,,,,,,,,,,,,,,,,,,,,,,,,,,,,,,,,,,,,,,,,,,3,0,False
"SummaryQuery:Document contains all words: PROJECT MANAGEMENTandProceeding Status is: ALLNumber of results:100+Results are in reverse chronological orderPage #1.Go to page:2345NextProceedingFiling DateDefendant(s),Property(ies)Plaintiff(s),Property(ies)9209043912/22/2025Construction Management Institute of the United States of America IncMark:CMI-FSPS#:98514586R#:7661879Project Management Institute, Inc.Mark:PMI SCHEDULING PROFESSIONAL (PMI-SP)S#:77409410R#:3562355Mark:PMI-SPS#:77404162R#:35449189907524210/14/2025SYSTEM OF DISCIPLINED AGILITY INC.Mark:SYSTEM OF DISCIPLINED AGILITYS#:99075242Project Management Institute, Inc.9842928105/09/2025Strategic Project Solutions, Inc.Mark:PROJECT PRODUCTION MANAGEMENTS#:984292819842946705/09/2025Strategic Project Solutions, Inc.Mark:PROJECT PRODUCTION MANAGEMENTS#:984294679208826105/02/2025Royal Mechanical Services, Inc.Mark:ROYAL PROJECT MANAGEMENT FACILITY SOLUTIONSS#:77854928R#:3827316Royal Flush Plumbing, Inc.9864621902/20/2025TBS Project, LLCMark:KIND BUD CLUBS#:98646219KIND Management LLC8828445101/13/2025Project Management Leadership Group, Inc.Mark:CPM BOOT CAMPS#:882844519129330308/14/2024Construction Management Institute of the United States of America Inc.Mark:CMIS#:97469036Project Management Institute, Inc.Mark:PMIS#:75316885R#:2152599Mark:PMIS#:85369948R#:4077281Mark:PMIS#:85516984R#:4303806Mark:PMI AGILE CERTIFIED PRACTITIONER (PMI-ACP)S#:85313092R#:4199533Mark:PMI RISK MANAGEMENT PROFESSIONAL (PMI-RMP)S#:77409467R#:3588673Mark:PMI-RMPS#:77409522R#:35927189129330408/14/2024Construction Management Institute of the United States of America Inc.Mark:CMI ·CONSTRUCTION MANAGEMENT INSTITUTE· USA CONSTRUCTION MANAGEMENT INSTITUTE OF THE USAS#:97469029Project Management Institute, Inc.Mark:P PROJECT MANAGEMENT INSTITUTES#:88673783Mark:PMIS#:75316885R#:2152599Mark:PMIS#:85369948R#:4077281Mark:PMIS#:85516984R#:4303806Mark:PMI AGILE CERTIFIED PRACTITIONER (PMI-ACP)S#:85313092R#:4199533Mark:PMI RISK MANAGEMENT PROFESSIONAL (PMI-RMP)S#:77409467R#:3588673Mark:PMI-RMPS#:77409522R#:3592718Mark:PROJECT MANAGEMENT INSTITUTES#:77679659R#:39203489746902905/03/2024Construction Management Institute of TheUnited States of America Inc.Mark:CMI ·CONSTRUCTION MANAGEMENT INSTITUTE· USA CONSTRUCTION MANAGEMENT INSTITUTE OF THE USAS#:97469029Project Management Institute, Inc.9746903605/03/2024Construction Management Institute of TheUnited States of America Inc.Mark:CMIS#:97469036Project Management Institute, Inc.8867378302/15/2024Project Management Institute, Inc.Mark:P PROJECT MANAGEMENT INSTITUTES#:886737838867380402/15/2024Project Management Institute, Inc.Mark:PS#:886738049208439102/06/2024iCapital Project Management, LLCMark:VODA GROUPS#:87890960R#:5622568FPB DNA Cleaning and Restoration LLCMark:VODA CLEANING & RESTORATIONS#:97796714Mark:VODA CLEANING & RESTORATION VS#:978140339128831411/20/2023Brightline, Inc.Mark:BRIGHTLINES#:97184156Project Management Institute, Inc.Mark:B BRIGHTLINE PROJECT MANAGEMENT INSTITUTES#:88642630R#:6555824Mark:BRIGHTLINES#:87982029R#:6037755Mark:BRIGHTLINES#:87318956R#:63290479128831511/20/2023Brightline, Inc.Mark:BRIGHTLINES#:97184158Project Management Institute, Inc.Mark:B BRIGHTLINE PROJECT MANAGEMENT INSTITUTES#:88642630R#:6555824Mark:BRIGHTLINES#:87982029R#:6037755Mark:BRIGHTLINES#:87318956R#:63290479711628710/23/2023Project Management Institute, Inc.Mark:CONSTRUCTION PROFESSIONAL IN BUILT ENVIRONMENT PROJECTSS#:971162879716457006/15/2023PROJECT MIRACLE IP HOLDINGS, LLCMark:JUKEBXS#:97164570Copperstate Farms Management, LLC9718415606/15/2023Brightline, Inc.Mark:BRIGHTLINES#:97184156Project Management Institute, Inc.9718415806/15/2023Brightline, Inc.Mark:BRIGHTLINES#:97184158Project Management Institute, Inc.9042594112/01/2022Project KindMark:PROJECT KINDS#:90425941KIND Management Inc.9042599912/01/2022Project KindMark:PROJECT KIND LOVE ONE ANOTHERS#:90425999KIND Management Inc.7931902111/21/2022Global PMI Partners, coöperatieve vennootschapMark:GLOBAL PMI PARTNERSS#:79319021Project Management Institute, Inc.9127828108/30/2022James Alan DinowMark:THE WONDERFUL AVOCADOS#:97213254The Wonderful Company LLCMark:SIMPLY WONDERFULS#:86372181R#:4715701Mark:THE WONDERFUL ACADEMYS#:88076627R#:5831691Mark:THE WONDERFUL BUTTERFLY PROJECTS#:90604433Mark:WONDERFULS#:77855511R#:3784763Mark:WONDERFULS#:85056771R#:3907814Mark:WONDERFULS#:85056772R#:3907815Mark:WONDERFULS#:85396734R#:4552106Mark:WONDERFULS#:86474680R#:4897336Mark:WONDERFULS#:86513119R#:5223598Mark:WONDERFULS#:86513115R#:5228557Mark:WONDERFULS#:88126012R#:5680760Mark:WONDERFULS#:88259078Mark:WONDERFUL AGENCYS#:88125895R#:5831856Mark:WONDERFUL AGRICULTURAL MANAGEMENTS#:88076699R#:5831693Mark:WONDERFUL ENTERTAINMENTS#:88188386Mark:WONDERFUL GIVINGS#:86213095R#:5105378Mark:WONDERFUL PICTURESS#:88188387R#:6309449Mark:WONDERFUL PISTACHIOSS#:77114811R#:34633429012944807/28/2022BRIGHT LIVE INC.Mark:BRIGHTS#:90129448Project Management Institute, Inc.Page #1.Go to page:2345NextResults as of 05/01/2026 01:08 PMSearch again","SummaryQuery:Document contains all words: PROJECT MANAGEMENTandProceeding Status is: ALLNumber of results:100+Results are in reverse chronological orderPage #1.Go to page:2345NextProceedingFiling DateDefendant(s),Property(ies)Plaintiff(s),Property(ies)9209043912/22/2025Construction Management Institute of the United States of America IncMark:CMI-FSPS#:98514586R#:7661879Project Management Institute, Inc.Mark:PMI SCHEDULING PROFESSIONAL (PMI-SP)S#:77409410R#:3562355Mark:PMI-SPS#:77404162R#:35449189907524210/14/2025SYSTEM OF DISCIPLINED AGILITY INC.Mark:SYSTEM OF DISCIPLINED AGILITYS#:99075242Project Management Institute, Inc.9842928105/09/2025Strategic Project Solutions, Inc.Mark:PROJECT PRODUCTION MANAGEMENTS#:984292819842946705/09/2025Strategic Project Solutions, Inc.Mark:PROJECT PRODUCTION MANAGEMENTS#:984294679208826105/02/2025Royal Mechanical Services, Inc.Mark:ROYAL PROJECT MANAGEMENT FACILITY SOLUTIONSS#:77854928R#:3827316Royal Flush Plumbing, Inc.9864621902/20/2025TBS Project, LLCMark:KIND BUD CLUBS#:98646219KIND Management LLC8828445101/13/2025Project Management Leadership Group, Inc.Mark:CPM BOOT CAMPS#:882844519129330308/14/2024Construction Management Institute of the United States of America Inc.Mark:CMIS#:97469036Project Management Institute, Inc.Mark:PMIS#:75316885R#:2152599Mark:PMIS#:85369948R#:4077281Mark:PMIS#:85516984R#:4303806Mark:PMI AGILE CERTIFIED PRACTITIONER (PMI-ACP)S#:85313092R#:4199533Mark:PMI RISK MANAGEMENT PROFESSIONAL (PMI-RMP)S#:77409467R#:3588673Mark:PMI-RMPS#:77409522R#:35927189129330408/14/2024Construction Management Institute of the United States of America Inc.Mark:CMI ·CONSTRUCTION MANAGEMENT INSTITUTE· USA CONSTRUCTION MANAGEMENT INSTITUTE OF THE USAS#:97469029Project Management Institute, Inc.Mark:P PROJECT MANAGEMENT INSTITUTES#:88673783Mark:PMIS#:75316885R#:2152599Mark:PMIS#:85369948R#:4077281Mark:PMIS#:85516984R#:4303806Mark:PMI AGILE CERTIFIED PRACTITIONER (PMI-ACP)S#:85313092R#:4199533Mark:PMI RISK MANAGEMENT PROFESSIONAL (PMI-RMP)S#:77409467R#:3588673Mark:PMI-RMPS#:77409522R#:3592718Mark:PROJECT MANAGEMENT INSTITUTES#:77679659R#:39203489746902905/03/2024Construction Management Institute of TheUnited States of America Inc.Mark:CMI ·CONSTRUCTION MANAGEMENT INSTITUTE· USA CONSTRUCTION MANAGEMENT INSTITUTE OF THE USAS#:97469029Project Management Institute, Inc.9746903605/03/2024Construction Management Institute of TheUnited States of America Inc.Mark:CMIS#:97469036Project Management Institute, Inc.8867378302/15/2024Project Management Institute, Inc.Mark:P PROJECT MANAGEMENT INSTITUTES#:886737838867380402/15/2024Project Management Institute, Inc.Mark:PS#:886738049208439102/06/2024iCapital Project Management, LLCMark:VODA GROUPS#:87890960R#:5622568FPB DNA Cleaning and Restoration LLCMark:VODA CLEANING & RESTORATIONS#:97796714Mark:VODA CLEANING & RESTORATION VS#:978140339128831411/20/2023Brightline, Inc.Mark:BRIGHTLINES#:97184156Project Management Institute, Inc.Mark:B BRIGHTLINE PROJECT MANAGEMENT INSTITUTES#:88642630R#:6555824Mark:BRIGHTLINES#:87982029R#:6037755Mark:BRIGHTLINES#:87318956R#:63290479128831511/20/2023Brightline, Inc.Mark:BRIGHTLINES#:97184158Project Management Institute, Inc.Mark:B BRIGHTLINE PROJECT MANAGEMENT INSTITUTES#:88642630R#:6555824Mark:BRIGHTLINES#:87982029R#:6037755Mark:BRIGHTLINES#:87318956R#:63290479711628710/23/2023Project Management Institute, Inc.Mark:CONSTRUCTION PROFESSIONAL IN BUILT ENVIRONMENT PROJECTSS#:971162879716457006/15/2023PROJECT MIRACLE IP HOLDINGS, LLCMark:JUKEBXS#:97164570Copperstate Farms Management, LLC9718415606/15/2023Brightline, Inc.Mark:BRIGHTLINES#:97184156Project Management Institute, Inc.9718415806/15/2023Brightline, Inc.Mark:BRIGHTLINES#:97184158Project Management Institute, Inc.9042594112/01/2022Project KindMark:PROJECT KINDS#:90425941KIND Management Inc.9042599912/01/2022Project KindMark:PROJECT KIND LOVE ONE ANOTHERS#:90425999KIND Management Inc.7931902111/21/2022Global PMI Partners, coöperatieve vennootschapMark:GLOBAL PMI PARTNERSS#:79319021Project Management Institute, Inc.9127828108/30/2022James Alan DinowMark:THE WONDERFUL AVOCADOS#:97213254The Wonderful Company LLCMark:SIMPLY WONDERFULS#:86372181R#:4715701Mark:THE WONDERFUL ACADEMYS#:88076627R#:5831691Mark:THE WONDERFUL BUTTERFLY PROJECTS#:90604433Mark:WONDERFULS#:77855511R#:3784763Mark:WONDERFULS#:85056771R#:3907814Mark:WONDERFULS#:85056772R#:3907815Mark:WONDERFULS#:85396734R#:4552106Mark:WONDERFULS#:86474680R#:4897336Mark:WONDERFULS#:86513119R#:5223598Mark:WONDERFULS#:86513115R#:5228557Mark:WONDERFULS#:88126012R#:5680760Mark:WONDERFULS#:88259078Mark:WONDERFUL AGENCYS#:88125895R#:5831856Mark:WONDERFUL AGRICULTURAL MANAGEMENTS#:88076699R#:5831693Mark:WONDERFUL ENTERTAINMENTS#:88188386Mark:WONDERFUL GIVINGS#:86213095R#:5105378Mark:WONDERFUL PICTURESS#:88188387R#:6309449Mark:WONDERFUL PISTACHIOSS#:77114811R#:34633429012944807/28/2022BRIGHT LIVE INC.Mark:BRIGHTS#:90129448Project Management Institute, Inc.Page #1.Go to page:2345NextResults as of 05/01/2026 01:08 PMSearch again","ProceedingFiling DateDefendant(s),Property(ies)Plaintiff(s),Property(ies)9209043912/22/2025Construction Management Institute of the United States of America IncMark:CMI-FSPS#:98514586R#:7661879Project Management Institute, Inc.Mark:PMI SCHEDULING PROFESSIONAL (PMI-SP)S#:77409410R#:3562355Mark:PMI-SPS#:77404162R#:35449189907524210/14/2025SYSTEM OF DISCIPLINED AGILITY INC.Mark:SYSTEM OF DISCIPLINED AGILITYS#:99075242Project Management Institute, Inc.9842928105/09/2025Strategic Project Solutions, Inc.Mark:PROJECT PRODUCTION MANAGEMENTS#:984292819842946705/09/2025Strategic Project Solutions, Inc.Mark:PROJECT PRODUCTION MANAGEMENTS#:984294679208826105/02/2025Royal Mechanical Services, Inc.Mark:ROYAL PROJECT MANAGEMENT FACILITY SOLUTIONSS#:77854928R#:3827316Royal Flush Plumbing, Inc.9864621902/20/2025TBS Project, LLCMark:KIND BUD CLUBS#:98646219KIND Management LLC8828445101/13/2025Project Management Leadership Group, Inc.Mark:CPM BOOT CAMPS#:882844519129330308/14/2024Construction Management Institute of the United States of America Inc.Mark:CMIS#:97469036Project Management Institute, Inc.Mark:PMIS#:75316885R#:2152599Mark:PMIS#:85369948R#:4077281Mark:PMIS#:85516984R#:4303806Mark:PMI AGILE CERTIFIED PRACTITIONER (PMI-ACP)S#:85313092R#:4199533Mark:PMI RISK MANAGEMENT PROFESSIONAL (PMI-RMP)S#:77409467R#:3588673Mark:PMI-RMPS#:77409522R#:35927189129330408/14/2024Construction Management Institute of the United States of America Inc.Mark:CMI ·CONSTRUCTION MANAGEMENT INSTITUTE· USA CONSTRUCTION MANAGEMENT INSTITUTE OF THE USAS#:97469029Project Management Institute, Inc.Mark:P PROJECT MANAGEMENT INSTITUTES#:88673783Mark:PMIS#:75316885R#:2152599Mark:PMIS#:85369948R#:4077281Mark:PMIS#:85516984R#:4303806Mark:PMI AGILE CERTIFIED PRACTITIONER (PMI-ACP)S#:85313092R#:4199533Mark:PMI RISK MANAGEMENT PROFESSIONAL (PMI-RMP)S#:77409467R#:3588673Mark:PMI-RMPS#:77409522R#:3592718Mark:PROJECT MANAGEMENT INSTITUTES#:77679659R#:39203489746902905/03/2024Construction Management Institute of TheUnited States of America Inc.Mark:CMI ·CONSTRUCTION MANAGEMENT INSTITUTE· USA CONSTRUCTION MANAGEMENT INSTITUTE OF THE USAS#:97469029Project Management Institute, Inc.9746903605/03/2024Construction Management Institute of TheUnited States of America Inc.Mark:CMIS#:97469036Project Management Institute, Inc.8867378302/15/2024Project Management Institute, Inc.Mark:P PROJECT MANAGEMENT INSTITUTES#:886737838867380402/15/2024Project Management Institute, Inc.Mark:PS#:886738049208439102/06/2024iCapital Project Management, LLCMark:VODA GROUPS#:87890960R#:5622568FPB DNA Cleaning and Restoration LLCMark:VODA CLEANING & RESTORATIONS#:97796714Mark:VODA CLEANING & RESTORATION VS#:978140339128831411/20/2023Brightline, Inc.Mark:BRIGHTLINES#:97184156Project Management Institute, Inc.Mark:B BRIGHTLINE PROJECT MANAGEMENT INSTITUTES#:88642630R#:6555824Mark:BRIGHTLINES#:87982029R#:6037755Mark:BRIGHTLINES#:87318956R#:63290479128831511/20/2023Brightline, Inc.Mark:BRIGHTLINES#:97184158Project Management Institute, Inc.Mark:B BRIGHTLINE PROJECT MANAGEMENT INSTITUTES#:88642630R#:6555824Mark:BRIGHTLINES#:87982029R#:6037755Mark:BRIGHTLINES#:87318956R#:63290479711628710/23/2023Project Management Institute, Inc.Mark:CONSTRUCTION PROFESSIONAL IN BUILT ENVIRONMENT PROJECTSS#:971162879716457006/15/2023PROJECT MIRACLE IP HOLDINGS, LLCMark:JUKEBXS#:97164570Copperstate Farms Management, LLC9718415606/15/2023Brightline, Inc.Mark:BRIGHTLINES#:97184156Project Management Institute, Inc.9718415806/15/2023Brightline, Inc.Mark:BRIGHTLINES#:97184158Project Management Institute, Inc.9042594112/01/2022Project KindMark:PROJECT KINDS#:90425941KIND Management Inc.9042599912/01/2022Project KindMark:PROJECT KIND LOVE ONE ANOTHERS#:90425999KIND Management Inc.7931902111/21/2022Global PMI Partners, coöperatieve vennootschapMark:GLOBAL PMI PARTNERSS#:79319021Project Management Institute, Inc.9127828108/30/2022James Alan DinowMark:THE WONDERFUL AVOCADOS#:97213254The Wonderful Company LLCMark:SIMPLY WONDERFULS#:86372181R#:4715701Mark:THE WONDERFUL ACADEMYS#:88076627R#:5831691Mark:THE WONDERFUL BUTTERFLY PROJECTS#:90604433Mark:WONDERFULS#:77855511R#:3784763Mark:WONDERFULS#:85056771R#:3907814Mark:WONDERFULS#:85056772R#:3907815Mark:WONDERFULS#:85396734R#:4552106Mark:WONDERFULS#:86474680R#:4897336Mark:WONDERFULS#:86513119R#:5223598Mark:WONDERFULS#:86513115R#:5228557Mark:WONDERFULS#:88126012R#:5680760Mark:WONDERFULS#:88259078Mark:WONDERFUL AGENCYS#:88125895R#:5831856Mark:WONDERFUL AGRICULTURAL MANAGEMENTS#:88076699R#:5831693Mark:WONDERFUL ENTERTAINMENTS#:88188386Mark:WONDERFUL GIVINGS#:86213095R#:5105378Mark:WONDERFUL PICTURESS#:88188387R#:6309449Mark:WONDERFUL PISTACHIOSS#:77114811R#:34633429012944807/28/2022BRIGHT LIVE INC.Mark:BRIGHTS#:90129448Project Management Institute, Inc.",ProceedingFiling Date,ProceedingFiling Date,"Defendant(s),Property(ies)","Defendant(s),Property(ies)","Plaintiff(s),Property(ies)","Plaintiff(s),Property(ies)",9209043912/22/2025,9209043912/22/2025,Construction Management Institute of the United States of America IncMark:CMI-FSPS#:98514586R#:7661879,Construction Management Institute of the United States of America IncMark:CMI-FSPS#:98514586R#:7661879,"Project Management Institute, Inc.Mark:PMI SCHEDULING PROFESSIONAL (PMI-SP)S#:77409410R#:3562355Mark:PMI-SPS#:77404162R#:3544918","Project Management Institute, Inc.Mark:PMI SCHEDULING PROFESSIONAL (PMI-SP)S#:77409410R#:3562355Mark:PMI-SPS#:77404162R#:3544918",9907524210/14/2025,9907524210/14/2025,SYSTEM OF DISCIPLINED AGILITY INC.Mark:SYSTEM OF DISCIPLINED AGILITYS#:99075242,SYSTEM OF DISCIPLINED AGILITY INC.Mark:SYSTEM OF DISCIPLINED AGILITYS#:99075242,"Project Management Institute, Inc.","Project Management Institute, Inc.",9842928105/09/2025,9842928105/09/2025,,,"Strategic Project Solutions, Inc.Mark:PROJECT PRODUCTION MANAGEMENTS#:98429281","Strategic Project Solutions, Inc.Mark:PROJECT PRODUCTION MANAGEMENTS#:98429281",9842946705/09/2025,9842946705/09/2025,,,"Strategic Project Solutions, Inc.Mark:PROJECT PRODUCTION MANAGEMENTS#:98429467","Strategic Project Solutions, Inc.Mark:PROJECT PRODUCTION MANAGEMENTS#:98429467",9208826105/02/2025,9208826105/02/2025,"Royal Mechanical Services, Inc.Mark:ROYAL PROJECT MANAGEMENT FACILITY SOLUTIONSS#:77854928R#:3827316","Royal Mechanical Services, Inc.Mark:ROYAL PROJECT MANAGEMENT FACILITY SOLUTIONSS#:77854928R#:3827316","Royal Flush Plumbing, Inc.","Royal Flush Plumbing, Inc.",9864621902/20/2025,9864621902/20/2025,"TBS Project, LLCMark:KIND BUD CLUBS#:98646219","TBS Project, LLCMark:KIND BUD CLUBS#:98646219",KIND Management LLC,KIND Management LLC,8828445101/13/2025,8828445101/13/2025,,,"Project Management Leadership Group, Inc.Mark:CPM BOOT CAMPS#:88284451","Project Management Leadership Group, Inc.Mark:CPM BOOT CAMPS#:88284451",9129330308/14/2024,9129330308/14/2024,Construction Management Institute of the United States of America Inc.Mark:CMIS#:97469036,Construction Management Institute of the United States of America Inc.Mark:CMIS#:97469036,"Project Management Institute, Inc.Mark:PMIS#:75316885R#:2152599Mark:PMIS#:85369948R#:4077281Mark:PMIS#:85516984R#:4303806Mark:PMI AGILE CERTIFIED PRACTITIONER (PMI-ACP)S#:85313092R#:4199533Mark:PMI RISK MANAGEMENT PROFESSIONAL (PMI-RMP)S#:77409467R#:3588673Mark:PMI-RMPS#:77409522R#:3592718","Project Management Institute, Inc.Mark:PMIS#:75316885R#:2152599Mark:PMIS#:85369948R#:4077281Mark:PMIS#:85516984R#:4303806Mark:PMI AGILE CERTIFIED PRACTITIONER (PMI-ACP)S#:85313092R#:4199533Mark:PMI RISK MANAGEMENT PROFESSIONAL (PMI-RMP)S#:77409467R#:3588673Mark:PMI-RMPS#:77409522R#:3592718",9129330408/14/2024,9129330408/14/2024,Construction Management Institute of the United States of America Inc.Mark:CMI ·CONSTRUCTION MANAGEMENT INSTITUTE· USA CONSTRUCTION MANAGEMENT INSTITUTE OF THE USAS#:97469029,Construction Management Institute of the United States of America Inc.Mark:CMI ·CONSTRUCTION MANAGEMENT INSTITUTE· USA CONSTRUCTION MANAGEMENT INSTITUTE OF THE USAS#:97469029,"Project Management Institute, Inc.Mark:P PROJECT MANAGEMENT INSTITUTES#:88673783Mark:PMIS#:75316885R#:2152599Mark:PMIS#:85369948R#:4077281Mark:PMIS#:85516984R#:4303806Mark:PMI AGILE CERTIFIED PRACTITIONER (PMI-ACP)S#:85313092R#:4199533Mark:PMI RISK MANAGEMENT PROFESSIONAL (PMI-RMP)S#:77409467R#:3588673Mark:PMI-RMPS#:77409522R#:3592718Mark:PROJECT MANAGEMENT INSTITUTES#:77679659R#:3920348","Project Management Institute, Inc.Mark:P PROJECT MANAGEMENT INSTITUTES#:88673783Mark:PMIS#:75316885R#:2152599Mark:PMIS#:85369948R#:4077281Mark:PMIS#:85516984R#:4303806Mark:PMI AGILE CERTIFIED PRACTITIONER (PMI-ACP)S#:85313092R#:4199533Mark:PMI RISK MANAGEMENT PROFESSIONAL (PMI-RMP)S#:77409467R#:3588673Mark:PMI-RMPS#:77409522R#:3592718Mark:PROJECT MANAGEMENT INSTITUTES#:77679659R#:3920348",9746902905/03/2024,9746902905/03/2024,Construction Management Institute of TheUnited States of America Inc.Mark:CMI ·CONSTRUCTION MANAGEMENT INSTITUTE· USA CONSTRUCTION MANAGEMENT INSTITUTE OF THE USAS#:97469029,Construction Management Institute of TheUnited States of America Inc.Mark:CMI ·CONSTRUCTION MANAGEMENT INSTITUTE· USA CONSTRUCTION MANAGEMENT INSTITUTE OF THE USAS#:97469029,"Project Management Institute, Inc.","Project Management Institute, Inc.",9746903605/03/2024,9746903605/03/2024,Construction Management Institute of TheUnited States of America Inc.Mark:CMIS#:97469036,Construction Management Institute of TheUnited States of America Inc.Mark:CMIS#:97469036,"Project Management Institute, Inc.","Project Management Institute, Inc.",8867378302/15/2024,8867378302/15/2024,,,"Project Management Institute, Inc.Mark:P PROJECT MANAGEMENT INSTITUTES#:88673783","Project Management Institute, Inc.Mark:P PROJECT MANAGEMENT INSTITUTES#:88673783",8867380402/15/2024,8867380402/15/2024,,,"Project Management Institute, Inc.Mark:PS#:88673804","Project Management Institute, Inc.Mark:PS#:88673804",9208439102/06/2024,9208439102/06/2024,"iCapital Project Management, LLCMark:VODA GROUPS#:87890960R#:5622568","iCapital Project Management, LLCMark:VODA GROUPS#:87890960R#:5622568",FPB DNA Cleaning and Restoration LLCMark:VODA CLEANING & RESTORATIONS#:97796714Mark:VODA CLEANING & RESTORATION VS#:97814033,FPB DNA Cleaning and Restoration LLCMark:VODA CLEANING & RESTORATIONS#:97796714Mark:VODA CLEANING & RESTORATION VS#:97814033,9128831411/20/2023,9128831411/20/2023,"Brightline, Inc.Mark:BRIGHTLINES#:97184156","Brightline, Inc.Mark:BRIGHTLINES#:97184156","Project Management Institute, Inc.Mark:B BRIGHTLINE PROJECT MANAGEMENT INSTITUTES#:88642630R#:6555824Mark:BRIGHTLINES#:87982029R#:6037755Mark:BRIGHTLINES#:87318956R#:6329047","Project Management Institute, Inc.Mark:B BRIGHTLINE PROJECT MANAGEMENT INSTITUTES#:88642630R#:6555824Mark:BRIGHTLINES#:87982029R#:6037755Mark:BRIGHTLINES#:87318956R#:6329047",9128831511/20/2023,9128831511/20/2023,"Brightline, Inc.Mark:BRIGHTLINES#:97184158","Brightline, Inc.Mark:BRIGHTLINES#:97184158","Project Management Institute, Inc.Mark:B BRIGHTLINE PROJECT MANAGEMENT INSTITUTES#:88642630R#:6555824Mark:BRIGHTLINES#:87982029R#:6037755Mark:BRIGHTLINES#:87318956R#:6329047","Project Management Institute, Inc.Mark:B BRIGHTLINE PROJECT MANAGEMENT INSTITUTES#:88642630R#:6555824Mark:BRIGHTLINES#:87982029R#:6037755Mark:BRIGHTLINES#:87318956R#:6329047",9711628710/23/2023,9711628710/23/2023,,,"Project Management Institute, Inc.Mark:CONSTRUCTION PROFESSIONAL IN BUILT ENVIRONMENT PROJECTSS#:97116287","Project Management Institute, Inc.Mark:CONSTRUCTION PROFESSIONAL IN BUILT ENVIRONMENT PROJECTSS#:97116287",9716457006/15/2023,9716457006/15/2023,"PROJECT MIRACLE IP HOLDINGS, LLCMark:JUKEBXS#:97164570","PROJECT MIRACLE IP HOLDINGS, LLCMark:JUKEBXS#:97164570","Copperstate Farms Management, LLC","Copperstate Farms Management, LLC",9718415606/15/2023,9718415606/15/2023,"Brightline, Inc.Mark:BRIGHTLINES#:97184156","Brightline, Inc.Mark:BRIGHTLINES#:97184156","Project Management Institute, Inc.","Project Management Institute, Inc.",9718415806/15/2023,9718415806/15/2023,"Brightline, Inc.Mark:BRIGHTLINES#:97184158","Brightline, Inc.Mark:BRIGHTLINES#:97184158","Project Management Institute, Inc.","Project Management Institute, Inc.",9042594112/01/2022,9042594112/01/2022,Project KindMark:PROJECT KINDS#:90425941,Project KindMark:PROJECT KINDS#:90425941,KIND Management Inc.,KIND Management Inc.,9042599912/01/2022,9042599912/01/2022,Project KindMark:PROJECT KIND LOVE ONE ANOTHERS#:90425999,Project KindMark:PROJECT KIND LOVE ONE ANOTHERS#:90425999,KIND Management Inc.,KIND Management Inc.,7931902111/21/2022,7931902111/21/2022,"Global PMI Partners, coöperatieve vennootschapMark:GLOBAL PMI PARTNERSS#:79319021","Global PMI Partners, coöperatieve vennootschapMark:GLOBAL PMI PARTNERSS#:79319021","Project Management Institute, Inc.","Project Management Institute, Inc.",9127828108/30/2022,9127828108/30/2022,James Alan DinowMark:THE WONDERFUL AVOCADOS#:97213254,James Alan DinowMark:THE WONDERFUL AVOCADOS#:97213254,The Wonderful Company LLCMark:SIMPLY WONDERFULS#:86372181R#:4715701Mark:THE WONDERFUL ACADEMYS#:88076627R#:5831691Mark:THE WONDERFUL BUTTERFLY PROJECTS#:90604433Mark:WONDERFULS#:77855511R#:3784763Mark:WONDERFULS#:85056771R#:3907814Mark:WONDERFULS#:85056772R#:3907815Mark:WONDERFULS#:85396734R#:4552106Mark:WONDERFULS#:86474680R#:4897336Mark:WONDERFULS#:86513119R#:5223598Mark:WONDERFULS#:86513115R#:5228557Mark:WONDERFULS#:88126012R#:5680760Mark:WONDERFULS#:88259078Mark:WONDERFUL AGENCYS#:88125895R#:5831856Mark:WONDERFUL AGRICULTURAL MANAGEMENTS#:88076699R#:5831693Mark:WONDERFUL ENTERTAINMENTS#:88188386Mark:WONDERFUL GIVINGS#:86213095R#:5105378Mark:WONDERFUL PICTURESS#:88188387R#:6309449Mark:WONDERFUL PISTACHIOSS#:77114811R#:3463342,The Wonderful Company LLCMark:SIMPLY WONDERFULS#:86372181R#:4715701Mark:THE WONDERFUL ACADEMYS#:88076627R#:5831691Mark:THE WONDERFUL BUTTERFLY PROJECTS#:90604433Mark:WONDERFULS#:77855511R#:3784763Mark:WONDERFULS#:85056771R#:3907814Mark:WONDERFULS#:85056772R#:3907815Mark:WONDERFULS#:85396734R#:4552106Mark:WONDERFULS#:86474680R#:4897336Mark:WONDERFULS#:86513119R#:5223598Mark:WONDERFULS#:86513115R#:5228557Mark:WONDERFULS#:88126012R#:5680760Mark:WONDERFULS#:88259078Mark:WONDERFUL AGENCYS#:88125895R#:5831856Mark:WONDERFUL AGRICULTURAL MANAGEMENTS#:88076699R#:5831693Mark:WONDERFUL ENTERTAINMENTS#:88188386Mark:WONDERFUL GIVINGS#:86213095R#:5105378Mark:WONDERFUL PICTURESS#:88188387R#:6309449Mark:WONDERFUL PISTACHIOSS#:77114811R#:3463342,9012944807/28/2022,9012944807/28/2022,BRIGHT LIVE INC.Mark:BRIGHTS#:90129448,BRIGHT LIVE INC.Mark:BRIGHTS#:90129448,"Project Management Institute, Inc.","Project Management Institute, Inc.",Results as of 05/01/2026 01:08 PM,Search again,v?qs=project%20management&qt=adv&procstatus=All&page=2,4,0,False
"SummaryQuery:Document contains all words: PROJECT MANAGEMENTandProceeding Status is: ALLNumber of results:100+Results are in reverse chronological orderPage #1.Go to page:2345NextProceedingFiling DateDefendant(s),Property(ies)Plaintiff(s),Property(ies)9209043912/22/2025Construction Management Institute of the United States of America IncMark:CMI-FSPS#:98514586R#:7661879Project Management Institute, Inc.Mark:PMI SCHEDULING PROFESSIONAL (PMI-SP)S#:77409410R#:3562355Mark:PMI-SPS#:77404162R#:35449189907524210/14/2025SYSTEM OF DISCIPLINED AGILITY INC.Mark:SYSTEM OF DISCIPLINED AGILITYS#:99075242Project Management Institute, Inc.9842928105/09/2025Strategic Project Solutions, Inc.Mark:PROJECT PRODUCTION MANAGEMENTS#:984292819842946705/09/2025Strategic Project Solutions, Inc.Mark:PROJECT PRODUCTION MANAGEMENTS#:984294679208826105/02/2025Royal Mechanical Services, Inc.Mark:ROYAL PROJECT MANAGEMENT FACILITY SOLUTIONSS#:77854928R#:3827316Royal Flush Plumbing, Inc.9864621902/20/2025TBS Project, LLCMark:KIND BUD CLUBS#:98646219KIND Management LLC8828445101/13/2025Project Management Leadership Group, Inc.Mark:CPM BOOT CAMPS#:882844519129330308/14/2024Construction Management Institute of the United States of America Inc.Mark:CMIS#:97469036Project Management Institute, Inc.Mark:PMIS#:75316885R#:2152599Mark:PMIS#:85369948R#:4077281Mark:PMIS#:85516984R#:4303806Mark:PMI AGILE CERTIFIED PRACTITIONER (PMI-ACP)S#:85313092R#:4199533Mark:PMI RISK MANAGEMENT PROFESSIONAL (PMI-RMP)S#:77409467R#:3588673Mark:PMI-RMPS#:77409522R#:35927189129330408/14/2024Construction Management Institute of the United States of America Inc.Mark:CMI ·CONSTRUCTION MANAGEMENT INSTITUTE· USA CONSTRUCTION MANAGEMENT INSTITUTE OF THE USAS#:97469029Project Management Institute, Inc.Mark:P PROJECT MANAGEMENT INSTITUTES#:88673783Mark:PMIS#:75316885R#:2152599Mark:PMIS#:85369948R#:4077281Mark:PMIS#:85516984R#:4303806Mark:PMI AGILE CERTIFIED PRACTITIONER (PMI-ACP)S#:85313092R#:4199533Mark:PMI RISK MANAGEMENT PROFESSIONAL (PMI-RMP)S#:77409467R#:3588673Mark:PMI-RMPS#:77409522R#:3592718Mark:PROJECT MANAGEMENT INSTITUTES#:77679659R#:39203489746902905/03/2024Construction Management Institute of TheUnited States of America Inc.Mark:CMI ·CONSTRUCTION MANAGEMENT INSTITUTE· USA CONSTRUCTION MANAGEMENT INSTITUTE OF THE USAS#:97469029Project Management Institute, Inc.9746903605/03/2024Construction Management Institute of TheUnited States of America Inc.Mark:CMIS#:97469036Project Management Institute, Inc.8867378302/15/2024Project Management Institute, Inc.Mark:P PROJECT MANAGEMENT INSTITUTES#:886737838867380402/15/2024Project Management Institute, Inc.Mark:PS#:886738049208439102/06/2024iCapital Project Management, LLCMark:VODA GROUPS#:87890960R#:5622568FPB DNA Cleaning and Restoration LLCMark:VODA CLEANING & RESTORATIONS#:97796714Mark:VODA CLEANING & RESTORATION VS#:978140339128831411/20/2023Brightline, Inc.Mark:BRIGHTLINES#:97184156Project Management Institute, Inc.Mark:B BRIGHTLINE PROJECT MANAGEMENT INSTITUTES#:88642630R#:6555824Mark:BRIGHTLINES#:87982029R#:6037755Mark:BRIGHTLINES#:87318956R#:63290479128831511/20/2023Brightline, Inc.Mark:BRIGHTLINES#:97184158Project Management Institute, Inc.Mark:B BRIGHTLINE PROJECT MANAGEMENT INSTITUTES#:88642630R#:6555824Mark:BRIGHTLINES#:87982029R#:6037755Mark:BRIGHTLINES#:87318956R#:63290479711628710/23/2023Project Management Institute, Inc.Mark:CONSTRUCTION PROFESSIONAL IN BUILT ENVIRONMENT PROJECTSS#:971162879716457006/15/2023PROJECT MIRACLE IP HOLDINGS, LLCMark:JUKEBXS#:97164570Copperstate Farms Management, LLC9718415606/15/2023Brightline, Inc.Mark:BRIGHTLINES#:97184156Project Management Institute, Inc.9718415806/15/2023Brightline, Inc.Mark:BRIGHTLINES#:97184158Project Management Institute, Inc.9042594112/01/2022Project KindMark:PROJECT KINDS#:90425941KIND Management Inc.9042599912/01/2022Project KindMark:PROJECT KIND LOVE ONE ANOTHERS#:90425999KIND Management Inc.7931902111/21/2022Global PMI Partners, coöperatieve vennootschapMark:GLOBAL PMI PARTNERSS#:79319021Project Management Institute, Inc.9127828108/30/2022James Alan DinowMark:THE WONDERFUL AVOCADOS#:97213254The Wonderful Company LLCMark:SIMPLY WONDERFULS#:86372181R#:4715701Mark:THE WONDERFUL ACADEMYS#:88076627R#:5831691Mark:THE WONDERFUL BUTTERFLY PROJECTS#:90604433Mark:WONDERFULS#:77855511R#:3784763Mark:WONDERFULS#:85056771R#:3907814Mark:WONDERFULS#:85056772R#:3907815Mark:WONDERFULS#:85396734R#:4552106Mark:WONDERFULS#:86474680R#:4897336Mark:WONDERFULS#:86513119R#:5223598Mark:WONDERFULS#:86513115R#:5228557Mark:WONDERFULS#:88126012R#:5680760Mark:WONDERFULS#:88259078Mark:WONDERFUL AGENCYS#:88125895R#:5831856Mark:WONDERFUL AGRICULTURAL MANAGEMENTS#:88076699R#:5831693Mark:WONDERFUL ENTERTAINMENTS#:88188386Mark:WONDERFUL GIVINGS#:86213095R#:5105378Mark:WONDERFUL PICTURESS#:88188387R#:6309449Mark:WONDERFUL PISTACHIOSS#:77114811R#:34633429012944807/28/2022BRIGHT LIVE INC.Mark:BRIGHTS#:90129448Project Management Institute, Inc.Page #1.Go to page:2345NextResults as of 05/01/2026 01:08 PMSearch again","ProceedingFiling DateDefendant(s),Property(ies)Plaintiff(s),Property(ies)9209043912/22/2025Construction Management Institute of the United States of America IncMark:CMI-FSPS#:98514586R#:7661879Project Management Institute, Inc.Mark:PMI SCHEDULING PROFESSIONAL (PMI-SP)S#:77409410R#:3562355Mark:PMI-SPS#:77404162R#:35449189907524210/14/2025SYSTEM OF DISCIPLINED AGILITY INC.Mark:SYSTEM OF DISCIPLINED AGILITYS#:99075242Project Management Institute, Inc.9842928105/09/2025Strategic Project Solutions, Inc.Mark:PROJECT PRODUCTION MANAGEMENTS#:984292819842946705/09/2025Strategic Project Solutions, Inc.Mark:PROJECT PRODUCTION MANAGEMENTS#:984294679208826105/02/2025Royal Mechanical Services, Inc.Mark:ROYAL PROJECT MANAGEMENT FACILITY SOLUTIONSS#:77854928R#:3827316Royal Flush Plumbing, Inc.9864621902/20/2025TBS Project, LLCMark:KIND BUD CLUBS#:98646219KIND Management LLC8828445101/13/2025Project Management Leadership Group, Inc.Mark:CPM BOOT CAMPS#:882844519129330308/14/2024Construction Management Institute of the United States of America Inc.Mark:CMIS#:97469036Project Management Institute, Inc.Mark:PMIS#:75316885R#:2152599Mark:PMIS#:85369948R#:4077281Mark:PMIS#:85516984R#:4303806Mark:PMI AGILE CERTIFIED PRACTITIONER (PMI-ACP)S#:85313092R#:4199533Mark:PMI RISK MANAGEMENT PROFESSIONAL (PMI-RMP)S#:77409467R#:3588673Mark:PMI-RMPS#:77409522R#:35927189129330408/14/2024Construction Management Institute of the United States of America Inc.Mark:CMI ·CONSTRUCTION MANAGEMENT INSTITUTE· USA CONSTRUCTION MANAGEMENT INSTITUTE OF THE USAS#:97469029Project Management Institute, Inc.Mark:P PROJECT MANAGEMENT INSTITUTES#:88673783Mark:PMIS#:75316885R#:2152599Mark:PMIS#:85369948R#:4077281Mark:PMIS#:85516984R#:4303806Mark:PMI AGILE CERTIFIED PRACTITIONER (PMI-ACP)S#:85313092R#:4199533Mark:PMI RISK MANAGEMENT PROFESSIONAL (PMI-RMP)S#:77409467R#:3588673Mark:PMI-RMPS#:77409522R#:3592718Mark:PROJECT MANAGEMENT INSTITUTES#:77679659R#:39203489746902905/03/2024Construction Management Institute of TheUnited States of America Inc.Mark:CMI ·CONSTRUCTION MANAGEMENT INSTITUTE· USA CONSTRUCTION MANAGEMENT INSTITUTE OF THE USAS#:97469029Project Management Institute, Inc.9746903605/03/2024Construction Management Institute of TheUnited States of America Inc.Mark:CMIS#:97469036Project Management Institute, Inc.8867378302/15/2024Project Management Institute, Inc.Mark:P PROJECT MANAGEMENT INSTITUTES#:886737838867380402/15/2024Project Management Institute, Inc.Mark:PS#:886738049208439102/06/2024iCapital Project Management, LLCMark:VODA GROUPS#:87890960R#:5622568FPB DNA Cleaning and Restoration LLCMark:VODA CLEANING & RESTORATIONS#:97796714Mark:VODA CLEANING & RESTORATION VS#:978140339128831411/20/2023Brightline, Inc.Mark:BRIGHTLINES#:97184156Project Management Institute, Inc.Mark:B BRIGHTLINE PROJECT MANAGEMENT INSTITUTES#:88642630R#:6555824Mark:BRIGHTLINES#:87982029R#:6037755Mark:BRIGHTLINES#:87318956R#:63290479128831511/20/2023Brightline, Inc.Mark:BRIGHTLINES#:97184158Project Management Institute, Inc.Mark:B BRIGHTLINE PROJECT MANAGEMENT INSTITUTES#:88642630R#:6555824Mark:BRIGHTLINES#:87982029R#:6037755Mark:BRIGHTLINES#:87318956R#:63290479711628710/23/2023Project Management Institute, Inc.Mark:CONSTRUCTION PROFESSIONAL IN BUILT ENVIRONMENT PROJECTSS#:971162879716457006/15/2023PROJECT MIRACLE IP HOLDINGS, LLCMark:JUKEBXS#:97164570Copperstate Farms Management, LLC9718415606/15/2023Brightline, Inc.Mark:BRIGHTLINES#:97184156Project Management Institute, Inc.9718415806/15/2023Brightline, Inc.Mark:BRIGHTLINES#:97184158Project Management Institute, Inc.9042594112/01/2022Project KindMark:PROJECT KINDS#:90425941KIND Management Inc.9042599912/01/2022Project KindMark:PROJECT KIND LOVE ONE ANOTHERS#:90425999KIND Management Inc.7931902111/21/2022Global PMI Partners, coöperatieve vennootschapMark:GLOBAL PMI PARTNERSS#:79319021Project Management Institute, Inc.9127828108/30/2022James Alan DinowMark:THE WONDERFUL AVOCADOS#:97213254The Wonderful Company LLCMark:SIMPLY WONDERFULS#:86372181R#:4715701Mark:THE WONDERFUL ACADEMYS#:88076627R#:5831691Mark:THE WONDERFUL BUTTERFLY PROJECTS#:90604433Mark:WONDERFULS#:77855511R#:3784763Mark:WONDERFULS#:85056771R#:3907814Mark:WONDERFULS#:85056772R#:3907815Mark:WONDERFULS#:85396734R#:4552106Mark:WONDERFULS#:86474680R#:4897336Mark:WONDERFULS#:86513119R#:5223598Mark:WONDERFULS#:86513115R#:5228557Mark:WONDERFULS#:88126012R#:5680760Mark:WONDERFULS#:88259078Mark:WONDERFUL AGENCYS#:88125895R#:5831856Mark:WONDERFUL AGRICULTURAL MANAGEMENTS#:88076699R#:5831693Mark:WONDERFUL ENTERTAINMENTS#:88188386Mark:WONDERFUL GIVINGS#:86213095R#:5105378Mark:WONDERFUL PICTURESS#:88188387R#:6309449Mark:WONDERFUL PISTACHIOSS#:77114811R#:34633429012944807/28/2022BRIGHT LIVE INC.Mark:BRIGHTS#:90129448Project Management Institute, Inc.",ProceedingFiling Date,ProceedingFiling Date,"Defendant(s),Property(ies)","Defendant(s),Property(ies)","Plaintiff(s),Property(ies)","Plaintiff(s),Property(ies)",9209043912/22/2025,9209043912/22/2025,Construction Management Institute of the United States of America IncMark:CMI-FSPS#:98514586R#:7661879,Construction Management Institute of the United States of America IncMark:CMI-FSPS#:98514586R#:7661879,"Project Management Institute, Inc.Mark:PMI SCHEDULING PROFESSIONAL (PMI-SP)S#:77409410R#:3562355Mark:PMI-SPS#:77404162R#:3544918","Project Management Institute, Inc.Mark:PMI SCHEDULING PROFESSIONAL (PMI-SP)S#:77409410R#:3562355Mark:PMI-SPS#:77404162R#:3544918",9907524210/14/2025,9907524210/14/2025,SYSTEM OF DISCIPLINED AGILITY INC.Mark:SYSTEM OF DISCIPLINED AGILITYS#:99075242,SYSTEM OF DISCIPLINED AGILITY INC.Mark:SYSTEM OF DISCIPLINED AGILITYS#:99075242,"Project Management Institute, Inc.","Project Management Institute, Inc.",9842928105/09/2025,9842928105/09/2025,,,"Strategic Project Solutions, Inc.Mark:PROJECT PRODUCTION MANAGEMENTS#:98429281","Strategic Project Solutions, Inc.Mark:PROJECT PRODUCTION MANAGEMENTS#:98429281",9842946705/09/2025,9842946705/09/2025,,,"Strategic Project Solutions, Inc.Mark:PROJECT PRODUCTION MANAGEMENTS#:98429467","Strategic Project Solutions, Inc.Mark:PROJECT PRODUCTION MANAGEMENTS#:98429467",9208826105/02/2025,9208826105/02/2025,"Royal Mechanical Services, Inc.Mark:ROYAL PROJECT MANAGEMENT FACILITY SOLUTIONSS#:77854928R#:3827316","Royal Mechanical Services, Inc.Mark:ROYAL PROJECT MANAGEMENT FACILITY SOLUTIONSS#:77854928R#:3827316","Royal Flush Plumbing, Inc.","Royal Flush Plumbing, Inc.",9864621902/20/2025,9864621902/20/2025,"TBS Project, LLCMark:KIND BUD CLUBS#:98646219","TBS Project, LLCMark:KIND BUD CLUBS#:98646219",KIND Management LLC,KIND Management LLC,8828445101/13/2025,8828445101/13/2025,,,"Project Management Leadership Group, Inc.Mark:CPM BOOT CAMPS#:88284451","Project Management Leadership Group, Inc.Mark:CPM BOOT CAMPS#:88284451",9129330308/14/2024,9129330308/14/2024,Construction Management Institute of the United States of America Inc.Mark:CMIS#:97469036,Construction Management Institute of the United States of America Inc.Mark:CMIS#:97469036,"Project Management Institute, Inc.Mark:PMIS#:75316885R#:2152599Mark:PMIS#:85369948R#:4077281Mark:PMIS#:85516984R#:4303806Mark:PMI AGILE CERTIFIED PRACTITIONER (PMI-ACP)S#:85313092R#:4199533Mark:PMI RISK MANAGEMENT PROFESSIONAL (PMI-RMP)S#:77409467R#:3588673Mark:PMI-RMPS#:77409522R#:3592718","Project Management Institute, Inc.Mark:PMIS#:75316885R#:2152599Mark:PMIS#:85369948R#:4077281Mark:PMIS#:85516984R#:4303806Mark:PMI AGILE CERTIFIED PRACTITIONER (PMI-ACP)S#:85313092R#:4199533Mark:PMI RISK MANAGEMENT PROFESSIONAL (PMI-RMP)S#:77409467R#:3588673Mark:PMI-RMPS#:77409522R#:3592718",9129330408/14/2024,9129330408/14/2024,Construction Management Institute of the United States of America Inc.Mark:CMI ·CONSTRUCTION MANAGEMENT INSTITUTE· USA CONSTRUCTION MANAGEMENT INSTITUTE OF THE USAS#:97469029,Construction Management Institute of the United States of America Inc.Mark:CMI ·CONSTRUCTION MANAGEMENT INSTITUTE· USA CONSTRUCTION MANAGEMENT INSTITUTE OF THE USAS#:97469029,"Project Management Institute, Inc.Mark:P PROJECT MANAGEMENT INSTITUTES#:88673783Mark:PMIS#:75316885R#:2152599Mark:PMIS#:85369948R#:4077281Mark:PMIS#:85516984R#:4303806Mark:PMI AGILE CERTIFIED PRACTITIONER (PMI-ACP)S#:85313092R#:4199533Mark:PMI RISK MANAGEMENT PROFESSIONAL (PMI-RMP)S#:77409467R#:3588673Mark:PMI-RMPS#:77409522R#:3592718Mark:PROJECT MANAGEMENT INSTITUTES#:77679659R#:3920348","Project Management Institute, Inc.Mark:P PROJECT MANAGEMENT INSTITUTES#:88673783Mark:PMIS#:75316885R#:2152599Mark:PMIS#:85369948R#:4077281Mark:PMIS#:85516984R#:4303806Mark:PMI AGILE CERTIFIED PRACTITIONER (PMI-ACP)S#:85313092R#:4199533Mark:PMI RISK MANAGEMENT PROFESSIONAL (PMI-RMP)S#:77409467R#:3588673Mark:PMI-RMPS#:77409522R#:3592718Mark:PROJECT MANAGEMENT INSTITUTES#:77679659R#:3920348",9746902905/03/2024,9746902905/03/2024,Construction Management Institute of TheUnited States of America Inc.Mark:CMI ·CONSTRUCTION MANAGEMENT INSTITUTE· USA CONSTRUCTION MANAGEMENT INSTITUTE OF THE USAS#:97469029,Construction Management Institute of TheUnited States of America Inc.Mark:CMI ·CONSTRUCTION MANAGEMENT INSTITUTE· USA CONSTRUCTION MANAGEMENT INSTITUTE OF THE USAS#:97469029,"Project Management Institute, Inc.","Project Management Institute, Inc.",9746903605/03/2024,9746903605/03/2024,Construction Management Institute of TheUnited States of America Inc.Mark:CMIS#:97469036,Construction Management Institute of TheUnited States of America Inc.Mark:CMIS#:97469036,"Project Management Institute, Inc.","Project Management Institute, Inc.",8867378302/15/2024,8867378302/15/2024,,,"Project Management Institute, Inc.Mark:P PROJECT MANAGEMENT INSTITUTES#:88673783","Project Management Institute, Inc.Mark:P PROJECT MANAGEMENT INSTITUTES#:88673783",8867380402/15/2024,8867380402/15/2024,,,"Project Management Institute, Inc.Mark:PS#:88673804","Project Management Institute, Inc.Mark:PS#:88673804",9208439102/06/2024,9208439102/06/2024,"iCapital Project Management, LLCMark:VODA GROUPS#:87890960R#:5622568","iCapital Project Management, LLCMark:VODA GROUPS#:87890960R#:5622568",FPB DNA Cleaning and Restoration LLCMark:VODA CLEANING & RESTORATIONS#:97796714Mark:VODA CLEANING & RESTORATION VS#:97814033,FPB DNA Cleaning and Restoration LLCMark:VODA CLEANING & RESTORATIONS#:97796714Mark:VODA CLEANING & RESTORATION VS#:97814033,9128831411/20/2023,9128831411/20/2023,"Brightline, Inc.Mark:BRIGHTLINES#:97184156","Brightline, Inc.Mark:BRIGHTLINES#:97184156","Project Management Institute, Inc.Mark:B BRIGHTLINE PROJECT MANAGEMENT INSTITUTES#:88642630R#:6555824Mark:BRIGHTLINES#:87982029R#:6037755Mark:BRIGHTLINES#:87318956R#:6329047","Project Management Institute, Inc.Mark:B BRIGHTLINE PROJECT MANAGEMENT INSTITUTES#:88642630R#:6555824Mark:BRIGHTLINES#:87982029R#:6037755Mark:BRIGHTLINES#:87318956R#:6329047",9128831511/20/2023,9128831511/20/2023,"Brightline, Inc.Mark:BRIGHTLINES#:97184158","Brightline, Inc.Mark:BRIGHTLINES#:97184158","Project Management Institute, Inc.Mark:B BRIGHTLINE PROJECT MANAGEMENT INSTITUTES#:88642630R#:6555824Mark:BRIGHTLINES#:87982029R#:6037755Mark:BRIGHTLINES#:87318956R#:6329047","Project Management Institute, Inc.Mark:B BRIGHTLINE PROJECT MANAGEMENT INSTITUTES#:88642630R#:6555824Mark:BRIGHTLINES#:87982029R#:6037755Mark:BRIGHTLINES#:87318956R#:6329047",9711628710/23/2023,9711628710/23/2023,,,"Project Management Institute, Inc.Mark:CONSTRUCTION PROFESSIONAL IN BUILT ENVIRONMENT PROJECTSS#:97116287","Project Management Institute, Inc.Mark:CONSTRUCTION PROFESSIONAL IN BUILT ENVIRONMENT PROJECTSS#:97116287",9716457006/15/2023,9716457006/15/2023,"PROJECT MIRACLE IP HOLDINGS, LLCMark:JUKEBXS#:97164570","PROJECT MIRACLE IP HOLDINGS, LLCMark:JUKEBXS#:97164570","Copperstate Farms Management, LLC","Copperstate Farms Management, LLC",9718415606/15/2023,9718415606/15/2023,"Brightline, Inc.Mark:BRIGHTLINES#:97184156","Brightline, Inc.Mark:BRIGHTLINES#:97184156","Project Management Institute, Inc.","Project Management Institute, Inc.",9718415806/15/2023,9718415806/15/2023,"Brightline, Inc.Mark:BRIGHTLINES#:97184158","Brightline, Inc.Mark:BRIGHTLINES#:97184158","Project Management Institute, Inc.","Project Management Institute, Inc.",9042594112/01/2022,9042594112/01/2022,Project KindMark:PROJECT KINDS#:90425941,Project KindMark:PROJECT KINDS#:90425941,KIND Management Inc.,KIND Management Inc.,9042599912/01/2022,9042599912/01/2022,Project KindMark:PROJECT KIND LOVE ONE ANOTHERS#:90425999,Project KindMark:PROJECT KIND LOVE ONE ANOTHERS#:90425999,KIND Management Inc.,KIND Management Inc.,7931902111/21/2022,7931902111/21/2022,"Global PMI Partners, coöperatieve vennootschapMark:GLOBAL PMI PARTNERSS#:79319021","Global PMI Partners, coöperatieve vennootschapMark:GLOBAL PMI PARTNERSS#:79319021","Project Management Institute, Inc.","Project Management Institute, Inc.",9127828108/30/2022,9127828108/30/2022,James Alan DinowMark:THE WONDERFUL AVOCADOS#:97213254,James Alan DinowMark:THE WONDERFUL AVOCADOS#:97213254,The Wonderful Company LLCMark:SIMPLY WONDERFULS#:86372181R#:4715701Mark:THE WONDERFUL ACADEMYS#:88076627R#:5831691Mark:THE WONDERFUL BUTTERFLY PROJECTS#:90604433Mark:WONDERFULS#:77855511R#:3784763Mark:WONDERFULS#:85056771R#:3907814Mark:WONDERFULS#:85056772R#:3907815Mark:WONDERFULS#:85396734R#:4552106Mark:WONDERFULS#:86474680R#:4897336Mark:WONDERFULS#:86513119R#:5223598Mark:WONDERFULS#:86513115R#:5228557Mark:WONDERFULS#:88126012R#:5680760Mark:WONDERFULS#:88259078Mark:WONDERFUL AGENCYS#:88125895R#:5831856Mark:WONDERFUL AGRICULTURAL MANAGEMENTS#:88076699R#:5831693Mark:WONDERFUL ENTERTAINMENTS#:88188386Mark:WONDERFUL GIVINGS#:86213095R#:5105378Mark:WONDERFUL PICTURESS#:88188387R#:6309449Mark:WONDERFUL PISTACHIOSS#:77114811R#:3463342,The Wonderful Company LLCMark:SIMPLY WONDERFULS#:86372181R#:4715701Mark:THE WONDERFUL ACADEMYS#:88076627R#:5831691Mark:THE WONDERFUL BUTTERFLY PROJECTS#:90604433Mark:WONDERFULS#:77855511R#:3784763Mark:WONDERFULS#:85056771R#:3907814Mark:WONDERFULS#:85056772R#:3907815Mark:WONDERFULS#:85396734R#:4552106Mark:WONDERFULS#:86474680R#:4897336Mark:WONDERFULS#:86513119R#:5223598Mark:WONDERFULS#:86513115R#:5228557Mark:WONDERFULS#:88126012R#:5680760Mark:WONDERFULS#:88259078Mark:WONDERFUL AGENCYS#:88125895R#:5831856Mark:WONDERFUL AGRICULTURAL MANAGEMENTS#:88076699R#:5831693Mark:WONDERFUL ENTERTAINMENTS#:88188386Mark:WONDERFUL GIVINGS#:86213095R#:5105378Mark:WONDERFUL PICTURESS#:88188387R#:6309449Mark:WONDERFUL PISTACHIOSS#:77114811R#:3463342,9012944807/28/2022,9012944807/28/2022,BRIGHT LIVE INC.Mark:BRIGHTS#:90129448,BRIGHT LIVE INC.Mark:BRIGHTS#:90129448,"Project Management Institute, Inc.","Project Management Institute, Inc.",Results as of 05/01/2026 01:08 PM,Search again,,v?qs=project%20management&qt=adv&procstatus=All&page=2,4,1,False
"ProceedingFiling DateDefendant(s),Property(ies)Plaintiff(s),Property(ies)9209043912/22/2025Construction Management Institute of the United States of America IncMark:CMI-FSPS#:98514586R#:7661879Project Management Institute, Inc.Mark:PMI SCHEDULING PROFESSIONAL (PMI-SP)S#:77409410R#:3562355Mark:PMI-SPS#:77404162R#:35449189907524210/14/2025SYSTEM OF DISCIPLINED AGILITY INC.Mark:SYSTEM OF DISCIPLINED AGILITYS#:99075242Project Management Institute, Inc.9842928105/09/2025Strategic Project Solutions, Inc.Mark:PROJECT PRODUCTION MANAGEMENTS#:984292819842946705/09/2025Strategic Project Solutions, Inc.Mark:PROJECT PRODUCTION MANAGEMENTS#:984294679208826105/02/2025Royal Mechanical Services, Inc.Mark:ROYAL PROJECT MANAGEMENT FACILITY SOLUTIONSS#:77854928R#:3827316Royal Flush Plumbing, Inc.9864621902/20/2025TBS Project, LLCMark:KIND BUD CLUBS#:98646219KIND Management LLC8828445101/13/2025Project Management Leadership Group, Inc.Mark:CPM BOOT CAMPS#:882844519129330308/14/2024Construction Management Institute of the United States of America Inc.Mark:CMIS#:97469036Project Management Institute, Inc.Mark:PMIS#:75316885R#:2152599Mark:PMIS#:85369948R#:4077281Mark:PMIS#:85516984R#:4303806Mark:PMI AGILE CERTIFIED PRACTITIONER (PMI-ACP)S#:85313092R#:4199533Mark:PMI RISK MANAGEMENT PROFESSIONAL (PMI-RMP)S#:77409467R#:3588673Mark:PMI-RMPS#:77409522R#:35927189129330408/14/2024Construction Management Institute of the United States of America Inc.Mark:CMI ·CONSTRUCTION MANAGEMENT INSTITUTE· USA CONSTRUCTION MANAGEMENT INSTITUTE OF THE USAS#:97469029Project Management Institute, Inc.Mark:P PROJECT MANAGEMENT INSTITUTES#:88673783Mark:PMIS#:75316885R#:2152599Mark:PMIS#:85369948R#:4077281Mark:PMIS#:85516984R#:4303806Mark:PMI AGILE CERTIFIED PRACTITIONER (PMI-ACP)S#:85313092R#:4199533Mark:PMI RISK MANAGEMENT PROFESSIONAL (PMI-RMP)S#:77409467R#:3588673Mark:PMI-RMPS#:77409522R#:3592718Mark:PROJECT MANAGEMENT INSTITUTES#:77679659R#:39203489746902905/03/2024Construction Management Institute of TheUnited States of America Inc.Mark:CMI ·CONSTRUCTION MANAGEMENT INSTITUTE· USA CONSTRUCTION MANAGEMENT INSTITUTE OF THE USAS#:97469029Project Management Institute, Inc.9746903605/03/2024Construction Management Institute of TheUnited States of America Inc.Mark:CMIS#:97469036Project Management Institute, Inc.8867378302/15/2024Project Management Institute, Inc.Mark:P PROJECT MANAGEMENT INSTITUTES#:886737838867380402/15/2024Project Management Institute, Inc.Mark:PS#:886738049208439102/06/2024iCapital Project Management, LLCMark:VODA GROUPS#:87890960R#:5622568FPB DNA Cleaning and Restoration LLCMark:VODA CLEANING & RESTORATIONS#:97796714Mark:VODA CLEANING & RESTORATION VS#:978140339128831411/20/2023Brightline, Inc.Mark:BRIGHTLINES#:97184156Project Management Institute, Inc.Mark:B BRIGHTLINE PROJECT MANAGEMENT INSTITUTES#:88642630R#:6555824Mark:BRIGHTLINES#:87982029R#:6037755Mark:BRIGHTLINES#:87318956R#:63290479128831511/20/2023Brightline, Inc.Mark:BRIGHTLINES#:97184158Project Management Institute, Inc.Mark:B BRIGHTLINE PROJECT MANAGEMENT INSTITUTES#:88642630R#:6555824Mark:BRIGHTLINES#:87982029R#:6037755Mark:BRIGHTLINES#:87318956R#:63290479711628710/23/2023Project Management Institute, Inc.Mark:CONSTRUCTION PROFESSIONAL IN BUILT ENVIRONMENT PROJECTSS#:971162879716457006/15/2023PROJECT MIRACLE IP HOLDINGS, LLCMark:JUKEBXS#:97164570Copperstate Farms Management, LLC9718415606/15/2023Brightline, Inc.Mark:BRIGHTLINES#:97184156Project Management Institute, Inc.9718415806/15/2023Brightline, Inc.Mark:BRIGHTLINES#:97184158Project Management Institute, Inc.9042594112/01/2022Project KindMark:PROJECT KINDS#:90425941KIND Management Inc.9042599912/01/2022Project KindMark:PROJECT KIND LOVE ONE ANOTHERS#:90425999KIND Management Inc.7931902111/21/2022Global PMI Partners, coöperatieve vennootschapMark:GLOBAL PMI PARTNERSS#:79319021Project Management Institute, Inc.9127828108/30/2022James Alan DinowMark:THE WONDERFUL AVOCADOS#:97213254The Wonderful Company LLCMark:SIMPLY WONDERFULS#:86372181R#:4715701Mark:THE WONDERFUL ACADEMYS#:88076627R#:5831691Mark:THE WONDERFUL BUTTERFLY PROJECTS#:90604433Mark:WONDERFULS#:77855511R#:3784763Mark:WONDERFULS#:85056771R#:3907814Mark:WONDERFULS#:85056772R#:3907815Mark:WONDERFULS#:85396734R#:4552106Mark:WONDERFULS#:86474680R#:4897336Mark:WONDERFULS#:86513119R#:5223598Mark:WONDERFULS#:86513115R#:5228557Mark:WONDERFULS#:88126012R#:5680760Mark:WONDERFULS#:88259078Mark:WONDERFUL AGENCYS#:88125895R#:5831856Mark:WONDERFUL AGRICULTURAL MANAGEMENTS#:88076699R#:5831693Mark:WONDERFUL ENTERTAINMENTS#:88188386Mark:WONDERFUL GIVINGS#:86213095R#:5105378Mark:WONDERFUL PICTURESS#:88188387R#:6309449Mark:WONDERFUL PISTACHIOSS#:77114811R#:34633429012944807/28/2022BRIGHT LIVE INC.Mark:BRIGHTS#:90129448Project Management Institute, Inc.",ProceedingFiling Date,ProceedingFiling Date,"Defendant(s),Property(ies)","Defendant(s),Property(ies)","Plaintiff(s),Property(ies)","Plaintiff(s),Property(ies)",9209043912/22/2025,9209043912/22/2025,Construction Management Institute of the United States of America IncMark:CMI-FSPS#:98514586R#:7661879,Construction Management Institute of the United States of America IncMark:CMI-FSPS#:98514586R#:7661879,"Project Management Institute, Inc.Mark:PMI SCHEDULING PROFESSIONAL (PMI-SP)S#:77409410R#:3562355Mark:PMI-SPS#:77404162R#:3544918","Project Management Institute, Inc.Mark:PMI SCHEDULING PROFESSIONAL (PMI-SP)S#:77409410R#:3562355Mark:PMI-SPS#:77404162R#:3544918",9907524210/14/2025,9907524210/14/2025,SYSTEM OF DISCIPLINED AGILITY INC.Mark:SYSTEM OF DISCIPLINED AGILITYS#:99075242,SYSTEM OF DISCIPLINED AGILITY INC.Mark:SYSTEM OF DISCIPLINED AGILITYS#:99075242,"Project Management Institute, Inc.","Project Management Institute, Inc.",9842928105/09/2025,9842928105/09/2025,,,"Strategic Project Solutions, Inc.Mark:PROJECT PRODUCTION MANAGEMENTS#:98429281","Strategic Project Solutions, Inc.Mark:PROJECT PRODUCTION MANAGEMENTS#:98429281",9842946705/09/2025,9842946705/09/2025,,,"Strategic Project Solutions, Inc.Mark:PROJECT PRODUCTION MANAGEMENTS#:98429467","Strategic Project Solutions, Inc.Mark:PROJECT PRODUCTION MANAGEMENTS#:98429467",9208826105/02/2025,9208826105/02/2025,"Royal Mechanical Services, Inc.Mark:ROYAL PROJECT MANAGEMENT FACILITY SOLUTIONSS#:77854928R#:3827316","Royal Mechanical Services, Inc.Mark:ROYAL PROJECT MANAGEMENT FACILITY SOLUTIONSS#:77854928R#:3827316","Royal Flush Plumbing, Inc.","Royal Flush Plumbing, Inc.",9864621902/20/2025,9864621902/20/2025,"TBS Project, LLCMark:KIND BUD CLUBS#:98646219","TBS Project, LLCMark:KIND BUD CLUBS#:98646219",KIND Management LLC,KIND Management LLC,8828445101/13/2025,8828445101/13/2025,,,"Project Management Leadership Group, Inc.Mark:CPM BOOT CAMPS#:88284451","Project Management Leadership Group, Inc.Mark:CPM BOOT CAMPS#:88284451",9129330308/14/2024,9129330308/14/2024,Construction Management Institute of the United States of America Inc.Mark:CMIS#:97469036,Construction Management Institute of the United States of America Inc.Mark:CMIS#:97469036,"Project Management Institute, Inc.Mark:PMIS#:75316885R#:2152599Mark:PMIS#:85369948R#:4077281Mark:PMIS#:85516984R#:4303806Mark:PMI AGILE CERTIFIED PRACTITIONER (PMI-ACP)S#:85313092R#:4199533Mark:PMI RISK MANAGEMENT PROFESSIONAL (PMI-RMP)S#:77409467R#:3588673Mark:PMI-RMPS#:77409522R#:3592718","Project Management Institute, Inc.Mark:PMIS#:75316885R#:2152599Mark:PMIS#:85369948R#:4077281Mark:PMIS#:85516984R#:4303806Mark:PMI AGILE CERTIFIED PRACTITIONER (PMI-ACP)S#:85313092R#:4199533Mark:PMI RISK MANAGEMENT PROFESSIONAL (PMI-RMP)S#:77409467R#:3588673Mark:PMI-RMPS#:77409522R#:3592718",9129330408/14/2024,9129330408/14/2024,Construction Management Institute of the United States of America Inc.Mark:CMI ·CONSTRUCTION MANAGEMENT INSTITUTE· USA CONSTRUCTION MANAGEMENT INSTITUTE OF THE USAS#:97469029,Construction Management Institute of the United States of America Inc.Mark:CMI ·CONSTRUCTION MANAGEMENT INSTITUTE· USA CONSTRUCTION MANAGEMENT INSTITUTE OF THE USAS#:97469029,"Project Management Institute, Inc.Mark:P PROJECT MANAGEMENT INSTITUTES#:88673783Mark:PMIS#:75316885R#:2152599Mark:PMIS#:85369948R#:4077281Mark:PMIS#:85516984R#:4303806Mark:PMI AGILE CERTIFIED PRACTITIONER (PMI-ACP)S#:85313092R#:4199533Mark:PMI RISK MANAGEMENT PROFESSIONAL (PMI-RMP)S#:77409467R#:3588673Mark:PMI-RMPS#:77409522R#:3592718Mark:PROJECT MANAGEMENT INSTITUTES#:77679659R#:3920348","Project Management Institute, Inc.Mark:P PROJECT MANAGEMENT INSTITUTES#:88673783Mark:PMIS#:75316885R#:2152599Mark:PMIS#:85369948R#:4077281Mark:PMIS#:85516984R#:4303806Mark:PMI AGILE CERTIFIED PRACTITIONER (PMI-ACP)S#:85313092R#:4199533Mark:PMI RISK MANAGEMENT PROFESSIONAL (PMI-RMP)S#:77409467R#:3588673Mark:PMI-RMPS#:77409522R#:3592718Mark:PROJECT MANAGEMENT INSTITUTES#:77679659R#:3920348",9746902905/03/2024,9746902905/03/2024,Construction Management Institute of TheUnited States of America Inc.Mark:CMI ·CONSTRUCTION MANAGEMENT INSTITUTE· USA CONSTRUCTION MANAGEMENT INSTITUTE OF THE USAS#:97469029,Construction Management Institute of TheUnited States of America Inc.Mark:CMI ·CONSTRUCTION MANAGEMENT INSTITUTE· USA CONSTRUCTION MANAGEMENT INSTITUTE OF THE USAS#:97469029,"Project Management Institute, Inc.","Project Management Institute, Inc.",9746903605/03/2024,9746903605/03/2024,Construction Management Institute of TheUnited States of America Inc.Mark:CMIS#:97469036,Construction Management Institute of TheUnited States of America Inc.Mark:CMIS#:97469036,"Project Management Institute, Inc.","Project Management Institute, Inc.",8867378302/15/2024,8867378302/15/2024,,,"Project Management Institute, Inc.Mark:P PROJECT MANAGEMENT INSTITUTES#:88673783","Project Management Institute, Inc.Mark:P PROJECT MANAGEMENT INSTITUTES#:88673783",8867380402/15/2024,8867380402/15/2024,,,"Project Management Institute, Inc.Mark:PS#:88673804","Project Management Institute, Inc.Mark:PS#:88673804",9208439102/06/2024,9208439102/06/2024,"iCapital Project Management, LLCMark:VODA GROUPS#:87890960R#:5622568","iCapital Project Management, LLCMark:VODA GROUPS#:87890960R#:5622568",FPB DNA Cleaning and Restoration LLCMark:VODA CLEANING & RESTORATIONS#:97796714Mark:VODA CLEANING & RESTORATION VS#:97814033,FPB DNA Cleaning and Restoration LLCMark:VODA CLEANING & RESTORATIONS#:97796714Mark:VODA CLEANING & RESTORATION VS#:97814033,9128831411/20/2023,9128831411/20/2023,"Brightline, Inc.Mark:BRIGHTLINES#:97184156","Brightline, Inc.Mark:BRIGHTLINES#:97184156","Project Management Institute, Inc.Mark:B BRIGHTLINE PROJECT MANAGEMENT INSTITUTES#:88642630R#:6555824Mark:BRIGHTLINES#:87982029R#:6037755Mark:BRIGHTLINES#:87318956R#:6329047","Project Management Institute, Inc.Mark:B BRIGHTLINE PROJECT MANAGEMENT INSTITUTES#:88642630R#:6555824Mark:BRIGHTLINES#:87982029R#:6037755Mark:BRIGHTLINES#:87318956R#:6329047",9128831511/20/2023,9128831511/20/2023,"Brightline, Inc.Mark:BRIGHTLINES#:97184158","Brightline, Inc.Mark:BRIGHTLINES#:97184158","Project Management Institute, Inc.Mark:B BRIGHTLINE PROJECT MANAGEMENT INSTITUTES#:88642630R#:6555824Mark:BRIGHTLINES#:87982029R#:6037755Mark:BRIGHTLINES#:87318956R#:6329047","Project Management Institute, Inc.Mark:B BRIGHTLINE PROJECT MANAGEMENT INSTITUTES#:88642630R#:6555824Mark:BRIGHTLINES#:87982029R#:6037755Mark:BRIGHTLINES#:87318956R#:6329047",9711628710/23/2023,9711628710/23/2023,,,"Project Management Institute, Inc.Mark:CONSTRUCTION PROFESSIONAL IN BUILT ENVIRONMENT PROJECTSS#:97116287","Project Management Institute, Inc.Mark:CONSTRUCTION PROFESSIONAL IN BUILT ENVIRONMENT PROJECTSS#:97116287",9716457006/15/2023,9716457006/15/2023,"PROJECT MIRACLE IP HOLDINGS, LLCMark:JUKEBXS#:97164570","PROJECT MIRACLE IP HOLDINGS, LLCMark:JUKEBXS#:97164570","Copperstate Farms Management, LLC","Copperstate Farms Management, LLC",9718415606/15/2023,9718415606/15/2023,"Brightline, Inc.Mark:BRIGHTLINES#:97184156","Brightline, Inc.Mark:BRIGHTLINES#:97184156","Project Management Institute, Inc.","Project Management Institute, Inc.",9718415806/15/2023,9718415806/15/2023,"Brightline, Inc.Mark:BRIGHTLINES#:97184158","Brightline, Inc.Mark:BRIGHTLINES#:97184158","Project Management Institute, Inc.","Project Management Institute, Inc.",9042594112/01/2022,9042594112/01/2022,Project KindMark:PROJECT KINDS#:90425941,Project KindMark:PROJECT KINDS#:90425941,KIND Management Inc.,KIND Management Inc.,9042599912/01/2022,9042599912/01/2022,Project KindMark:PROJECT KIND LOVE ONE ANOTHERS#:90425999,Project KindMark:PROJECT KIND LOVE ONE ANOTHERS#:90425999,KIND Management Inc.,KIND Management Inc.,7931902111/21/2022,7931902111/21/2022,"Global PMI Partners, coöperatieve vennootschapMark:GLOBAL PMI PARTNERSS#:79319021","Global PMI Partners, coöperatieve vennootschapMark:GLOBAL PMI PARTNERSS#:79319021","Project Management Institute, Inc.","Project Management Institute, Inc.",9127828108/30/2022,9127828108/30/2022,James Alan DinowMark:THE WONDERFUL AVOCADOS#:97213254,James Alan DinowMark:THE WONDERFUL AVOCADOS#:97213254,The Wonderful Company LLCMark:SIMPLY WONDERFULS#:86372181R#:4715701Mark:THE WONDERFUL ACADEMYS#:88076627R#:5831691Mark:THE WONDERFUL BUTTERFLY PROJECTS#:90604433Mark:WONDERFULS#:77855511R#:3784763Mark:WONDERFULS#:85056771R#:3907814Mark:WONDERFULS#:85056772R#:3907815Mark:WONDERFULS#:85396734R#:4552106Mark:WONDERFULS#:86474680R#:4897336Mark:WONDERFULS#:86513119R#:5223598Mark:WONDERFULS#:86513115R#:5228557Mark:WONDERFULS#:88126012R#:5680760Mark:WONDERFULS#:88259078Mark:WONDERFUL AGENCYS#:88125895R#:5831856Mark:WONDERFUL AGRICULTURAL MANAGEMENTS#:88076699R#:5831693Mark:WONDERFUL ENTERTAINMENTS#:88188386Mark:WONDERFUL GIVINGS#:86213095R#:5105378Mark:WONDERFUL PICTURESS#:88188387R#:6309449Mark:WONDERFUL PISTACHIOSS#:77114811R#:3463342,The Wonderful Company LLCMark:SIMPLY WONDERFULS#:86372181R#:4715701Mark:THE WONDERFUL ACADEMYS#:88076627R#:5831691Mark:THE WONDERFUL BUTTERFLY PROJECTS#:90604433Mark:WONDERFULS#:77855511R#:3784763Mark:WONDERFULS#:85056771R#:3907814Mark:WONDERFULS#:85056772R#:3907815Mark:WONDERFULS#:85396734R#:4552106Mark:WONDERFULS#:86474680R#:4897336Mark:WONDERFULS#:86513119R#:5223598Mark:WONDERFULS#:86513115R#:5228557Mark:WONDERFULS#:88126012R#:5680760Mark:WONDERFULS#:88259078Mark:WONDERFUL AGENCYS#:88125895R#:5831856Mark:WONDERFUL AGRICULTURAL MANAGEMENTS#:88076699R#:5831693Mark:WONDERFUL ENTERTAINMENTS#:88188386Mark:WONDERFUL GIVINGS#:86213095R#:5105378Mark:WONDERFUL PICTURESS#:88188387R#:6309449Mark:WONDERFUL PISTACHIOSS#:77114811R#:3463342,9012944807/28/2022,9012944807/28/2022,BRIGHT LIVE INC.Mark:BRIGHTS#:90129448,BRIGHT LIVE INC.Mark:BRIGHTS#:90129448,"Project Management Institute, Inc.","Project Management Institute, Inc.",,,,,v?pno=92090439&pty=CAN,4,2,False
ProceedingFiling Date,ProceedingFiling Date,"Defendant(s),Property(ies)","Defendant(s),Property(ies)","Plaintiff(s),Property(ies)","Plaintiff(s),Property(ies)",,,,,,,,,,,,,,,,,,,,,,,,,,,,,,,,,,,,,,,,,,,,,,,,,,,,,,,,,,,,,,,,,,,,,,,,,,,,,,,,,,,,,,,,,,,,,,,,,,,,,,,,,,,,,,,,,,,,,,,,,,,,,,,,,,,,,,,,,,,,,,,,,,,,,,,,,,,,,4,3,False
ProceedingFiling Date,,,,,,,,,,,,,,,,,,,,,,,,,,,,,,,,,,,,,,,,,,,,,,,,,,,,,,,,,,,,,,,,,,,,,,,,,,,,,,,,,,,,,,,,,,,,,,,,,,,,,,,,,,,,,,,,,,,,,,,,,,,,,,,,,,,,,,,,,,,,,,,,,,,,,,,,,,,,,,,,,,4,4,False
"Defendant(s),Property(ies)",,,,,,,,,,,,,,,,,,,,,,,,,,,,,,,,,,,,,,,,,,,,,,,,,,,,,,,,,,,,,,,,,,,,,,,,,,,,,,,,,,,,,,,,,,,,,,,,,,,,,,,,,,,,,,,,,,,,,,,,,,,,,,,,,,,,,,,,,,,,,,,,,,,,,,,,,,,,,,,,,,4,5,False
"Plaintiff(s),Property(ies)",,,,,,,,,,,,,,,,,,,,,,,,,,,,,,,,,,,,,,,,,,,,,,,,,,,,,,,,,,,,,,,,,,,,,,,,,,,,,,,,,,,,,,,,,,,,,,,,,,,,,,,,,,,,,,,,,,,,,,,,,,,,,,,,,,,,,,,,,,,,,,,,,,,,,,,,,,,,,,,,,,4,6,False
9209043912/22/2025,9209043912/22/2025,Construction Management Institute of the United States of America IncMark:CMI-FSPS#:98514586R#:7661879,Construction Management Institute of the United States of America IncMark:CMI-FSPS#:98514586R#:7661879,"Project Management Institute, Inc.Mark:PMI SCHEDULING PROFESSIONAL (PMI-SP)S#:77409410R#:3562355Mark:PMI-SPS#:77404162R#:3544918","Project Management Institute, Inc.Mark:PMI SCHEDULING PROFESSIONAL (PMI-SP)S#:77409410R#:3562355Mark:PMI-SPS#:77404162R#:3544918",,,,,,,,,,,,,,,,,,,,,,,,,,,,,,,,,,,,,,,,,,,,,,,,,,,,,,,,,,,,,,,,,,,,,,,,,,,,,,,,,,,,,,,,,,,,,,,,,,,,,,,,,,,,,,,,,,,,,,,,,,,,,,,,,,,,,,,,,,,,,,,,,,,,,,,,,,,,v?pno=92090439&pty=CAN,4,7,False
9209043912/22/2025,,,,,,,,,,,,,,,,,,,,,,,,,,,,,,,,,,,,,,,,,,,,,,,,,,,,,,,,,,,,,,,,,,,,,,,,,,,,,,,,,,,,,,,,,,,,,,,,,,,,,,,,,,,,,,,,,,,,,,,,,,,,,,,,,,,,,,,,,,,,,,,,,,,,,,,,,,,,,,,,,v?pno=92090439&pty=CAN,4,8,False
Construction Management Institute of the United States of America IncMark:CMI-FSPS#:98514586R#:7661879,,,,,,,,,,,,,,,,,,,,,,,,,,,,,,,,,,,,,,,,,,,,,,,,,,,,,,,,,,,,,,,,,,,,,,,,,,,,,,,,,,,,,,,,,,,,,,,,,,,,,,,,,,,,,,,,,,,,,,,,,,,,,,,,,,,,,,,,,,,,,,,,,,,,,,,,,,,,,,,,,v?pnam=Construction%20Management%20Institute%20of%20the%20United%20States%20of%20America%20Inc%20%20,4,9,False
"Project Management Institute, Inc.Mark:PMI SCHEDULING PROFESSIONAL (PMI-SP)S#:77409410R#:3562355Mark:PMI-SPS#:77404162R#:3544918",,,,,,,,,,,,,,,,,,,,,,,,,,,,,,,,,,,,,,,,,,,,,,,,,,,,,,,,,,,,,,,,,,,,,,,,,,,,,,,,,,,,,,,,,,,,,,,,,,,,,,,,,,,,,,,,,,,,,,,,,,,,,,,,,,,,,,,,,,,,,,,,,,,,,,,,,,,,,,,,,"v?pnam=Project%20Management%20Institute,%20Inc.%20%20",4,10,False
9907524210/14/2025,9907524210/14/2025,SYSTEM OF DISCIPLINED AGILITY INC.Mark:SYSTEM OF DISCIPLINED AGILITYS#:99075242,SYSTEM OF DISCIPLINED AGILITY INC.Mark:SYSTEM OF DISCIPLINED AGILITYS#:99075242,"Project Management Institute, Inc.","Project Management Institute, Inc.",,,,,,,,,,,,,,,,,,,,,,,,,,,,,,,,,,,,,,,,,,,,,,,,,,,,,,,,,,,,,,,,,,,,,,,,,,,,,,,,,,,,,,,,,,,,,,,,,,,,,,,,,,,,,,,,,,,,,,,,,,,,,,,,,,,,,,,,,,,,,,,,,,,,,,,,,,,,v?pno=99075242&pty=EXT,4,11,False
9907524210/14/2025,,,,,,,,,,,,,,,,,,,,,,,,,,,,,,,,,,,,,,,,,,,,,,,,,,,,,,,,,,,,,,,,,,,,,,,,,,,,,,,,,,,,,,,,,,,,,,,,,,,,,,,,,,,,,,,,,,,,,,,,,,,,,,,,,,,,,,,,,,,,,,,,,,,,,,,,,,,,,,,,,v?pno=99075242&pty=EXT,4,12,False
SYSTEM OF DISCIPLINED AGILITY INC.Mark:SYSTEM OF DISCIPLINED AGILITYS#:99075242,,,,,,,,,,,,,,,,,,,,,,,,,,,,,,,,,,,,,,,,,,,,,,,,,,,,,,,,,,,,,,,,,,,,,,,,,,,,,,,,,,,,,,,,,,,,,,,,,,,,,,,,,,,,,,,,,,,,,,,,,,,,,,,,,,,,,,,,,,,,,,,,,,,,,,,,,,,,,,,,,v?pnam=SYSTEM%20OF%20DISCIPLINED%20AGILITY%20INC.%20%20,4,13,False
"Project Management Institute, Inc.",,,,,,,,,,,,,,,,,,,,,,,,,,,,,,,,,,,,,,,,,,,,,,,,,,,,,,,,,,,,,,,,,,,,,,,,,,,,,,,,,,,,,,,,,,,,,,,,,,,,,,,,,,,,,,,,,,,,,,,,,,,,,,,,,,,,,,,,,,,,,,,,,,,,,,,,,,,,,,,,,"v?pnam=Project%20Management%20Institute,%20Inc.%20%20",4,14,False
9842928105/09/2025,9842928105/09/2025,,,"Strategic Project Solutions, Inc.Mark:PROJECT PRODUCTION MANAGEMENTS#:98429281","Strategic Project Solutions, Inc.Mark:PROJECT PRODUCTION MANAGEMENTS#:98429281",,,,,,,,,,,,,,,,,,,,,,,,,,,,,,,,,,,,,,,,,,,,,,,,,,,,,,,,,,,,,,,,,,,,,,,,,,,,,,,,,,,,,,,,,,,,,,,,,,,,,,,,,,,,,,,,,,,,,,,,,,,,,,,,,,,,,,,,,,,,,,,,,,,,,,,,,,,,v?pno=98429281&pty=EXA,4,15,False
9842928105/09/2025,,,,,,,,,,,,,,,,,,,,,,,,,,,,,,,,,,,,,,,,,,,,,,,,,,,,,,,,,,,,,,,,,,,,,,,,,,,,,,,,,,,,,,,,,,,,,,,,,,,,,,,,,,,,,,,,,,,,,,,,,,,,,,,,,,,,,,,,,,,,,,,,,,,,,,,,,,,,,,,,,v?pno=98429281&pty=EXA,4,16,False
,,,,,,,,,,,,,,,,,,,,,,,,,,,,,,,,,,,,,,,,,,,,,,,,,,,,,,,,,,,,,,,,,,,,,,,,,,,,,,,,,,,,,,,,,,,,,,,,,,,,,,,,,,,,,,,,,,,,,,,,,,,,,,,,,,,,,,,,,,,,,,,,,,,,,,,,,,,,,,,,,,4,17,False
"Strategic Project Solutions, Inc.Mark:PROJECT PRODUCTION MANAGEMENTS#:98429281",,,,,,,,,,,,,,,,,,,,,,,,,,,,,,,,,,,,,,,,,,,,,,,,,,,,,,,,,,,,,,,,,,,,,,,,,,,,,,,,,,,,,,,,,,,,,,,,,,,,,,,,,,,,,,,,,,,,,,,,,,,,,,,,,,,,,,,,,,,,,,,,,,,,,,,,,,,,,,,,,"v?pnam=Strategic%20Project%20Solutions,%20Inc.%20%20",4,18,False
9842946705/09/2025,9842946705/09/2025,,,"Strategic Project Solutions, Inc.Mark:PROJECT PRODUCTION MANAGEMENTS#:98429467","Strategic Project Solutions, Inc.Mark:PROJECT PRODUCTION MANAGEMENTS#:98429467",,,,,,,,,,,,,,,,,,,,,,,,,,,,,,,,,,,,,,,,,,,,,,,,,,,,,,,,,,,,,,,,,,,,,,,,,,,,,,,,,,,,,,,,,,,,,,,,,,,,,,,,,,,,,,,,,,,,,,,,,,,,,,,,,,,,,,,,,,,,,,,,,,,,,,,,,,,,v?pno=98429467&pty=EXA,4,19,False
9842946705/09/2025,,,,,,,,,,,,,,,,,,,,,,,,,,,,,,,,,,,,,,,,,,,,,,,,,,,,,,,,,,,,,,,,,,,,,,,,,,,,,,,,,,,,,,,,,,,,,,,,,,,,,,,,,,,,,,,,,,,,,,,,,,,,,,,,,,,,,,,,,,,,,,,,,,,,,,,,,,,,,,,,,v?pno=98429467&pty=EXA,4,20,False
,,,,,,,,,,,,,,,,,,,,,,,,,,,,,,,,,,,,,,,,,,,,,,,,,,,,,,,,,,,,,,,,,,,,,,,,,,,,,,,,,,,,,,,,,,,,,,,,,,,,,,,,,,,,,,,,,,,,,,,,,,,,,,,,,,,,,,,,,,,,,,,,,,,,,,,,,,,,,,,,,,4,21,False
"Strategic Project Solutions, Inc.Mark:PROJECT PRODUCTION MANAGEMENTS#:98429467",,,,,,,,,,,,,,,,,,,,,,,,,,,,,,,,,,,,,,,,,,,,,,,,,,,,,,,,,,,,,,,,,,,,,,,,,,,,,,,,,,,,,,,,,,,,,,,,,,,,,,,,,,,,,,,,,,,,,,,,,,,,,,,,,,,,,,,,,,,,,,,,,,,,,,,,,,,,,,,,,"v?pnam=Strategic%20Project%20Solutions,%20Inc.%20%20",4,22,False
9208826105/02/2025,9208826105/02/2025,"Royal Mechanical Services, Inc.Mark:ROYAL PROJECT MANAGEMENT FACILITY SOLUTIONSS#:77854928R#:3827316","Royal Mechanical Services, Inc.Mark:ROYAL PROJECT MANAGEMENT FACILITY SOLUTIONSS#:77854928R#:3827316","Royal Flush Plumbing, Inc.","Royal Flush Plumbing, Inc.",,,,,,,,,,,,,,,,,,,,,,,,,,,,,,,,,,,,,,,,,,,,,,,,,,,,,,,,,,,,,,,,,,,,,,,,,,,,,,,,,,,,,,,,,,,,,,,,,,,,,,,,,,,,,,,,,,,,,,,,,,,,,,,,,,,,,,,,,,,,,,,,,,,,,,,,,,,,v?pno=92088261&pty=CAN,4,23,False
9208826105/02/2025,,,,,,,,,,,,,,,,,,,,,,,,,,,,,,,,,,,,,,,,,,,,,,,,,,,,,,,,,,,,,,,,,,,,,,,,,,,,,,,,,,,,,,,,,,,,,,,,,,,,,,,,,,,,,,,,,,,,,,,,,,,,,,,,,,,,,,,,,,,,,,,,,,,,,,,,,,,,,,,,,v?pno=92088261&pty=CAN,4,24,False
"Royal Mechanical Services, Inc.Mark:ROYAL PROJECT MANAGEMENT FACILITY SOLUTIONSS#:77854928R#:3827316",,,,,,,,,,,,,,,,,,,,,,,,,,,,,,,,,,,,,,,,,,,,,,,,,,,,,,,,,,,,,,,,,,,,,,,,,,,,,,,,,,,,,,,,,,,,,,,,,,,,,,,,,,,,,,,,,,,,,,,,,,,,,,,,,,,,,,,,,,,,,,,,,,,,,,,,,,,,,,,,,"v?pnam=Royal%20Mechanical%20Services,%20Inc.%20%20",4,25,False
"Royal Flush Plumbing, Inc.",,,,,,,,,,,,,,,,,,,,,,,,,,,,,,,,,,,,,,,,,,,,,,,,,,,,,,,,,,,,,,,,,,,,,,,,,,,,,,,,,,,,,,,,,,,,,,,,,,,,,,,,,,,,,,,,,,,,,,,,,,,,,,,,,,,,,,,,,,,,,,,,,,,,,,,,,,,,,,,,,"v?pnam=Royal%20Flush%20Plumbing,%20Inc.%20%20",4,26,False
9864621902/20/2025,9864621902/20/2025,"TBS Project, LLCMark:KIND BUD CLUBS#:98646219","TBS Project, LLCMark:KIND BUD CLUBS#:98646219",KIND Management LLC,KIND Management LLC,,,,,,,,,,,,,,,,,,,,,,,,,,,,,,,,,,,,,,,,,,,,,,,,,,,,,,,,,,,,,,,,,,,,,,,,,,,,,,,,,,,,,,,,,,,,,,,,,,,,,,,,,,,,,,,,,,,,,,,,,,,,,,,,,,,,,,,,,,,,,,,,,,,,,,,,,,,,v?pno=98646219&pty=EXT,4,27,False
9864621902/20/2025,,,,,,,,,,,,,,,,,,,,,,,,,,,,,,,,,,,,,,,,,,,,,,,,,,,,,,,,,,,,,,,,,,,,,,,,,,,,,,,,,,,,,,,,,,,,,,,,,,,,,,,,,,,,,,,,,,,,,,,,,,,,,,,,,,,,,,,,,,,,,,,,,,,,,,,,,,,,,,,,,v?pno=98646219&pty=EXT,4,28,False
"TBS Project, LLCMark:KIND BUD CLUBS#:98646219",,,,,,,,,,,,,,,,,,,,,,,,,,,,,,,,,,,,,,,,,,,,,,,,,,,,,,,,,,,,,,,,,,,,,,,,,,,,,,,,,,,,,,,,,,,,,,,,,,,,,,,,,,,,,,,,,,,,,,,,,,,,,,,,,,,,,,,,,,,,,,,,,,,,,,,,,,,,,,,,,"v?pnam=TBS%20Project,%20LLC%20%20",4,29,False
KIND Management LLC,,,,,,,,,,,,,,,,,,,,,,,,,,,,,,,,,,,,,,,,,,,,,,,,,,,,,,,,,,,,,,,,,,,,,,,,,,,,,,,,,,,,,,,,,,,,,,,,,,,,,,,,,,,,,,,,,,,,,,,,,,,,,,,,,,,,,,,,,,,,,,,,,,,,,,,,,,,,,,,,,v?pnam=KIND%20Management%20LLC%20%20,4,30,False
8828445101/13/2025,8828445101/13/2025,,,"Project Management Leadership Group, Inc.Mark:CPM BOOT CAMPS#:88284451","Project Management Leadership Group, Inc.Mark:CPM BOOT CAMPS#:88284451",,,,,,,,,,,,,,,,,,,,,,,,,,,,,,,,,,,,,,,,,,,,,,,,,,,,,,,,,,,,,,,,,,,,,,,,,,,,,,,,,,,,,,,,,,,,,,,,,,,,,,,,,,,,,,,,,,,,,,,,,,,,,,,,,,,,,,,,,,,,,,,,,,,,,,,,,,,,v?pno=88284451&pty=EXA,4,31,False
8828445101/13/2025,,,,,,,,,,,,,,,,,,,,,,,,,,,,,,,,,,,,,,,,,,,,,,,,,,,,,,,,,,,,,,,,,,,,,,,,,,,,,,,,,,,,,,,,,,,,,,,,,,,,,,,,,,,,,,,,,,,,,,,,,,,,,,,,,,,,,,,,,,,,,,,,,,,,,,,,,,,,,,,,,v?pno=88284451&pty=EXA,4,32,False
,,,,,,,,,,,,,,,,,,,,,,,,,,,,,,,,,,,,,,,,,,,,,,,,,,,,,,,,,,,,,,,,,,,,,,,,,,,,,,,,,,,,,,,,,,,,,,,,,,,,,,,,,,,,,,,,,,,,,,,,,,,,,,,,,,,,,,,,,,,,,,,,,,,,,,,,,,,,,,,,,,4,33,False
"Project Management Leadership Group, Inc.Mark:CPM BOOT CAMPS#:88284451",,,,,,,,,,,,,,,,,,,,,,,,,,,,,,,,,,,,,,,,,,,,,,,,,,,,,,,,,,,,,,,,,,,,,,,,,,,,,,,,,,,,,,,,,,,,,,,,,,,,,,,,,,,,,,,,,,,,,,,,,,,,,,,,,,,,,,,,,,,,,,,,,,,,,,,,,,,,,,,,,"v?pnam=Project%20Management%20Leadership%20Group,%20Inc.%20%20",4,34,False
9129330308/14/2024,9129330308/14/2024,Construction Management Institute of the United States of America Inc.Mark:CMIS#:97469036,Construction Management Institute of the United States of America Inc.Mark:CMIS#:97469036,"Project Management Institute, Inc.Mark:PMIS#:75316885R#:2152599Mark:PMIS#:85369948R#:4077281Mark:PMIS#:85516984R#:4303806Mark:PMI AGILE CERTIFIED PRACTITIONER (PMI-ACP)S#:85313092R#:4199533Mark:PMI RISK MANAGEMENT PROFESSIONAL (PMI-RMP)S#:77409467R#:3588673Mark:PMI-RMPS#:77409522R#:3592718","Project Management Institute, Inc.Mark:PMIS#:75316885R#:2152599Mark:PMIS#:85369948R#:4077281Mark:PMIS#:85516984R#:4303806Mark:PMI AGILE CERTIFIED PRACTITIONER (PMI-ACP)S#:85313092R#:4199533Mark:PMI RISK MANAGEMENT PROFESSIONAL (PMI-RMP)S#:77409467R#:3588673Mark:PMI-RMPS#:77409522R#:3592718",,,,,,,,,,,,,,,,,,,,,,,,,,,,,,,,,,,,,,,,,,,,,,,,,,,,,,,,,,,,,,,,,,,,,,,,,,,,,,,,,,,,,,,,,,,,,,,,,,,,,,,,,,,,,,,,,,,,,,,,,,,,,,,,,,,,,,,,,,,,,,,,,,,,,,,,,,,,v?pno=91293303&pty=OPP,4,35,False
9129330308/14/2024,,,,,,,,,,,,,,,,,,,,,,,,,,,,,,,,,,,,,,,,,,,,,,,,,,,,,,,,,,,,,,,,,,,,,,,,,,,,,,,,,,,,,,,,,,,,,,,,,,,,,,,,,,,,,,,,,,,,,,,,,,,,,,,,,,,,,,,,,,,,,,,,,,,,,,,,,,,,,,,,,v?pno=91293303&pty=OPP,4,36,False
Construction Management Institute of the United States of America Inc.Mark:CMIS#:97469036,,,,,,,,,,,,,,,,,,,,,,,,,,,,,,,,,,,,,,,,,,,,,,,,,,,,,,,,,,,,,,,,,,,,,,,,,,,,,,,,,,,,,,,,,,,,,,,,,,,,,,,,,,,,,,,,,,,,,,,,,,,,,,,,,,,,,,,,,,,,,,,,,,,,,,,,,,,,,,,,,v?pnam=Construction%20Management%20Institute%20of%20the%20United%20States%20of%20America%20Inc.%20%20,4,37,False
"Project Management Institute, Inc.Mark:PMIS#:75316885R#:2152599Mark:PMIS#:85369948R#:4077281Mark:PMIS#:85516984R#:4303806Mark:PMI AGILE CERTIFIED PRACTITIONER (PMI-ACP)S#:85313092R#:4199533Mark:PMI RISK MANAGEMENT PROFESSIONAL (PMI-RMP)S#:77409467R#:3588673Mark:PMI-RMPS#:77409522R#:3592718",,,,,,,,,,,,,,,,,,,,,,,,,,,,,,,,,,,,,,,,,,,,,,,,,,,,,,,,,,,,,,,,,,,,,,,,,,,,,,,,,,,,,,,,,,,,,,,,,,,,,,,,,,,,,,,,,,,,,,,,,,,,,,,,,,,,,,,,,,,,,,,,,,,,,,,,,,,,,,,,,"v?pnam=Project%20Management%20Institute,%20Inc.%20%20",4,38,False
9129330408/14/2024,9129330408/14/2024,Construction Management Institute of the United States of America Inc.Mark:CMI ·CONSTRUCTION MANAGEMENT INSTITUTE· USA CONSTRUCTION MANAGEMENT INSTITUTE OF THE USAS#:97469029,Construction Management Institute of the United States of America Inc.Mark:CMI ·CONSTRUCTION MANAGEMENT INSTITUTE· USA CONSTRUCTION MANAGEMENT INSTITUTE OF THE USAS#:97469029,"Project Management Institute, Inc.Mark:P PROJECT MANAGEMENT INSTITUTES#:88673783Mark:PMIS#:75316885R#:2152599Mark:PMIS#:85369948R#:4077281Mark:PMIS#:85516984R#:4303806Mark:PMI AGILE CERTIFIED PRACTITIONER (PMI-ACP)S#:85313092R#:4199533Mark:PMI RISK MANAGEMENT PROFESSIONAL (PMI-RMP)S#:77409467R#:3588673Mark:PMI-RMPS#:77409522R#:3592718Mark:PROJECT MANAGEMENT INSTITUTES#:77679659R#:3920348","Project Management Institute, Inc.Mark:P PROJECT MANAGEMENT INSTITUTES#:88673783Mark:PMIS#:75316885R#:2152599Mark:PMIS#:85369948R#:4077281Mark:PMIS#:85516984R#:4303806Mark:PMI AGILE CERTIFIED PRACTITIONER (PMI-ACP)S#:85313092R#:4199533Mark:PMI RISK MANAGEMENT PROFESSIONAL (PMI-RMP)S#:77409467R#:3588673Mark:PMI-RMPS#:77409522R#:3592718Mark:PROJECT MANAGEMENT INSTITUTES#:77679659R#:3920348",,,,,,,,,,,,,,,,,,,,,,,,,,,,,,,,,,,,,,,,,,,,,,,,,,,,,,,,,,,,,,,,,,,,,,,,,,,,,,,,,,,,,,,,,,,,,,,,,,,,,,,,,,,,,,,,,,,,,,,,,,,,,,,,,,,,,,,,,,,,,,,,,,,,,,,,,,,,v?pno=91293304&pty=OPP,4,39,False
9129330408/14/2024,,,,,,,,,,,,,,,,,,,,,,,,,,,,,,,,,,,,,,,,,,,,,,,,,,,,,,,,,,,,,,,,,,,,,,,,,,,,,,,,,,,,,,,,,,,,,,,,,,,,,,,,,,,,,,,,,,,,,,,,,,,,,,,,,,,,,,,,,,,,,,,,,,,,,,,,,,,,,,,,,v?pno=91293304&pty=OPP,4,40,False
Construction Management Institute of the United States of America Inc.Mark:CMI ·CONSTRUCTION MANAGEMENT INSTITUTE· USA CONSTRUCTION MANAGEMENT INSTITUTE OF THE USAS#:97469029,,,,,,,,,,,,,,,,,,,,,,,,,,,,,,,,,,,,,,,,,,,,,,,,,,,,,,,,,,,,,,,,,,,,,,,,,,,,,,,,,,,,,,,,,,,,,,,,,,,,,,,,,,,,,,,,,,,,,,,,,,,,,,,,,,,,,,,,,,,,,,,,,,,,,,,,,,,,,,,,,v?pnam=Construction%20Management%20Institute%20of%20the%20United%20States%20of%20America%20Inc.%20%20,4,41,False
"Project Management Institute, Inc.Mark:P PROJECT MANAGEMENT INSTITUTES#:88673783Mark:PMIS#:75316885R#:2152599Mark:PMIS#:85369948R#:4077281Mark:PMIS#:85516984R#:4303806Mark:PMI AGILE CERTIFIED PRACTITIONER (PMI-ACP)S#:85313092R#:4199533Mark:PMI RISK MANAGEMENT PROFESSIONAL (PMI-RMP)S#:77409467R#:3588673Mark:PMI-RMPS#:77409522R#:3592718Mark:PROJECT MANAGEMENT INSTITUTES#:77679659R#:3920348",,,,,,,,,,,,,,,,,,,,,,,,,,,,,,,,,,,,,,,,,,,,,,,,,,,,,,,,,,,,,,,,,,,,,,,,,,,,,,,,,,,,,,,,,,,,,,,,,,,,,,,,,,,,,,,,,,,,,,,,,,,,,,,,,,,,,,,,,,,,,,,,,,,,,,,,,,,,,,,,,"v?pnam=Project%20Management%20Institute,%20Inc.%20%20",4,42,False
9746902905/03/2024,9746902905/03/2024,Construction Management Institute of TheUnited States of America Inc.Mark:CMI ·CONSTRUCTION MANAGEMENT INSTITUTE· USA CONSTRUCTION MANAGEMENT INSTITUTE OF THE USAS#:97469029,Construction Management Institute of TheUnited States of America Inc.Mark:CMI ·CONSTRUCTION MANAGEMENT INSTITUTE· USA CONSTRUCTION MANAGEMENT INSTITUTE OF THE USAS#:97469029,"Project Management Institute, Inc.","Project Management Institute, Inc.",,,,,,,,,,,,,,,,,,,,,,,,,,,,,,,,,,,,,,,,,,,,,,,,,,,,,,,,,,,,,,,,,,,,,,,,,,,,,,,,,,,,,,,,,,,,,,,,,,,,,,,,,,,,,,,,,,,,,,,,,,,,,,,,,,,,,,,,,,,,,,,,,,,,,,,,,,,,v?pno=97469029&pty=EXT,4,43,False
9746902905/03/2024,,,,,,,,,,,,,,,,,,,,,,,,,,,,,,,,,,,,,,,,,,,,,,,,,,,,,,,,,,,,,,,,,,,,,,,,,,,,,,,,,,,,,,,,,,,,,,,,,,,,,,,,,,,,,,,,,,,,,,,,,,,,,,,,,,,,,,,,,,,,,,,,,,,,,,,,,,,,,,,,,v?pno=97469029&pty=EXT,4,44,False
Construction Management Institute of TheUnited States of America Inc.Mark:CMI ·CONSTRUCTION MANAGEMENT INSTITUTE· USA CONSTRUCTION MANAGEMENT INSTITUTE OF THE USAS#:97469029,,,,,,,,,,,,,,,,,,,,,,,,,,,,,,,,,,,,,,,,,,,,,,,,,,,,,,,,,,,,,,,,,,,,,,,,,,,,,,,,,,,,,,,,,,,,,,,,,,,,,,,,,,,,,,,,,,,,,,,,,,,,,,,,,,,,,,,,,,,,,,,,,,,,,,,,,,,,,,,,,v?pnam=Construction%20Management%20Institute%20of%20TheUnited%20States%20of%20America%20Inc.%20%20,4,45,False
"Project Management Institute, Inc.",,,,,,,,,,,,,,,,,,,,,,,,,,,,,,,,,,,,,,,,,,,,,,,,,,,,,,,,,,,,,,,,,,,,,,,,,,,,,,,,,,,,,,,,,,,,,,,,,,,,,,,,,,,,,,,,,,,,,,,,,,,,,,,,,,,,,,,,,,,,,,,,,,,,,,,,,,,,,,,,,"v?pnam=Project%20Management%20Institute,%20Inc.%20%20",4,46,False
9746903605/03/2024,9746903605/03/2024,Construction Management Institute of TheUnited States of America Inc.Mark:CMIS#:97469036,Construction Management Institute of TheUnited States of America Inc.Mark:CMIS#:97469036,"Project Management Institute, Inc.","Project Management Institute, Inc.",,,,,,,,,,,,,,,,,,,,,,,,,,,,,,,,,,,,,,,,,,,,,,,,,,,,,,,,,,,,,,,,,,,,,,,,,,,,,,,,,,,,,,,,,,,,,,,,,,,,,,,,,,,,,,,,,,,,,,,,,,,,,,,,,,,,,,,,,,,,,,,,,,,,,,,,,,,,v?pno=97469036&pty=EXT,4,47,False
9746903605/03/2024,,,,,,,,,,,,,,,,,,,,,,,,,,,,,,,,,,,,,,,,,,,,,,,,,,,,,,,,,,,,,,,,,,,,,,,,,,,,,,,,,,,,,,,,,,,,,,,,,,,,,,,,,,,,,,,,,,,,,,,,,,,,,,,,,,,,,,,,,,,,,,,,,,,,,,,,,,,,,,,,,v?pno=97469036&pty=EXT,4,48,False
Construction Management Institute of TheUnited States of America Inc.Mark:CMIS#:97469036,,,,,,,,,,,,,,,,,,,,,,,,,,,,,,,,,,,,,,,,,,,,,,,,,,,,,,,,,,,,,,,,,,,,,,,,,,,,,,,,,,,,,,,,,,,,,,,,,,,,,,,,,,,,,,,,,,,,,,,,,,,,,,,,,,,,,,,,,,,,,,,,,,,,,,,,,,,,,,,,,v?pnam=Construction%20Management%20Institute%20of%20TheUnited%20States%20of%20America%20Inc.%20%20,4,49,False
"Project Management Institute, Inc.",,,,,,,,,,,,,,,,,,,,,,,,,,,,,,,,,,,,,,,,,,,,,,,,,,,,,,,,,,,,,,,,,,,,,,,,,,,,,,,,,,,,,,,,,,,,,,,,,,,,,,,,,,,,,,,,,,,,,,,,,,,,,,,,,,,,,,,,,,,,,,,,,,,,,,,,,,,,,,,,,"v?pnam=Project%20Management%20Institute,%20Inc.%20%20",4,50,False
8867378302/15/2024,8867378302/15/2024,,,"Project Management Institute, Inc.Mark:P PROJECT MANAGEMENT INSTITUTES#:88673783","Project Management Institute, Inc.Mark:P PROJECT MANAGEMENT INSTITUTES#:88673783",,,,,,,,,,,,,,,,,,,,,,,,,,,,,,,,,,,,,,,,,,,,,,,,,,,,,,,,,,,,,,,,,,,,,,,,,,,,,,,,,,,,,,,,,,,,,,,,,,,,,,,,,,,,,,,,,,,,,,,,,,,,,,,,,,,,,,,,,,,,,,,,,,,,,,,,,,,,v?pno=88673783&pty=EXA,4,51,False
8867378302/15/2024,,,,,,,,,,,,,,,,,,,,,,,,,,,,,,,,,,,,,,,,,,,,,,,,,,,,,,,,,,,,,,,,,,,,,,,,,,,,,,,,,,,,,,,,,,,,,,,,,,,,,,,,,,,,,,,,,,,,,,,,,,,,,,,,,,,,,,,,,,,,,,,,,,,,,,,,,,,,,,,,,v?pno=88673783&pty=EXA,4,52,False
,,,,,,,,,,,,,,,,,,,,,,,,,,,,,,,,,,,,,,,,,,,,,,,,,,,,,,,,,,,,,,,,,,,,,,,,,,,,,,,,,,,,,,,,,,,,,,,,,,,,,,,,,,,,,,,,,,,,,,,,,,,,,,,,,,,,,,,,,,,,,,,,,,,,,,,,,,,,,,,,,,4,53,False
"Project Management Institute, Inc.Mark:P PROJECT MANAGEMENT INSTITUTES#:88673783",,,,,,,,,,,,,,,,,,,,,,,,,,,,,,,,,,,,,,,,,,,,,,,,,,,,,,,,,,,,,,,,,,,,,,,,,,,,,,,,,,,,,,,,,,,,,,,,,,,,,,,,,,,,,,,,,,,,,,,,,,,,,,,,,,,,,,,,,,,,,,,,,,,,,,,,,,,,,,,,,"v?pnam=Project%20Management%20Institute,%20Inc.%20%20",4,54,False
8867380402/15/2024,8867380402/15/2024,,,"Project Management Institute, Inc.Mark:PS#:88673804","Project Management Institute, Inc.Mark:PS#:88673804",,,,,,,,,,,,,,,,,,,,,,,,,,,,,,,,,,,,,,,,,,,,,,,,,,,,,,,,,,,,,,,,,,,,,,,,,,,,,,,,,,,,,,,,,,,,,,,,,,,,,,,,,,,,,,,,,,,,,,,,,,,,,,,,,,,,,,,,,,,,,,,,,,,,,,,,,,,,v?pno=88673804&pty=EXA,4,55,False
8867380402/15/2024,,,,,,,,,,,,,,,,,,,,,,,,,,,,,,,,,,,,,,,,,,,,,,,,,,,,,,,,,,,,,,,,,,,,,,,,,,,,,,,,,,,,,,,,,,,,,,,,,,,,,,,,,,,,,,,,,,,,,,,,,,,,,,,,,,,,,,,,,,,,,,,,,,,,,,,,,,,,,,,,,v?pno=88673804&pty=EXA,4,56,False
,,,,,,,,,,,,,,,,,,,,,,,,,,,,,,,,,,,,,,,,,,,,,,,,,,,,,,,,,,,,,,,,,,,,,,,,,,,,,,,,,,,,,,,,,,,,,,,,,,,,,,,,,,,,,,,,,,,,,,,,,,,,,,,,,,,,,,,,,,,,,,,,,,,,,,,,,,,,,,,,,,4,57,False
"Project Management Institute, Inc.Mark:PS#:88673804",,,,,,,,,,,,,,,,,,,,,,,,,,,,,,,,,,,,,,,,,,,,,,,,,,,,,,,,,,,,,,,,,,,,,,,,,,,,,,,,,,,,,,,,,,,,,,,,,,,,,,,,,,,,,,,,,,,,,,,,,,,,,,,,,,,,,,,,,,,,,,,,,,,,,,,,,,,,,,,,,"v?pnam=Project%20Management%20Institute,%20Inc.%20%20",4,58,False
9208439102/06/2024,9208439102/06/2024,"iCapital Project Management, LLCMark:VODA GROUPS#:87890960R#:5622568","iCapital Project Management, LLCMark:VODA GROUPS#:87890960R#:5622568",FPB DNA Cleaning and Restoration LLCMark:VODA CLEANING & RESTORATIONS#:97796714Mark:VODA CLEANING & RESTORATION VS#:97814033,FPB DNA Cleaning and Restoration LLCMark:VODA CLEANING & RESTORATIONS#:97796714Mark:VODA CLEANING & RESTORATION VS#:97814033,,,,,,,,,,,,,,,,,,,,,,,,,,,,,,,,,,,,,,,,,,,,,,,,,,,,,,,,,,,,,,,,,,,,,,,,,,,,,,,,,,,,,,,,,,,,,,,,,,,,,,,,,,,,,,,,,,,,,,,,,,,,,,,,,,,,,,,,,,,,,,,,,,,,,,,,,,,,v?pno=92084391&pty=CAN,4,59,False
9208439102/06/2024,,,,,,,,,,,,,,,,,,,,,,,,,,,,,,,,,,,,,,,,,,,,,,,,,,,,,,,,,,,,,,,,,,,,,,,,,,,,,,,,,,,,,,,,,,,,,,,,,,,,,,,,,,,,,,,,,,,,,,,,,,,,,,,,,,,,,,,,,,,,,,,,,,,,,,,,,,,,,,,,,v?pno=92084391&pty=CAN,4,60,False
"iCapital Project Management, LLCMark:VODA GROUPS#:87890960R#:5622568",,,,,,,,,,,,,,,,,,,,,,,,,,,,,,,,,,,,,,,,,,,,,,,,,,,,,,,,,,,,,,,,,,,,,,,,,,,,,,,,,,,,,,,,,,,,,,,,,,,,,,,,,,,,,,,,,,,,,,,,,,,,,,,,,,,,,,,,,,,,,,,,,,,,,,,,,,,,,,,,,"v?pnam=iCapital%20Project%20Management,%20LLC%20%20",4,61,False
FPB DNA Cleaning and Restoration LLCMark:VODA CLEANING & RESTORATIONS#:97796714Mark:VODA CLEANING & RESTORATION VS#:97814033,,,,,,,,,,,,,,,,,,,,,,,,,,,,,,,,,,,,,,,,,,,,,,,,,,,,,,,,,,,,,,,,,,,,,,,,,,,,,,,,,,,,,,,,,,,,,,,,,,,,,,,,,,,,,,,,,,,,,,,,,,,,,,,,,,,,,,,,,,,,,,,,,,,,,,,,,,,,,,,,,v?pnam=FPB%20DNA%20Cleaning%20and%20Restoration%20LLC%20%20,4,62,False
9128831411/20/2023,9128831411/20/2023,"Brightline, Inc.Mark:BRIGHTLINES#:97184156","Brightline, Inc.Mark:BRIGHTLINES#:97184156","Project Management Institute, Inc.Mark:B BRIGHTLINE PROJECT MANAGEMENT INSTITUTES#:88642630R#:6555824Mark:BRIGHTLINES#:87982029R#:6037755Mark:BRIGHTLINES#:87318956R#:6329047","Project Management Institute, Inc.Mark:B BRIGHTLINE PROJECT MANAGEMENT INSTITUTES#:88642630R#:6555824Mark:BRIGHTLINES#:87982029R#:6037755Mark:BRIGHTLINES#:87318956R#:6329047",,,,,,,,,,,,,,,,,,,,,,,,,,,,,,,,,,,,,,,,,,,,,,,,,,,,,,,,,,,,,,,,,,,,,,,,,,,,,,,,,,,,,,,,,,,,,,,,,,,,,,,,,,,,,,,,,,,,,,,,,,,,,,,,,,,,,,,,,,,,,,,,,,,,,,,,,,,,v?pno=91288314&pty=OPP,4,63,False
9128831411/20/2023,,,,,,,,,,,,,,,,,,,,,,,,,,,,,,,,,,,,,,,,,,,,,,,,,,,,,,,,,,,,,,,,,,,,,,,,,,,,,,,,,,,,,,,,,,,,,,,,,,,,,,,,,,,,,,,,,,,,,,,,,,,,,,,,,,,,,,,,,,,,,,,,,,,,,,,,,,,,,,,,,v?pno=91288314&pty=OPP,4,64,False
"Brightline, Inc.Mark:BRIGHTLINES#:97184156",,,,,,,,,,,,,,,,,,,,,,,,,,,,,,,,,,,,,,,,,,,,,,,,,,,,,,,,,,,,,,,,,,,,,,,,,,,,,,,,,,,,,,,,,,,,,,,,,,,,,,,,,,,,,,,,,,,,,,,,,,,,,,,,,,,,,,,,,,,,,,,,,,,,,,,,,,,,,,,,,"v?pnam=Brightline,%20Inc.%20%20",4,65,False
"Project Management Institute, Inc.Mark:B BRIGHTLINE PROJECT MANAGEMENT INSTITUTES#:88642630R#:6555824Mark:BRIGHTLINES#:87982029R#:6037755Mark:BRIGHTLINES#:87318956R#:6329047",,,,,,,,,,,,,,,,,,,,,,,,,,,,,,,,,,,,,,,,,,,,,,,,,,,,,,,,,,,,,,,,,,,,,,,,,,,,,,,,,,,,,,,,,,,,,,,,,,,,,,,,,,,,,,,,,,,,,,,,,,,,,,,,,,,,,,,,,,,,,,,,,,,,,,,,,,,,,,,,,"v?pnam=Project%20Management%20Institute,%20Inc.%20%20",4,66,False
9128831511/20/2023,9128831511/20/2023,"Brightline, Inc.Mark:BRIGHTLINES#:97184158","Brightline, Inc.Mark:BRIGHTLINES#:97184158","Project Management Institute, Inc.Mark:B BRIGHTLINE PROJECT MANAGEMENT INSTITUTES#:88642630R#:6555824Mark:BRIGHTLINES#:87982029R#:6037755Mark:BRIGHTLINES#:87318956R#:6329047","Project Management Institute, Inc.Mark:B BRIGHTLINE PROJECT MANAGEMENT INSTITUTES#:88642630R#:6555824Mark:BRIGHTLINES#:87982029R#:6037755Mark:BRIGHTLINES#:87318956R#:6329047",,,,,,,,,,,,,,,,,,,,,,,,,,,,,,,,,,,,,,,,,,,,,,,,,,,,,,,,,,,,,,,,,,,,,,,,,,,,,,,,,,,,,,,,,,,,,,,,,,,,,,,,,,,,,,,,,,,,,,,,,,,,,,,,,,,,,,,,,,,,,,,,,,,,,,,,,,,,v?pno=91288315&pty=OPP,4,67,False
9128831511/20/2023,,,,,,,,,,,,,,,,,,,,,,,,,,,,,,,,,,,,,,,,,,,,,,,,,,,,,,,,,,,,,,,,,,,,,,,,,,,,,,,,,,,,,,,,,,,,,,,,,,,,,,,,,,,,,,,,,,,,,,,,,,,,,,,,,,,,,,,,,,,,,,,,,,,,,,,,,,,,,,,,,v?pno=91288315&pty=OPP,4,68,False
"Brightline, Inc.Mark:BRIGHTLINES#:97184158",,,,,,,,,,,,,,,,,,,,,,,,,,,,,,,,,,,,,,,,,,,,,,,,,,,,,,,,,,,,,,,,,,,,,,,,,,,,,,,,,,,,,,,,,,,,,,,,,,,,,,,,,,,,,,,,,,,,,,,,,,,,,,,,,,,,,,,,,,,,,,,,,,,,,,,,,,,,,,,,,"v?pnam=Brightline,%20Inc.%20%20",4,69,False
"Project Management Institute, Inc.Mark:B BRIGHTLINE PROJECT MANAGEMENT INSTITUTES#:88642630R#:6555824Mark:BRIGHTLINES#:87982029R#:6037755Mark:BRIGHTLINES#:87318956R#:6329047",,,,,,,,,,,,,,,,,,,,,,,,,,,,,,,,,,,,,,,,,,,,,,,,,,,,,,,,,,,,,,,,,,,,,,,,,,,,,,,,,,,,,,,,,,,,,,,,,,,,,,,,,,,,,,,,,,,,,,,,,,,,,,,,,,,,,,,,,,,,,,,,,,,,,,,,,,,,,,,,,"v?pnam=Project%20Management%20Institute,%20Inc.%20%20",4,70,False
9711628710/23/2023,9711628710/23/2023,,,"Project Management Institute, Inc.Mark:CONSTRUCTION PROFESSIONAL IN BUILT ENVIRONMENT PROJECTSS#:97116287","Project Management Institute, Inc.Mark:CONSTRUCTION PROFESSIONAL IN BUILT ENVIRONMENT PROJECTSS#:97116287",,,,,,,,,,,,,,,,,,,,,,,,,,,,,,,,,,,,,,,,,,,,,,,,,,,,,,,,,,,,,,,,,,,,,,,,,,,,,,,,,,,,,,,,,,,,,,,,,,,,,,,,,,,,,,,,,,,,,,,,,,,,,,,,,,,,,,,,,,,,,,,,,,,,,,,,,,,,v?pno=97116287&pty=EXA,4,71,False
9711628710/23/2023,,,,,,,,,,,,,,,,,,,,,,,,,,,,,,,,,,,,,,,,,,,,,,,,,,,,,,,,,,,,,,,,,,,,,,,,,,,,,,,,,,,,,,,,,,,,,,,,,,,,,,,,,,,,,,,,,,,,,,,,,,,,,,,,,,,,,,,,,,,,,,,,,,,,,,,,,,,,,,,,,v?pno=97116287&pty=EXA,4,72,False
,,,,,,,,,,,,,,,,,,,,,,,,,,,,,,,,,,,,,,,,,,,,,,,,,,,,,,,,,,,,,,,,,,,,,,,,,,,,,,,,,,,,,,,,,,,,,,,,,,,,,,,,,,,,,,,,,,,,,,,,,,,,,,,,,,,,,,,,,,,,,,,,,,,,,,,,,,,,,,,,,,4,73,False
"Project Management Institute, Inc.Mark:CONSTRUCTION PROFESSIONAL IN BUILT ENVIRONMENT PROJECTSS#:97116287",,,,,,,,,,,,,,,,,,,,,,,,,,,,,,,,,,,,,,,,,,,,,,,,,,,,,,,,,,,,,,,,,,,,,,,,,,,,,,,,,,,,,,,,,,,,,,,,,,,,,,,,,,,,,,,,,,,,,,,,,,,,,,,,,,,,,,,,,,,,,,,,,,,,,,,,,,,,,,,,,"v?pnam=Project%20Management%20Institute,%20Inc.%20%20",4,74,False
9716457006/15/2023,9716457006/15/2023,"PROJECT MIRACLE IP HOLDINGS, LLCMark:JUKEBXS#:97164570","PROJECT MIRACLE IP HOLDINGS, LLCMark:JUKEBXS#:97164570","Copperstate Farms Management, LLC","Copperstate Farms Management, LLC",,,,,,,,,,,,,,,,,,,,,,,,,,,,,,,,,,,,,,,,,,,,,,,,,,,,,,,,,,,,,,,,,,,,,,,,,,,,,,,,,,,,,,,,,,,,,,,,,,,,,,,,,,,,,,,,,,,,,,,,,,,,,,,,,,,,,,,,,,,,,,,,,,,,,,,,,,,,v?pno=97164570&pty=EXT,4,75,False
9716457006/15/2023,,,,,,,,,,,,,,,,,,,,,,,,,,,,,,,,,,,,,,,,,,,,,,,,,,,,,,,,,,,,,,,,,,,,,,,,,,,,,,,,,,,,,,,,,,,,,,,,,,,,,,,,,,,,,,,,,,,,,,,,,,,,,,,,,,,,,,,,,,,,,,,,,,,,,,,,,,,,,,,,,v?pno=97164570&pty=EXT,4,76,False
"PROJECT MIRACLE IP HOLDINGS, LLCMark:JUKEBXS#:97164570",,,,,,,,,,,,,,,,,,,,,,,,,,,,,,,,,,,,,,,,,,,,,,,,,,,,,,,,,,,,,,,,,,,,,,,,,,,,,,,,,,,,,,,,,,,,,,,,,,,,,,,,,,,,,,,,,,,,,,,,,,,,,,,,,,,,,,,,,,,,,,,,,,,,,,,,,,,,,,,,,"v?pnam=PROJECT%20MIRACLE%20IP%20HOLDINGS,%20LLC%20%20",4,77,False
"Copperstate Farms Management, LLC",,,,,,,,,,,,,,,,,,,,,,,,,,,,,,,,,,,,,,,,,,,,,,,,,,,,,,,,,,,,,,,,,,,,,,,,,,,,,,,,,,,,,,,,,,,,,,,,,,,,,,,,,,,,,,,,,,,,,,,,,,,,,,,,,,,,,,,,,,,,,,,,,,,,,,,,,,,,,,,,,"v?pnam=Copperstate%20Farms%20Management,%20LLC%20%20",4,78,False
9718415606/15/2023,9718415606/15/2023,"Brightline, Inc.Mark:BRIGHTLINES#:97184156","Brightline, Inc.Mark:BRIGHTLINES#:97184156","Project Management Institute, Inc.","Project Management Institute, Inc.",,,,,,,,,,,,,,,,,,,,,,,,,,,,,,,,,,,,,,,,,,,,,,,,,,,,,,,,,,,,,,,,,,,,,,,,,,,,,,,,,,,,,,,,,,,,,,,,,,,,,,,,,,,,,,,,,,,,,,,,,,,,,,,,,,,,,,,,,,,,,,,,,,,,,,,,,,,,v?pno=97184156&pty=EXT,4,79,False
9718415606/15/2023,,,,,,,,,,,,,,,,,,,,,,,,,,,,,,,,,,,,,,,,,,,,,,,,,,,,,,,,,,,,,,,,,,,,,,,,,,,,,,,,,,,,,,,,,,,,,,,,,,,,,,,,,,,,,,,,,,,,,,,,,,,,,,,,,,,,,,,,,,,,,,,,,,,,,,,,,,,,,,,,,v?pno=97184156&pty=EXT,4,80,False
"Brightline, Inc.Mark:BRIGHTLINES#:97184156",,,,,,,,,,,,,,,,,,,,,,,,,,,,,,,,,,,,,,,,,,,,,,,,,,,,,,,,,,,,,,,,,,,,,,,,,,,,,,,,,,,,,,,,,,,,,,,,,,,,,,,,,,,,,,,,,,,,,,,,,,,,,,,,,,,,,,,,,,,,,,,,,,,,,,,,,,,,,,,,,"v?pnam=Brightline,%20Inc.%20%20",4,81,False
"Project Management Institute, Inc.",,,,,,,,,,,,,,,,,,,,,,,,,,,,,,,,,,,,,,,,,,,,,,,,,,,,,,,,,,,,,,,,,,,,,,,,,,,,,,,,,,,,,,,,,,,,,,,,,,,,,,,,,,,,,,,,,,,,,,,,,,,,,,,,,,,,,,,,,,,,,,,,,,,,,,,,,,,,,,,,,"v?pnam=Project%20Management%20Institute,%20Inc.%20%20",4,82,False
9718415806/15/2023,9718415806/15/2023,"Brightline, Inc.Mark:BRIGHTLINES#:97184158","Brightline, Inc.Mark:BRIGHTLINES#:97184158","Project Management Institute, Inc.","Project Management Institute, Inc.",,,,,,,,,,,,,,,,,,,,,,,,,,,,,,,,,,,,,,,,,,,,,,,,,,,,,,,,,,,,,,,,,,,,,,,,,,,,,,,,,,,,,,,,,,,,,,,,,,,,,,,,,,,,,,,,,,,,,,,,,,,,,,,,,,,,,,,,,,,,,,,,,,,,,,,,,,,,v?pno=97184158&pty=EXT,4,83,False
9718415806/15/2023,,,,,,,,,,,,,,,,,,,,,,,,,,,,,,,,,,,,,,,,,,,,,,,,,,,,,,,,,,,,,,,,,,,,,,,,,,,,,,,,,,,,,,,,,,,,,,,,,,,,,,,,,,,,,,,,,,,,,,,,,,,,,,,,,,,,,,,,,,,,,,,,,,,,,,,,,,,,,,,,,v?pno=97184158&pty=EXT,4,84,False
"Brightline, Inc.Mark:BRIGHTLINES#:97184158",,,,,,,,,,,,,,,,,,,,,,,,,,,,,,,,,,,,,,,,,,,,,,,,,,,,,,,,,,,,,,,,,,,,,,,,,,,,,,,,,,,,,,,,,,,,,,,,,,,,,,,,,,,,,,,,,,,,,,,,,,,,,,,,,,,,,,,,,,,,,,,,,,,,,,,,,,,,,,,,,"v?pnam=Brightline,%20Inc.%20%20",4,85,False
"Project Management Institute, Inc.",,,,,,,,,,,,,,,,,,,,,,,,,,,,,,,,,,,,,,,,,,,,,,,,,,,,,,,,,,,,,,,,,,,,,,,,,,,,,,,,,,,,,,,,,,,,,,,,,,,,,,,,,,,,,,,,,,,,,,,,,,,,,,,,,,,,,,,,,,,,,,,,,,,,,,,,,,,,,,,,,"v?pnam=Project%20Management%20Institute,%20Inc.%20%20",4,86,False
9042594112/01/2022,9042594112/01/2022,Project KindMark:PROJECT KINDS#:90425941,Project KindMark:PROJECT KINDS#:90425941,KIND Management Inc.,KIND Management Inc.,,,,,,,,,,,,,,,,,,,,,,,,,,,,,,,,,,,,,,,,,,,,,,,,,,,,,,,,,,,,,,,,,,,,,,,,,,,,,,,,,,,,,,,,,,,,,,,,,,,,,,,,,,,,,,,,,,,,,,,,,,,,,,,,,,,,,,,,,,,,,,,,,,,,,,,,,,,,v?pno=90425941&pty=EXT,4,87,False
9042594112/01/2022,,,,,,,,,,,,,,,,,,,,,,,,,,,,,,,,,,,,,,,,,,,,,,,,,,,,,,,,,,,,,,,,,,,,,,,,,,,,,,,,,,,,,,,,,,,,,,,,,,,,,,,,,,,,,,,,,,,,,,,,,,,,,,,,,,,,,,,,,,,,,,,,,,,,,,,,,,,,,,,,,v?pno=90425941&pty=EXT,4,88,False
Project KindMark:PROJECT KINDS#:90425941,,,,,,,,,,,,,,,,,,,,,,,,,,,,,,,,,,,,,,,,,,,,,,,,,,,,,,,,,,,,,,,,,,,,,,,,,,,,,,,,,,,,,,,,,,,,,,,,,,,,,,,,,,,,,,,,,,,,,,,,,,,,,,,,,,,,,,,,,,,,,,,,,,,,,,,,,,,,,,,,,v?pnam=Project%20Kind%20%20,4,89,False
KIND Management Inc.,,,,,,,,,,,,,,,,,,,,,,,,,,,,,,,,,,,,,,,,,,,,,,,,,,,,,,,,,,,,,,,,,,,,,,,,,,,,,,,,,,,,,,,,,,,,,,,,,,,,,,,,,,,,,,,,,,,,,,,,,,,,,,,,,,,,,,,,,,,,,,,,,,,,,,,,,,,,,,,,,v?pnam=KIND%20Management%20Inc.%20%20,4,90,False
9042599912/01/2022,9042599912/01/2022,Project KindMark:PROJECT KIND LOVE ONE ANOTHERS#:90425999,Project KindMark:PROJECT KIND LOVE ONE ANOTHERS#:90425999,KIND Management Inc.,KIND Management Inc.,,,,,,,,,,,,,,,,,,,,,,,,,,,,,,,,,,,,,,,,,,,,,,,,,,,,,,,,,,,,,,,,,,,,,,,,,,,,,,,,,,,,,,,,,,,,,,,,,,,,,,,,,,,,,,,,,,,,,,,,,,,,,,,,,,,,,,,,,,,,,,,,,,,,,,,,,,,,v?pno=90425999&pty=EXT,4,91,False
9042599912/01/2022,,,,,,,,,,,,,,,,,,,,,,,,,,,,,,,,,,,,,,,,,,,,,,,,,,,,,,,,,,,,,,,,,,,,,,,,,,,,,,,,,,,,,,,,,,,,,,,,,,,,,,,,,,,,,,,,,,,,,,,,,,,,,,,,,,,,,,,,,,,,,,,,,,,,,,,,,,,,,,,,,v?pno=90425999&pty=EXT,4,92,False
Project KindMark:PROJECT KIND LOVE ONE ANOTHERS#:90425999,,,,,,,,,,,,,,,,,,,,,,,,,,,,,,,,,,,,,,,,,,,,,,,,,,,,,,,,,,,,,,,,,,,,,,,,,,,,,,,,,,,,,,,,,,,,,,,,,,,,,,,,,,,,,,,,,,,,,,,,,,,,,,,,,,,,,,,,,,,,,,,,,,,,,,,,,,,,,,,,,v?pnam=Project%20Kind%20%20,4,93,False
KIND Management Inc.,,,,,,,,,,,,,,,,,,,,,,,,,,,,,,,,,,,,,,,,,,,,,,,,,,,,,,,,,,,,,,,,,,,,,,,,,,,,,,,,,,,,,,,,,,,,,,,,,,,,,,,,,,,,,,,,,,,,,,,,,,,,,,,,,,,,,,,,,,,,,,,,,,,,,,,,,,,,,,,,,v?pnam=KIND%20Management%20Inc.%20%20,4,94,False
7931902111/21/2022,7931902111/21/2022,"Global PMI Partners, coöperatieve vennootschapMark:GLOBAL PMI PARTNERSS#:79319021","Global PMI Partners, coöperatieve vennootschapMark:GLOBAL PMI PARTNERSS#:79319021","Project Management Institute, Inc.","Project Management Institute, Inc.",,,,,,,,,,,,,,,,,,,,,,,,,,,,,,,,,,,,,,,,,,,,,,,,,,,,,,,,,,,,,,,,,,,,,,,,,,,,,,,,,,,,,,,,,,,,,,,,,,,,,,,,,,,,,,,,,,,,,,,,,,,,,,,,,,,,,,,,,,,,,,,,,,,,,,,,,,,,v?pno=79319021&pty=EXT,4,95,False
7931902111/21/2022,,,,,,,,,,,,,,,,,,,,,,,,,,,,,,,,,,,,,,,,,,,,,,,,,,,,,,,,,,,,,,,,,,,,,,,,,,,,,,,,,,,,,,,,,,,,,,,,,,,,,,,,,,,,,,,,,,,,,,,,,,,,,,,,,,,,,,,,,,,,,,,,,,,,,,,,,,,,,,,,,v?pno=79319021&pty=EXT,4,96,False
"Global PMI Partners, coöperatieve vennootschapMark:GLOBAL PMI PARTNERSS#:79319021",,,,,,,,,,,,,,,,,,,,,,,,,,,,,,,,,,,,,,,,,,,,,,,,,,,,,,,,,,,,,,,,,,,,,,,,,,,,,,,,,,,,,,,,,,,,,,,,,,,,,,,,,,,,,,,,,,,,,,,,,,,,,,,,,,,,,,,,,,,,,,,,,,,,,,,,,,,,,,,,,"v?pnam=Global%20PMI%20Partners,%20co%C3%B6peratieve%20vennootschap%20%20",4,97,False
"Project Management Institute, Inc.",,,,,,,,,,,,,,,,,,,,,,,,,,,,,,,,,,,,,,,,,,,,,,,,,,,,,,,,,,,,,,,,,,,,,,,,,,,,,,,,,,,,,,,,,,,,,,,,,,,,,,,,,,,,,,,,,,,,,,,,,,,,,,,,,,,,,,,,,,,,,,,,,,,,,,,,,,,,,,,,,"v?pnam=Project%20Management%20Institute,%20Inc.%20%20",4,98,False
9127828108/30/2022,9127828108/30/2022,James Alan DinowMark:THE WONDERFUL AVOCADOS#:97213254,James Alan DinowMark:THE WONDERFUL AVOCADOS#:97213254,The Wonderful Company LLCMark:SIMPLY WONDERFULS#:86372181R#:4715701Mark:THE WONDERFUL ACADEMYS#:88076627R#:5831691Mark:THE WONDERFUL BUTTERFLY PROJECTS#:90604433Mark:WONDERFULS#:77855511R#:3784763Mark:WONDERFULS#:85056771R#:3907814Mark:WONDERFULS#:85056772R#:3907815Mark:WONDERFULS#:85396734R#:4552106Mark:WONDERFULS#:86474680R#:4897336Mark:WONDERFULS#:86513119R#:5223598Mark:WONDERFULS#:86513115R#:5228557Mark:WONDERFULS#:88126012R#:5680760Mark:WONDERFULS#:88259078Mark:WONDERFUL AGENCYS#:88125895R#:5831856Mark:WONDERFUL AGRICULTURAL MANAGEMENTS#:88076699R#:5831693Mark:WONDERFUL ENTERTAINMENTS#:88188386Mark:WONDERFUL GIVINGS#:86213095R#:5105378Mark:WONDERFUL PICTURESS#:88188387R#:6309449Mark:WONDERFUL PISTACHIOSS#:77114811R#:3463342,The Wonderful Company LLCMark:SIMPLY WONDERFULS#:86372181R#:4715701Mark:THE WONDERFUL ACADEMYS#:88076627R#:5831691Mark:THE WONDERFUL BUTTERFLY PROJECTS#:90604433Mark:WONDERFULS#:77855511R#:3784763Mark:WONDERFULS#:85056771R#:3907814Mark:WONDERFULS#:85056772R#:3907815Mark:WONDERFULS#:85396734R#:4552106Mark:WONDERFULS#:86474680R#:4897336Mark:WONDERFULS#:86513119R#:5223598Mark:WONDERFULS#:86513115R#:5228557Mark:WONDERFULS#:88126012R#:5680760Mark:WONDERFULS#:88259078Mark:WONDERFUL AGENCYS#:88125895R#:5831856Mark:WONDERFUL AGRICULTURAL MANAGEMENTS#:88076699R#:5831693Mark:WONDERFUL ENTERTAINMENTS#:88188386Mark:WONDERFUL GIVINGS#:86213095R#:5105378Mark:WONDERFUL PICTURESS#:88188387R#:6309449Mark:WONDERFUL PISTACHIOSS#:77114811R#:3463342,,,,,,,,,,,,,,,,,,,,,,,,,,,,,,,,,,,,,,,,,,,,,,,,,,,,,,,,,,,,,,,,,,,,,,,,,,,,,,,,,,,,,,,,,,,,,,,,,,,,,,,,,,,,,,,,,,,,,,,,,,,,,,,,,,,,,,,,,,,,,,,,,,,,,,,,,,,,v?pno=91278281&pty=OPP,4,99,False
9127828108/30/2022,,,,,,,,,,,,,,,,,,,,,,,,,,,,,,,,,,,,,,,,,,,,,,,,,,,,,,,,,,,,,,,,,,,,,,,,,,,,,,,,,,,,,,,,,,,,,,,,,,,,,,,,,,,,,,,,,,,,,,,,,,,,,,,,,,,,,,,,,,,,,,,,,,,,,,,,,,,,,,,,,v?pno=91278281&pty=OPP,4,100,False
James Alan DinowMark:THE WONDERFUL AVOCADOS#:97213254,,,,,,,,,,,,,,,,,,,,,,,,,,,,,,,,,,,,,,,,,,,,,,,,,,,,,,,,,,,,,,,,,,,,,,,,,,,,,,,,,,,,,,,,,,,,,,,,,,,,,,,,,,,,,,,,,,,,,,,,,,,,,,,,,,,,,,,,,,,,,,,,,,,,,,,,,,,,,,,,,v?pnam=James%20Alan%20Dinow%20%20,4,101,False
The Wonderful Company LLCMark:SIMPLY WONDERFULS#:86372181R#:4715701Mark:THE WONDERFUL ACADEMYS#:88076627R#:5831691Mark:THE WONDERFUL BUTTERFLY PROJECTS#:90604433Mark:WONDERFULS#:77855511R#:3784763Mark:WONDERFULS#:85056771R#:3907814Mark:WONDERFULS#:85056772R#:3907815Mark:WONDERFULS#:85396734R#:4552106Mark:WONDERFULS#:86474680R#:4897336Mark:WONDERFULS#:86513119R#:5223598Mark:WONDERFULS#:86513115R#:5228557Mark:WONDERFULS#:88126012R#:5680760Mark:WONDERFULS#:88259078Mark:WONDERFUL AGENCYS#:88125895R#:5831856Mark:WONDERFUL AGRICULTURAL MANAGEMENTS#:88076699R#:5831693Mark:WONDERFUL ENTERTAINMENTS#:88188386Mark:WONDERFUL GIVINGS#:86213095R#:5105378Mark:WONDERFUL PICTURESS#:88188387R#:6309449Mark:WONDERFUL PISTACHIOSS#:77114811R#:3463342,,,,,,,,,,,,,,,,,,,,,,,,,,,,,,,,,,,,,,,,,,,,,,,,,,,,,,,,,,,,,,,,,,,,,,,,,,,,,,,,,,,,,,,,,,,,,,,,,,,,,,,,,,,,,,,,,,,,,,,,,,,,,,,,,,,,,,,,,,,,,,,,,,,,,,,,,,,,,,,,,v?pnam=The%20Wonderful%20Company%20LLC%20%20,4,102,False
9012944807/28/2022,9012944807/28/2022,BRIGHT LIVE INC.Mark:BRIGHTS#:90129448,BRIGHT LIVE INC.Mark:BRIGHTS#:90129448,"Project Management Institute, Inc.","Project Management Institute, Inc.",,,,,,,,,,,,,,,,,,,,,,,,,,,,,,,,,,,,,,,,,,,,,,,,,,,,,,,,,,,,,,,,,,,,,,,,,,,,,,,,,,,,,,,,,,,,,,,,,,,,,,,,,,,,,,,,,,,,,,,,,,,,,,,,,,,,,,,,,,,,,,,,,,,,,,,,,,,,v?pno=90129448&pty=EXT,4,103,False
9012944807/28/2022,,,,,,,,,,,,,,,,,,,,,,,,,,,,,,,,,,,,,,,,,,,,,,,,,,,,,,,,,,,,,,,,,,,,,,,,,,,,,,,,,,,,,,,,,,,,,,,,,,,,,,,,,,,,,,,,,,,,,,,,,,,,,,,,,,,,,,,,,,,,,,,,,,,,,,,,,,,,,,,,,v?pno=90129448&pty=EXT,4,104,False
BRIGHT LIVE INC.Mark:BRIGHTS#:90129448,,,,,,,,,,,,,,,,,,,,,,,,,,,,,,,,,,,,,,,,,,,,,,,,,,,,,,,,,,,,,,,,,,,,,,,,,,,,,,,,,,,,,,,,,,,,,,,,,,,,,,,,,,,,,,,,,,,,,,,,,,,,,,,,,,,,,,,,,,,,,,,,,,,,,,,,,,,,,,,,,v?pnam=BRIGHT%20LIVE%20INC.%20%20,4,105,False
"Project Management Institute, Inc.",,,,,,,,,,,,,,,,,,,,,,,,,,,,,,,,,,,,,,,,,,,,,,,,,,,,,,,,,,,,,,,,,,,,,,,,,,,,,,,,,,,,,,,,,,,,,,,,,,,,,,,,,,,,,,,,,,,,,,,,,,,,,,,,,,,,,,,,,,,,,,,,,,,,,,,,,,,,,,,,,"v?pnam=Project%20Management%20Institute,%20Inc.%20%20",4,106,False
Results as of 05/01/2026 01:08 PM,Search again,,,,,,,,,,,,,,,,,,,,,,,,,,,,,,,,,,,,,,,,,,,,,,,,,,,,,,,,,,,,,,,,,,,,,,,,,,,,,,,,,,,,,,,,,,,,,,,,,,,,,,,,,,,,,,,,,,,,,,,,,,,,,,,,,,,,,,,,,,,,,,,,,,,,,,,,,,,,,,,,,4,107,False
"SummaryQuery:Document contains all words: PROJECT MANAGEMENTandProceeding Status is: ALLNumber of results:100+Results are in reverse chronological orderPage #1.Go to page:2345NextProceedingFiling DateDefendant(s),Property(ies)Plaintiff(s),Property(ies)9209043912/22/2025Construction Management Institute of the United States of America IncMark:CMI-FSPS#:98514586R#:7661879Project Management Institute, Inc.Mark:PMI SCHEDULING PROFESSIONAL (PMI-SP)S#:77409410R#:3562355Mark:PMI-SPS#:77404162R#:35449189907524210/14/2025SYSTEM OF DISCIPLINED AGILITY INC.Mark:SYSTEM OF DISCIPLINED AGILITYS#:99075242Project Management Institute, Inc.9842928105/09/2025Strategic Project Solutions, Inc.Mark:PROJECT PRODUCTION MANAGEMENTS#:984292819842946705/09/2025Strategic Project Solutions, Inc.Mark:PROJECT PRODUCTION MANAGEMENTS#:984294679208826105/02/2025Royal Mechanical Services, Inc.Mark:ROYAL PROJECT MANAGEMENT FACILITY SOLUTIONSS#:77854928R#:3827316Royal Flush Plumbing, Inc.9864621902/20/2025TBS Project, LLCMark:KIND BUD CLUBS#:98646219KIND Management LLC8828445101/13/2025Project Management Leadership Group, Inc.Mark:CPM BOOT CAMPS#:882844519129330308/14/2024Construction Management Institute of the United States of America Inc.Mark:CMIS#:97469036Project Management Institute, Inc.Mark:PMIS#:75316885R#:2152599Mark:PMIS#:85369948R#:4077281Mark:PMIS#:85516984R#:4303806Mark:PMI AGILE CERTIFIED PRACTITIONER (PMI-ACP)S#:85313092R#:4199533Mark:PMI RISK MANAGEMENT PROFESSIONAL (PMI-RMP)S#:77409467R#:3588673Mark:PMI-RMPS#:77409522R#:35927189129330408/14/2024Construction Management Institute of the United States of America Inc.Mark:CMI ·CONSTRUCTION MANAGEMENT INSTITUTE· USA CONSTRUCTION MANAGEMENT INSTITUTE OF THE USAS#:97469029Project Management Institute, Inc.Mark:P PROJECT MANAGEMENT INSTITUTES#:88673783Mark:PMIS#:75316885R#:2152599Mark:PMIS#:85369948R#:4077281Mark:PMIS#:85516984R#:4303806Mark:PMI AGILE CERTIFIED PRACTITIONER (PMI-ACP)S#:85313092R#:4199533Mark:PMI RISK MANAGEMENT PROFESSIONAL (PMI-RMP)S#:77409467R#:3588673Mark:PMI-RMPS#:77409522R#:3592718Mark:PROJECT MANAGEMENT INSTITUTES#:77679659R#:39203489746902905/03/2024Construction Management Institute of TheUnited States of America Inc.Mark:CMI ·CONSTRUCTION MANAGEMENT INSTITUTE· USA CONSTRUCTION MANAGEMENT INSTITUTE OF THE USAS#:97469029Project Management Institute, Inc.9746903605/03/2024Construction Management Institute of TheUnited States of America Inc.Mark:CMIS#:97469036Project Management Institute, Inc.8867378302/15/2024Project Management Institute, Inc.Mark:P PROJECT MANAGEMENT INSTITUTES#:886737838867380402/15/2024Project Management Institute, Inc.Mark:PS#:886738049208439102/06/2024iCapital Project Management, LLCMark:VODA GROUPS#:87890960R#:5622568FPB DNA Cleaning and Restoration LLCMark:VODA CLEANING & RESTORATIONS#:97796714Mark:VODA CLEANING & RESTORATION VS#:978140339128831411/20/2023Brightline, Inc.Mark:BRIGHTLINES#:97184156Project Management Institute, Inc.Mark:B BRIGHTLINE PROJECT MANAGEMENT INSTITUTES#:88642630R#:6555824Mark:BRIGHTLINES#:87982029R#:6037755Mark:BRIGHTLINES#:87318956R#:63290479128831511/20/2023Brightline, Inc.Mark:BRIGHTLINES#:97184158Project Management Institute, Inc.Mark:B BRIGHTLINE PROJECT MANAGEMENT INSTITUTES#:88642630R#:6555824Mark:BRIGHTLINES#:87982029R#:6037755Mark:BRIGHTLINES#:87318956R#:63290479711628710/23/2023Project Management Institute, Inc.Mark:CONSTRUCTION PROFESSIONAL IN BUILT ENVIRONMENT PROJECTSS#:971162879716457006/15/2023PROJECT MIRACLE IP HOLDINGS, LLCMark:JUKEBXS#:97164570Copperstate Farms Management, LLC9718415606/15/2023Brightline, Inc.Mark:BRIGHTLINES#:97184156Project Management Institute, Inc.9718415806/15/2023Brightline, Inc.Mark:BRIGHTLINES#:97184158Project Management Institute, Inc.9042594112/01/2022Project KindMark:PROJECT KINDS#:90425941KIND Management Inc.9042599912/01/2022Project KindMark:PROJECT KIND LOVE ONE ANOTHERS#:90425999KIND Management Inc.7931902111/21/2022Global PMI Partners, coöperatieve vennootschapMark:GLOBAL PMI PARTNERSS#:79319021Project Management Institute, Inc.9127828108/30/2022James Alan DinowMark:THE WONDERFUL AVOCADOS#:97213254The Wonderful Company LLCMark:SIMPLY WONDERFULS#:86372181R#:4715701Mark:THE WONDERFUL ACADEMYS#:88076627R#:5831691Mark:THE WONDERFUL BUTTERFLY PROJECTS#:90604433Mark:WONDERFULS#:77855511R#:3784763Mark:WONDERFULS#:85056771R#:3907814Mark:WONDERFULS#:85056772R#:3907815Mark:WONDERFULS#:85396734R#:4552106Mark:WONDERFULS#:86474680R#:4897336Mark:WONDERFULS#:86513119R#:5223598Mark:WONDERFULS#:86513115R#:5228557Mark:WONDERFULS#:88126012R#:5680760Mark:WONDERFULS#:88259078Mark:WONDERFUL AGENCYS#:88125895R#:5831856Mark:WONDERFUL AGRICULTURAL MANAGEMENTS#:88076699R#:5831693Mark:WONDERFUL ENTERTAINMENTS#:88188386Mark:WONDERFUL GIVINGS#:86213095R#:5105378Mark:WONDERFUL PICTURESS#:88188387R#:6309449Mark:WONDERFUL PISTACHIOSS#:77114811R#:34633429012944807/28/2022BRIGHT LIVE INC.Mark:BRIGHTS#:90129448Project Management Institute, Inc.Page #1.Go to page:2345NextResults as of 05/01/2026 01:08 PMSearch again","ProceedingFiling DateDefendant(s),Property(ies)Plaintiff(s),Property(ies)9209043912/22/2025Construction Management Institute of the United States of America IncMark:CMI-FSPS#:98514586R#:7661879Project Management Institute, Inc.Mark:PMI SCHEDULING PROFESSIONAL (PMI-SP)S#:77409410R#:3562355Mark:PMI-SPS#:77404162R#:35449189907524210/14/2025SYSTEM OF DISCIPLINED AGILITY INC.Mark:SYSTEM OF DISCIPLINED AGILITYS#:99075242Project Management Institute, Inc.9842928105/09/2025Strategic Project Solutions, Inc.Mark:PROJECT PRODUCTION MANAGEMENTS#:984292819842946705/09/2025Strategic Project Solutions, Inc.Mark:PROJECT PRODUCTION MANAGEMENTS#:984294679208826105/02/2025Royal Mechanical Services, Inc.Mark:ROYAL PROJECT MANAGEMENT FACILITY SOLUTIONSS#:77854928R#:3827316Royal Flush Plumbing, Inc.9864621902/20/2025TBS Project, LLCMark:KIND BUD CLUBS#:98646219KIND Management LLC8828445101/13/2025Project Management Leadership Group, Inc.Mark:CPM BOOT CAMPS#:882844519129330308/14/2024Construction Management Institute of the United States of America Inc.Mark:CMIS#:97469036Project Management Institute, Inc.Mark:PMIS#:75316885R#:2152599Mark:PMIS#:85369948R#:4077281Mark:PMIS#:85516984R#:4303806Mark:PMI AGILE CERTIFIED PRACTITIONER (PMI-ACP)S#:85313092R#:4199533Mark:PMI RISK MANAGEMENT PROFESSIONAL (PMI-RMP)S#:77409467R#:3588673Mark:PMI-RMPS#:77409522R#:35927189129330408/14/2024Construction Management Institute of the United States of America Inc.Mark:CMI ·CONSTRUCTION MANAGEMENT INSTITUTE· USA CONSTRUCTION MANAGEMENT INSTITUTE OF THE USAS#:97469029Project Management Institute, Inc.Mark:P PROJECT MANAGEMENT INSTITUTES#:88673783Mark:PMIS#:75316885R#:2152599Mark:PMIS#:85369948R#:4077281Mark:PMIS#:85516984R#:4303806Mark:PMI AGILE CERTIFIED PRACTITIONER (PMI-ACP)S#:85313092R#:4199533Mark:PMI RISK MANAGEMENT PROFESSIONAL (PMI-RMP)S#:77409467R#:3588673Mark:PMI-RMPS#:77409522R#:3592718Mark:PROJECT MANAGEMENT INSTITUTES#:77679659R#:39203489746902905/03/2024Construction Management Institute of TheUnited States of America Inc.Mark:CMI ·CONSTRUCTION MANAGEMENT INSTITUTE· USA CONSTRUCTION MANAGEMENT INSTITUTE OF THE USAS#:97469029Project Management Institute, Inc.9746903605/03/2024Construction Management Institute of TheUnited States of America Inc.Mark:CMIS#:97469036Project Management Institute, Inc.8867378302/15/2024Project Management Institute, Inc.Mark:P PROJECT MANAGEMENT INSTITUTES#:886737838867380402/15/2024Project Management Institute, Inc.Mark:PS#:886738049208439102/06/2024iCapital Project Management, LLCMark:VODA GROUPS#:87890960R#:5622568FPB DNA Cleaning and Restoration LLCMark:VODA CLEANING & RESTORATIONS#:97796714Mark:VODA CLEANING & RESTORATION VS#:978140339128831411/20/2023Brightline, Inc.Mark:BRIGHTLINES#:97184156Project Management Institute, Inc.Mark:B BRIGHTLINE PROJECT MANAGEMENT INSTITUTES#:88642630R#:6555824Mark:BRIGHTLINES#:87982029R#:6037755Mark:BRIGHTLINES#:87318956R#:63290479128831511/20/2023Brightline, Inc.Mark:BRIGHTLINES#:97184158Project Management Institute, Inc.Mark:B BRIGHTLINE PROJECT MANAGEMENT INSTITUTES#:88642630R#:6555824Mark:BRIGHTLINES#:87982029R#:6037755Mark:BRIGHTLINES#:87318956R#:63290479711628710/23/2023Project Management Institute, Inc.Mark:CONSTRUCTION PROFESSIONAL IN BUILT ENVIRONMENT PROJECTSS#:971162879716457006/15/2023PROJECT MIRACLE IP HOLDINGS, LLCMark:JUKEBXS#:97164570Copperstate Farms Management, LLC9718415606/15/2023Brightline, Inc.Mark:BRIGHTLINES#:97184156Project Management Institute, Inc.9718415806/15/2023Brightline, Inc.Mark:BRIGHTLINES#:97184158Project Management Institute, Inc.9042594112/01/2022Project KindMark:PROJECT KINDS#:90425941KIND Management Inc.9042599912/01/2022Project KindMark:PROJECT KIND LOVE ONE ANOTHERS#:90425999KIND Management Inc.7931902111/21/2022Global PMI Partners, coöperatieve vennootschapMark:GLOBAL PMI PARTNERSS#:79319021Project Management Institute, Inc.9127828108/30/2022James Alan DinowMark:THE WONDERFUL AVOCADOS#:97213254The Wonderful Company LLCMark:SIMPLY WONDERFULS#:86372181R#:4715701Mark:THE WONDERFUL ACADEMYS#:88076627R#:5831691Mark:THE WONDERFUL BUTTERFLY PROJECTS#:90604433Mark:WONDERFULS#:77855511R#:3784763Mark:WONDERFULS#:85056771R#:3907814Mark:WONDERFULS#:85056772R#:3907815Mark:WONDERFULS#:85396734R#:4552106Mark:WONDERFULS#:86474680R#:4897336Mark:WONDERFULS#:86513119R#:5223598Mark:WONDERFULS#:86513115R#:5228557Mark:WONDERFULS#:88126012R#:5680760Mark:WONDERFULS#:88259078Mark:WONDERFUL AGENCYS#:88125895R#:5831856Mark:WONDERFUL AGRICULTURAL MANAGEMENTS#:88076699R#:5831693Mark:WONDERFUL ENTERTAINMENTS#:88188386Mark:WONDERFUL GIVINGS#:86213095R#:5105378Mark:WONDERFUL PICTURESS#:88188387R#:6309449Mark:WONDERFUL PISTACHIOSS#:77114811R#:34633429012944807/28/2022BRIGHT LIVE INC.Mark:BRIGHTS#:90129448Project Management Institute, Inc.",ProceedingFiling Date,ProceedingFiling Date,"Defendant(s),Property(ies)","Defendant(s),Property(ies)","Plaintiff(s),Property(ies)","Plaintiff(s),Property(ies)",9209043912/22/2025,9209043912/22/2025,Construction Management Institute of the United States of America IncMark:CMI-FSPS#:98514586R#:7661879,Construction Management Institute of the United States of America IncMark:CMI-FSPS#:98514586R#:7661879,"Project Management Institute, Inc.Mark:PMI SCHEDULING PROFESSIONAL (PMI-SP)S#:77409410R#:3562355Mark:PMI-SPS#:77404162R#:3544918","Project Management Institute, Inc.Mark:PMI SCHEDULING PROFESSIONAL (PMI-SP)S#:77409410R#:3562355Mark:PMI-SPS#:77404162R#:3544918",9907524210/14/2025,9907524210/14/2025,SYSTEM OF DISCIPLINED AGILITY INC.Mark:SYSTEM OF DISCIPLINED AGILITYS#:99075242,SYSTEM OF DISCIPLINED AGILITY INC.Mark:SYSTEM OF DISCIPLINED AGILITYS#:99075242,"Project Management Institute, Inc.","Project Management Institute, Inc.",9842928105/09/2025,9842928105/09/2025,,,"Strategic Project Solutions, Inc.Mark:PROJECT PRODUCTION MANAGEMENTS#:98429281","Strategic Project Solutions, Inc.Mark:PROJECT PRODUCTION MANAGEMENTS#:98429281",9842946705/09/2025,9842946705/09/2025,,,"Strategic Project Solutions, Inc.Mark:PROJECT PRODUCTION MANAGEMENTS#:98429467","Strategic Project Solutions, Inc.Mark:PROJECT PRODUCTION MANAGEMENTS#:98429467",9208826105/02/2025,9208826105/02/2025,"Royal Mechanical Services, Inc.Mark:ROYAL PROJECT MANAGEMENT FACILITY SOLUTIONSS#:77854928R#:3827316","Royal Mechanical Services, Inc.Mark:ROYAL PROJECT MANAGEMENT FACILITY SOLUTIONSS#:77854928R#:3827316","Royal Flush Plumbing, Inc.","Royal Flush Plumbing, Inc.",9864621902/20/2025,9864621902/20/2025,"TBS Project, LLCMark:KIND BUD CLUBS#:98646219","TBS Project, LLCMark:KIND BUD CLUBS#:98646219",KIND Management LLC,KIND Management LLC,8828445101/13/2025,8828445101/13/2025,,,"Project Management Leadership Group, Inc.Mark:CPM BOOT CAMPS#:88284451","Project Management Leadership Group, Inc.Mark:CPM BOOT CAMPS#:88284451",9129330308/14/2024,9129330308/14/2024,Construction Management Institute of the United States of America Inc.Mark:CMIS#:97469036,Construction Management Institute of the United States of America Inc.Mark:CMIS#:97469036,"Project Management Institute, Inc.Mark:PMIS#:75316885R#:2152599Mark:PMIS#:85369948R#:4077281Mark:PMIS#:85516984R#:4303806Mark:PMI AGILE CERTIFIED PRACTITIONER (PMI-ACP)S#:85313092R#:4199533Mark:PMI RISK MANAGEMENT PROFESSIONAL (PMI-RMP)S#:77409467R#:3588673Mark:PMI-RMPS#:77409522R#:3592718","Project Management Institute, Inc.Mark:PMIS#:75316885R#:2152599Mark:PMIS#:85369948R#:4077281Mark:PMIS#:85516984R#:4303806Mark:PMI AGILE CERTIFIED PRACTITIONER (PMI-ACP)S#:85313092R#:4199533Mark:PMI RISK MANAGEMENT PROFESSIONAL (PMI-RMP)S#:77409467R#:3588673Mark:PMI-RMPS#:77409522R#:3592718",9129330408/14/2024,9129330408/14/2024,Construction Management Institute of the United States of America Inc.Mark:CMI ·CONSTRUCTION MANAGEMENT INSTITUTE· USA CONSTRUCTION MANAGEMENT INSTITUTE OF THE USAS#:97469029,Construction Management Institute of the United States of America Inc.Mark:CMI ·CONSTRUCTION MANAGEMENT INSTITUTE· USA CONSTRUCTION MANAGEMENT INSTITUTE OF THE USAS#:97469029,"Project Management Institute, Inc.Mark:P PROJECT MANAGEMENT INSTITUTES#:88673783Mark:PMIS#:75316885R#:2152599Mark:PMIS#:85369948R#:4077281Mark:PMIS#:85516984R#:4303806Mark:PMI AGILE CERTIFIED PRACTITIONER (PMI-ACP)S#:85313092R#:4199533Mark:PMI RISK MANAGEMENT PROFESSIONAL (PMI-RMP)S#:77409467R#:3588673Mark:PMI-RMPS#:77409522R#:3592718Mark:PROJECT MANAGEMENT INSTITUTES#:77679659R#:3920348","Project Management Institute, Inc.Mark:P PROJECT MANAGEMENT INSTITUTES#:88673783Mark:PMIS#:75316885R#:2152599Mark:PMIS#:85369948R#:4077281Mark:PMIS#:85516984R#:4303806Mark:PMI AGILE CERTIFIED PRACTITIONER (PMI-ACP)S#:85313092R#:4199533Mark:PMI RISK MANAGEMENT PROFESSIONAL (PMI-RMP)S#:77409467R#:3588673Mark:PMI-RMPS#:77409522R#:3592718Mark:PROJECT MANAGEMENT INSTITUTES#:77679659R#:3920348",9746902905/03/2024,9746902905/03/2024,Construction Management Institute of TheUnited States of America Inc.Mark:CMI ·CONSTRUCTION MANAGEMENT INSTITUTE· USA CONSTRUCTION MANAGEMENT INSTITUTE OF THE USAS#:97469029,Construction Management Institute of TheUnited States of America Inc.Mark:CMI ·CONSTRUCTION MANAGEMENT INSTITUTE· USA CONSTRUCTION MANAGEMENT INSTITUTE OF THE USAS#:97469029,"Project Management Institute, Inc.","Project Management Institute, Inc.",9746903605/03/2024,9746903605/03/2024,Construction Management Institute of TheUnited States of America Inc.Mark:CMIS#:97469036,Construction Management Institute of TheUnited States of America Inc.Mark:CMIS#:97469036,"Project Management Institute, Inc.","Project Management Institute, Inc.",8867378302/15/2024,8867378302/15/2024,,,"Project Management Institute, Inc.Mark:P PROJECT MANAGEMENT INSTITUTES#:88673783","Project Management Institute, Inc.Mark:P PROJECT MANAGEMENT INSTITUTES#:88673783",8867380402/15/2024,8867380402/15/2024,,,"Project Management Institute, Inc.Mark:PS#:88673804","Project Management Institute, Inc.Mark:PS#:88673804",9208439102/06/2024,9208439102/06/2024,"iCapital Project Management, LLCMark:VODA GROUPS#:87890960R#:5622568","iCapital Project Management, LLCMark:VODA GROUPS#:87890960R#:5622568",FPB DNA Cleaning and Restoration LLCMark:VODA CLEANING & RESTORATIONS#:97796714Mark:VODA CLEANING & RESTORATION VS#:97814033,FPB DNA Cleaning and Restoration LLCMark:VODA CLEANING & RESTORATIONS#:97796714Mark:VODA CLEANING & RESTORATION VS#:97814033,9128831411/20/2023,9128831411/20/2023,"Brightline, Inc.Mark:BRIGHTLINES#:97184156","Brightline, Inc.Mark:BRIGHTLINES#:97184156","Project Management Institute, Inc.Mark:B BRIGHTLINE PROJECT MANAGEMENT INSTITUTES#:88642630R#:6555824Mark:BRIGHTLINES#:87982029R#:6037755Mark:BRIGHTLINES#:87318956R#:6329047","Project Management Institute, Inc.Mark:B BRIGHTLINE PROJECT MANAGEMENT INSTITUTES#:88642630R#:6555824Mark:BRIGHTLINES#:87982029R#:6037755Mark:BRIGHTLINES#:87318956R#:6329047",9128831511/20/2023,9128831511/20/2023,"Brightline, Inc.Mark:BRIGHTLINES#:97184158","Brightline, Inc.Mark:BRIGHTLINES#:97184158","Project Management Institute, Inc.Mark:B BRIGHTLINE PROJECT MANAGEMENT INSTITUTES#:88642630R#:6555824Mark:BRIGHTLINES#:87982029R#:6037755Mark:BRIGHTLINES#:87318956R#:6329047","Project Management Institute, Inc.Mark:B BRIGHTLINE PROJECT MANAGEMENT INSTITUTES#:88642630R#:6555824Mark:BRIGHTLINES#:87982029R#:6037755Mark:BRIGHTLINES#:87318956R#:6329047",9711628710/23/2023,9711628710/23/2023,,,"Project Management Institute, Inc.Mark:CONSTRUCTION PROFESSIONAL IN BUILT ENVIRONMENT PROJECTSS#:97116287","Project Management Institute, Inc.Mark:CONSTRUCTION PROFESSIONAL IN BUILT ENVIRONMENT PROJECTSS#:97116287",9716457006/15/2023,9716457006/15/2023,"PROJECT MIRACLE IP HOLDINGS, LLCMark:JUKEBXS#:97164570","PROJECT MIRACLE IP HOLDINGS, LLCMark:JUKEBXS#:97164570","Copperstate Farms Management, LLC","Copperstate Farms Management, LLC",9718415606/15/2023,9718415606/15/2023,"Brightline, Inc.Mark:BRIGHTLINES#:97184156","Brightline, Inc.Mark:BRIGHTLINES#:97184156","Project Management Institute, Inc.","Project Management Institute, Inc.",9718415806/15/2023,9718415806/15/2023,"Brightline, Inc.Mark:BRIGHTLINES#:97184158","Brightline, Inc.Mark:BRIGHTLINES#:97184158","Project Management Institute, Inc.","Project Management Institute, Inc.",9042594112/01/2022,9042594112/01/2022,Project KindMark:PROJECT KINDS#:90425941,Project KindMark:PROJECT KINDS#:90425941,KIND Management Inc.,KIND Management Inc.,9042599912/01/2022,9042599912/01/2022,Project KindMark:PROJECT KIND LOVE ONE ANOTHERS#:90425999,Project KindMark:PROJECT KIND LOVE ONE ANOTHERS#:90425999,KIND Management Inc.,KIND Management Inc.,7931902111/21/2022,7931902111/21/2022,"Global PMI Partners, coöperatieve vennootschapMark:GLOBAL PMI PARTNERSS#:79319021","Global PMI Partners, coöperatieve vennootschapMark:GLOBAL PMI PARTNERSS#:79319021","Project Management Institute, Inc.","Project Management Institute, Inc.",9127828108/30/2022,9127828108/30/2022,James Alan DinowMark:THE WONDERFUL AVOCADOS#:97213254,James Alan DinowMark:THE WONDERFUL AVOCADOS#:97213254,The Wonderful Company LLCMark:SIMPLY WONDERFULS#:86372181R#:4715701Mark:THE WONDERFUL ACADEMYS#:88076627R#:5831691Mark:THE WONDERFUL BUTTERFLY PROJECTS#:90604433Mark:WONDERFULS#:77855511R#:3784763Mark:WONDERFULS#:85056771R#:3907814Mark:WONDERFULS#:85056772R#:3907815Mark:WONDERFULS#:85396734R#:4552106Mark:WONDERFULS#:86474680R#:4897336Mark:WONDERFULS#:86513119R#:5223598Mark:WONDERFULS#:86513115R#:5228557Mark:WONDERFULS#:88126012R#:5680760Mark:WONDERFULS#:88259078Mark:WONDERFUL AGENCYS#:88125895R#:5831856Mark:WONDERFUL AGRICULTURAL MANAGEMENTS#:88076699R#:5831693Mark:WONDERFUL ENTERTAINMENTS#:88188386Mark:WONDERFUL GIVINGS#:86213095R#:5105378Mark:WONDERFUL PICTURESS#:88188387R#:6309449Mark:WONDERFUL PISTACHIOSS#:77114811R#:3463342,The Wonderful Company LLCMark:SIMPLY WONDERFULS#:86372181R#:4715701Mark:THE WONDERFUL ACADEMYS#:88076627R#:5831691Mark:THE WONDERFUL BUTTERFLY PROJECTS#:90604433Mark:WONDERFULS#:77855511R#:3784763Mark:WONDERFULS#:85056771R#:3907814Mark:WONDERFULS#:85056772R#:3907815Mark:WONDERFULS#:85396734R#:4552106Mark:WONDERFULS#:86474680R#:4897336Mark:WONDERFULS#:86513119R#:5223598Mark:WONDERFULS#:86513115R#:5228557Mark:WONDERFULS#:88126012R#:5680760Mark:WONDERFULS#:88259078Mark:WONDERFUL AGENCYS#:88125895R#:5831856Mark:WONDERFUL AGRICULTURAL MANAGEMENTS#:88076699R#:5831693Mark:WONDERFUL ENTERTAINMENTS#:88188386Mark:WONDERFUL GIVINGS#:86213095R#:5105378Mark:WONDERFUL PICTURESS#:88188387R#:6309449Mark:WONDERFUL PISTACHIOSS#:77114811R#:3463342,9012944807/28/2022,9012944807/28/2022,BRIGHT LIVE INC.Mark:BRIGHTS#:90129448,BRIGHT LIVE INC.Mark:BRIGHTS#:90129448,"Project Management Institute, Inc.","Project Management Institute, Inc.",Results as of 05/01/2026 01:08 PM,Search again,,v?qs=project%20management&qt=adv&procstatus=All&page=2,5,0,False
"ProceedingFiling DateDefendant(s),Property(ies)Plaintiff(s),Property(ies)9209043912/22/2025Construction Management Institute of the United States of America IncMark:CMI-FSPS#:98514586R#:7661879Project Management Institute, Inc.Mark:PMI SCHEDULING PROFESSIONAL (PMI-SP)S#:77409410R#:3562355Mark:PMI-SPS#:77404162R#:35449189907524210/14/2025SYSTEM OF DISCIPLINED AGILITY INC.Mark:SYSTEM OF DISCIPLINED AGILITYS#:99075242Project Management Institute, Inc.9842928105/09/2025Strategic Project Solutions, Inc.Mark:PROJECT PRODUCTION MANAGEMENTS#:984292819842946705/09/2025Strategic Project Solutions, Inc.Mark:PROJECT PRODUCTION MANAGEMENTS#:984294679208826105/02/2025Royal Mechanical Services, Inc.Mark:ROYAL PROJECT MANAGEMENT FACILITY SOLUTIONSS#:77854928R#:3827316Royal Flush Plumbing, Inc.9864621902/20/2025TBS Project, LLCMark:KIND BUD CLUBS#:98646219KIND Management LLC8828445101/13/2025Project Management Leadership Group, Inc.Mark:CPM BOOT CAMPS#:882844519129330308/14/2024Construction Management Institute of the United States of America Inc.Mark:CMIS#:97469036Project Management Institute, Inc.Mark:PMIS#:75316885R#:2152599Mark:PMIS#:85369948R#:4077281Mark:PMIS#:85516984R#:4303806Mark:PMI AGILE CERTIFIED PRACTITIONER (PMI-ACP)S#:85313092R#:4199533Mark:PMI RISK MANAGEMENT PROFESSIONAL (PMI-RMP)S#:77409467R#:3588673Mark:PMI-RMPS#:77409522R#:35927189129330408/14/2024Construction Management Institute of the United States of America Inc.Mark:CMI ·CONSTRUCTION MANAGEMENT INSTITUTE· USA CONSTRUCTION MANAGEMENT INSTITUTE OF THE USAS#:97469029Project Management Institute, Inc.Mark:P PROJECT MANAGEMENT INSTITUTES#:88673783Mark:PMIS#:75316885R#:2152599Mark:PMIS#:85369948R#:4077281Mark:PMIS#:85516984R#:4303806Mark:PMI AGILE CERTIFIED PRACTITIONER (PMI-ACP)S#:85313092R#:4199533Mark:PMI RISK MANAGEMENT PROFESSIONAL (PMI-RMP)S#:77409467R#:3588673Mark:PMI-RMPS#:77409522R#:3592718Mark:PROJECT MANAGEMENT INSTITUTES#:77679659R#:39203489746902905/03/2024Construction Management Institute of TheUnited States of America Inc.Mark:CMI ·CONSTRUCTION MANAGEMENT INSTITUTE· USA CONSTRUCTION MANAGEMENT INSTITUTE OF THE USAS#:97469029Project Management Institute, Inc.9746903605/03/2024Construction Management Institute of TheUnited States of America Inc.Mark:CMIS#:97469036Project Management Institute, Inc.8867378302/15/2024Project Management Institute, Inc.Mark:P PROJECT MANAGEMENT INSTITUTES#:886737838867380402/15/2024Project Management Institute, Inc.Mark:PS#:886738049208439102/06/2024iCapital Project Management, LLCMark:VODA GROUPS#:87890960R#:5622568FPB DNA Cleaning and Restoration LLCMark:VODA CLEANING & RESTORATIONS#:97796714Mark:VODA CLEANING & RESTORATION VS#:978140339128831411/20/2023Brightline, Inc.Mark:BRIGHTLINES#:97184156Project Management Institute, Inc.Mark:B BRIGHTLINE PROJECT MANAGEMENT INSTITUTES#:88642630R#:6555824Mark:BRIGHTLINES#:87982029R#:6037755Mark:BRIGHTLINES#:87318956R#:63290479128831511/20/2023Brightline, Inc.Mark:BRIGHTLINES#:97184158Project Management Institute, Inc.Mark:B BRIGHTLINE PROJECT MANAGEMENT INSTITUTES#:88642630R#:6555824Mark:BRIGHTLINES#:87982029R#:6037755Mark:BRIGHTLINES#:87318956R#:63290479711628710/23/2023Project Management Institute, Inc.Mark:CONSTRUCTION PROFESSIONAL IN BUILT ENVIRONMENT PROJECTSS#:971162879716457006/15/2023PROJECT MIRACLE IP HOLDINGS, LLCMark:JUKEBXS#:97164570Copperstate Farms Management, LLC9718415606/15/2023Brightline, Inc.Mark:BRIGHTLINES#:97184156Project Management Institute, Inc.9718415806/15/2023Brightline, Inc.Mark:BRIGHTLINES#:97184158Project Management Institute, Inc.9042594112/01/2022Project KindMark:PROJECT KINDS#:90425941KIND Management Inc.9042599912/01/2022Project KindMark:PROJECT KIND LOVE ONE ANOTHERS#:90425999KIND Management Inc.7931902111/21/2022Global PMI Partners, coöperatieve vennootschapMark:GLOBAL PMI PARTNERSS#:79319021Project Management Institute, Inc.9127828108/30/2022James Alan DinowMark:THE WONDERFUL AVOCADOS#:97213254The Wonderful Company LLCMark:SIMPLY WONDERFULS#:86372181R#:4715701Mark:THE WONDERFUL ACADEMYS#:88076627R#:5831691Mark:THE WONDERFUL BUTTERFLY PROJECTS#:90604433Mark:WONDERFULS#:77855511R#:3784763Mark:WONDERFULS#:85056771R#:3907814Mark:WONDERFULS#:85056772R#:3907815Mark:WONDERFULS#:85396734R#:4552106Mark:WONDERFULS#:86474680R#:4897336Mark:WONDERFULS#:86513119R#:5223598Mark:WONDERFULS#:86513115R#:5228557Mark:WONDERFULS#:88126012R#:5680760Mark:WONDERFULS#:88259078Mark:WONDERFUL AGENCYS#:88125895R#:5831856Mark:WONDERFUL AGRICULTURAL MANAGEMENTS#:88076699R#:5831693Mark:WONDERFUL ENTERTAINMENTS#:88188386Mark:WONDERFUL GIVINGS#:86213095R#:5105378Mark:WONDERFUL PICTURESS#:88188387R#:6309449Mark:WONDERFUL PISTACHIOSS#:77114811R#:34633429012944807/28/2022BRIGHT LIVE INC.Mark:BRIGHTS#:90129448Project Management Institute, Inc.",ProceedingFiling Date,ProceedingFiling Date,"Defendant(s),Property(ies)","Defendant(s),Property(ies)","Plaintiff(s),Property(ies)","Plaintiff(s),Property(ies)",9209043912/22/2025,9209043912/22/2025,Construction Management Institute of the United States of America IncMark:CMI-FSPS#:98514586R#:7661879,Construction Management Institute of the United States of America IncMark:CMI-FSPS#:98514586R#:7661879,"Project Management Institute, Inc.Mark:PMI SCHEDULING PROFESSIONAL (PMI-SP)S#:77409410R#:3562355Mark:PMI-SPS#:77404162R#:3544918","Project Management Institute, Inc.Mark:PMI SCHEDULING PROFESSIONAL (PMI-SP)S#:77409410R#:3562355Mark:PMI-SPS#:77404162R#:3544918",9907524210/14/2025,9907524210/14/2025,SYSTEM OF DISCIPLINED AGILITY INC.Mark:SYSTEM OF DISCIPLINED AGILITYS#:99075242,SYSTEM OF DISCIPLINED AGILITY INC.Mark:SYSTEM OF DISCIPLINED AGILITYS#:99075242,"Project Management Institute, Inc.","Project Management Institute, Inc.",9842928105/09/2025,9842928105/09/2025,,,"Strategic Project Solutions, Inc.Mark:PROJECT PRODUCTION MANAGEMENTS#:98429281","Strategic Project Solutions, Inc.Mark:PROJECT PRODUCTION MANAGEMENTS#:98429281",9842946705/09/2025,9842946705/09/2025,,,"Strategic Project Solutions, Inc.Mark:PROJECT PRODUCTION MANAGEMENTS#:98429467","Strategic Project Solutions, Inc.Mark:PROJECT PRODUCTION MANAGEMENTS#:98429467",9208826105/02/2025,9208826105/02/2025,"Royal Mechanical Services, Inc.Mark:ROYAL PROJECT MANAGEMENT FACILITY SOLUTIONSS#:77854928R#:3827316","Royal Mechanical Services, Inc.Mark:ROYAL PROJECT MANAGEMENT FACILITY SOLUTIONSS#:77854928R#:3827316","Royal Flush Plumbing, Inc.","Royal Flush Plumbing, Inc.",9864621902/20/2025,9864621902/20/2025,"TBS Project, LLCMark:KIND BUD CLUBS#:98646219","TBS Project, LLCMark:KIND BUD CLUBS#:98646219",KIND Management LLC,KIND Management LLC,8828445101/13/2025,8828445101/13/2025,,,"Project Management Leadership Group, Inc.Mark:CPM BOOT CAMPS#:88284451","Project Management Leadership Group, Inc.Mark:CPM BOOT CAMPS#:88284451",9129330308/14/2024,9129330308/14/2024,Construction Management Institute of the United States of America Inc.Mark:CMIS#:97469036,Construction Management Institute of the United States of America Inc.Mark:CMIS#:97469036,"Project Management Institute, Inc.Mark:PMIS#:75316885R#:2152599Mark:PMIS#:85369948R#:4077281Mark:PMIS#:85516984R#:4303806Mark:PMI AGILE CERTIFIED PRACTITIONER (PMI-ACP)S#:85313092R#:4199533Mark:PMI RISK MANAGEMENT PROFESSIONAL (PMI-RMP)S#:77409467R#:3588673Mark:PMI-RMPS#:77409522R#:3592718","Project Management Institute, Inc.Mark:PMIS#:75316885R#:2152599Mark:PMIS#:85369948R#:4077281Mark:PMIS#:85516984R#:4303806Mark:PMI AGILE CERTIFIED PRACTITIONER (PMI-ACP)S#:85313092R#:4199533Mark:PMI RISK MANAGEMENT PROFESSIONAL (PMI-RMP)S#:77409467R#:3588673Mark:PMI-RMPS#:77409522R#:3592718",9129330408/14/2024,9129330408/14/2024,Construction Management Institute of the United States of America Inc.Mark:CMI ·CONSTRUCTION MANAGEMENT INSTITUTE· USA CONSTRUCTION MANAGEMENT INSTITUTE OF THE USAS#:97469029,Construction Management Institute of the United States of America Inc.Mark:CMI ·CONSTRUCTION MANAGEMENT INSTITUTE· USA CONSTRUCTION MANAGEMENT INSTITUTE OF THE USAS#:97469029,"Project Management Institute, Inc.Mark:P PROJECT MANAGEMENT INSTITUTES#:88673783Mark:PMIS#:75316885R#:2152599Mark:PMIS#:85369948R#:4077281Mark:PMIS#:85516984R#:4303806Mark:PMI AGILE CERTIFIED PRACTITIONER (PMI-ACP)S#:85313092R#:4199533Mark:PMI RISK MANAGEMENT PROFESSIONAL (PMI-RMP)S#:77409467R#:3588673Mark:PMI-RMPS#:77409522R#:3592718Mark:PROJECT MANAGEMENT INSTITUTES#:77679659R#:3920348","Project Management Institute, Inc.Mark:P PROJECT MANAGEMENT INSTITUTES#:88673783Mark:PMIS#:75316885R#:2152599Mark:PMIS#:85369948R#:4077281Mark:PMIS#:85516984R#:4303806Mark:PMI AGILE CERTIFIED PRACTITIONER (PMI-ACP)S#:85313092R#:4199533Mark:PMI RISK MANAGEMENT PROFESSIONAL (PMI-RMP)S#:77409467R#:3588673Mark:PMI-RMPS#:77409522R#:3592718Mark:PROJECT MANAGEMENT INSTITUTES#:77679659R#:3920348",9746902905/03/2024,9746902905/03/2024,Construction Management Institute of TheUnited States of America Inc.Mark:CMI ·CONSTRUCTION MANAGEMENT INSTITUTE· USA CONSTRUCTION MANAGEMENT INSTITUTE OF THE USAS#:97469029,Construction Management Institute of TheUnited States of America Inc.Mark:CMI ·CONSTRUCTION MANAGEMENT INSTITUTE· USA CONSTRUCTION MANAGEMENT INSTITUTE OF THE USAS#:97469029,"Project Management Institute, Inc.","Project Management Institute, Inc.",9746903605/03/2024,9746903605/03/2024,Construction Management Institute of TheUnited States of America Inc.Mark:CMIS#:97469036,Construction Management Institute of TheUnited States of America Inc.Mark:CMIS#:97469036,"Project Management Institute, Inc.","Project Management Institute, Inc.",8867378302/15/2024,8867378302/15/2024,,,"Project Management Institute, Inc.Mark:P PROJECT MANAGEMENT INSTITUTES#:88673783","Project Management Institute, Inc.Mark:P PROJECT MANAGEMENT INSTITUTES#:88673783",8867380402/15/2024,8867380402/15/2024,,,"Project Management Institute, Inc.Mark:PS#:88673804","Project Management Institute, Inc.Mark:PS#:88673804",9208439102/06/2024,9208439102/06/2024,"iCapital Project Management, LLCMark:VODA GROUPS#:87890960R#:5622568","iCapital Project Management, LLCMark:VODA GROUPS#:87890960R#:5622568",FPB DNA Cleaning and Restoration LLCMark:VODA CLEANING & RESTORATIONS#:97796714Mark:VODA CLEANING & RESTORATION VS#:97814033,FPB DNA Cleaning and Restoration LLCMark:VODA CLEANING & RESTORATIONS#:97796714Mark:VODA CLEANING & RESTORATION VS#:97814033,9128831411/20/2023,9128831411/20/2023,"Brightline, Inc.Mark:BRIGHTLINES#:97184156","Brightline, Inc.Mark:BRIGHTLINES#:97184156","Project Management Institute, Inc.Mark:B BRIGHTLINE PROJECT MANAGEMENT INSTITUTES#:88642630R#:6555824Mark:BRIGHTLINES#:87982029R#:6037755Mark:BRIGHTLINES#:87318956R#:6329047","Project Management Institute, Inc.Mark:B BRIGHTLINE PROJECT MANAGEMENT INSTITUTES#:88642630R#:6555824Mark:BRIGHTLINES#:87982029R#:6037755Mark:BRIGHTLINES#:87318956R#:6329047",9128831511/20/2023,9128831511/20/2023,"Brightline, Inc.Mark:BRIGHTLINES#:97184158","Brightline, Inc.Mark:BRIGHTLINES#:97184158","Project Management Institute, Inc.Mark:B BRIGHTLINE PROJECT MANAGEMENT INSTITUTES#:88642630R#:6555824Mark:BRIGHTLINES#:87982029R#:6037755Mark:BRIGHTLINES#:87318956R#:6329047","Project Management Institute, Inc.Mark:B BRIGHTLINE PROJECT MANAGEMENT INSTITUTES#:88642630R#:6555824Mark:BRIGHTLINES#:87982029R#:6037755Mark:BRIGHTLINES#:87318956R#:6329047",9711628710/23/2023,9711628710/23/2023,,,"Project Management Institute, Inc.Mark:CONSTRUCTION PROFESSIONAL IN BUILT ENVIRONMENT PROJECTSS#:97116287","Project Management Institute, Inc.Mark:CONSTRUCTION PROFESSIONAL IN BUILT ENVIRONMENT PROJECTSS#:97116287",9716457006/15/2023,9716457006/15/2023,"PROJECT MIRACLE IP HOLDINGS, LLCMark:JUKEBXS#:97164570","PROJECT MIRACLE IP HOLDINGS, LLCMark:JUKEBXS#:97164570","Copperstate Farms Management, LLC","Copperstate Farms Management, LLC",9718415606/15/2023,9718415606/15/2023,"Brightline, Inc.Mark:BRIGHTLINES#:97184156","Brightline, Inc.Mark:BRIGHTLINES#:97184156","Project Management Institute, Inc.","Project Management Institute, Inc.",9718415806/15/2023,9718415806/15/2023,"Brightline, Inc.Mark:BRIGHTLINES#:97184158","Brightline, Inc.Mark:BRIGHTLINES#:97184158","Project Management Institute, Inc.","Project Management Institute, Inc.",9042594112/01/2022,9042594112/01/2022,Project KindMark:PROJECT KINDS#:90425941,Project KindMark:PROJECT KINDS#:90425941,KIND Management Inc.,KIND Management Inc.,9042599912/01/2022,9042599912/01/2022,Project KindMark:PROJECT KIND LOVE ONE ANOTHERS#:90425999,Project KindMark:PROJECT KIND LOVE ONE ANOTHERS#:90425999,KIND Management Inc.,KIND Management Inc.,7931902111/21/2022,7931902111/21/2022,"Global PMI Partners, coöperatieve vennootschapMark:GLOBAL PMI PARTNERSS#:79319021","Global PMI Partners, coöperatieve vennootschapMark:GLOBAL PMI PARTNERSS#:79319021","Project Management Institute, Inc.","Project Management Institute, Inc.",9127828108/30/2022,9127828108/30/2022,James Alan DinowMark:THE WONDERFUL AVOCADOS#:97213254,James Alan DinowMark:THE WONDERFUL AVOCADOS#:97213254,The Wonderful Company LLCMark:SIMPLY WONDERFULS#:86372181R#:4715701Mark:THE WONDERFUL ACADEMYS#:88076627R#:5831691Mark:THE WONDERFUL BUTTERFLY PROJECTS#:90604433Mark:WONDERFULS#:77855511R#:3784763Mark:WONDERFULS#:85056771R#:3907814Mark:WONDERFULS#:85056772R#:3907815Mark:WONDERFULS#:85396734R#:4552106Mark:WONDERFULS#:86474680R#:4897336Mark:WONDERFULS#:86513119R#:5223598Mark:WONDERFULS#:86513115R#:5228557Mark:WONDERFULS#:88126012R#:5680760Mark:WONDERFULS#:88259078Mark:WONDERFUL AGENCYS#:88125895R#:5831856Mark:WONDERFUL AGRICULTURAL MANAGEMENTS#:88076699R#:5831693Mark:WONDERFUL ENTERTAINMENTS#:88188386Mark:WONDERFUL GIVINGS#:86213095R#:5105378Mark:WONDERFUL PICTURESS#:88188387R#:6309449Mark:WONDERFUL PISTACHIOSS#:77114811R#:3463342,The Wonderful Company LLCMark:SIMPLY WONDERFULS#:86372181R#:4715701Mark:THE WONDERFUL ACADEMYS#:88076627R#:5831691Mark:THE WONDERFUL BUTTERFLY PROJECTS#:90604433Mark:WONDERFULS#:77855511R#:3784763Mark:WONDERFULS#:85056771R#:3907814Mark:WONDERFULS#:85056772R#:3907815Mark:WONDERFULS#:85396734R#:4552106Mark:WONDERFULS#:86474680R#:4897336Mark:WONDERFULS#:86513119R#:5223598Mark:WONDERFULS#:86513115R#:5228557Mark:WONDERFULS#:88126012R#:5680760Mark:WONDERFULS#:88259078Mark:WONDERFUL AGENCYS#:88125895R#:5831856Mark:WONDERFUL AGRICULTURAL MANAGEMENTS#:88076699R#:5831693Mark:WONDERFUL ENTERTAINMENTS#:88188386Mark:WONDERFUL GIVINGS#:86213095R#:5105378Mark:WONDERFUL PICTURESS#:88188387R#:6309449Mark:WONDERFUL PISTACHIOSS#:77114811R#:3463342,9012944807/28/2022,9012944807/28/2022,BRIGHT LIVE INC.Mark:BRIGHTS#:90129448,BRIGHT LIVE INC.Mark:BRIGHTS#:90129448,"Project Management Institute, Inc.","Project Management Institute, Inc.",,,,,v?pno=92090439&pty=CAN,5,1,False
ProceedingFiling Date,ProceedingFiling Date,"Defendant(s),Property(ies)","Defendant(s),Property(ies)","Plaintiff(s),Property(ies)","Plaintiff(s),Property(ies)",,,,,,,,,,,,,,,,,,,,,,,,,,,,,,,,,,,,,,,,,,,,,,,,,,,,,,,,,,,,,,,,,,,,,,,,,,,,,,,,,,,,,,,,,,,,,,,,,,,,,,,,,,,,,,,,,,,,,,,,,,,,,,,,,,,,,,,,,,,,,,,,,,,,,,,,,,,,,5,2,False
ProceedingFiling Date,,,,,,,,,,,,,,,,,,,,,,,,,,,,,,,,,,,,,,,,,,,,,,,,,,,,,,,,,,,,,,,,,,,,,,,,,,,,,,,,,,,,,,,,,,,,,,,,,,,,,,,,,,,,,,,,,,,,,,,,,,,,,,,,,,,,,,,,,,,,,,,,,,,,,,,,,,,,,,,,,,5,3,False
"Defendant(s),Property(ies)",,,,,,,,,,,,,,,,,,,,,,,,,,,,,,,,,,,,,,,,,,,,,,,,,,,,,,,,,,,,,,,,,,,,,,,,,,,,,,,,,,,,,,,,,,,,,,,,,,,,,,,,,,,,,,,,,,,,,,,,,,,,,,,,,,,,,,,,,,,,,,,,,,,,,,,,,,,,,,,,,,5,4,False
"Plaintiff(s),Property(ies)",,,,,,,,,,,,,,,,,,,,,,,,,,,,,,,,,,,,,,,,,,,,,,,,,,,,,,,,,,,,,,,,,,,,,,,,,,,,,,,,,,,,,,,,,,,,,,,,,,,,,,,,,,,,,,,,,,,,,,,,,,,,,,,,,,,,,,,,,,,,,,,,,,,,,,,,,,,,,,,,,,5,5,False
9209043912/22/2025,9209043912/22/2025,Construction Management Institute of the United States of America IncMark:CMI-FSPS#:98514586R#:7661879,Construction Management Institute of the United States of America IncMark:CMI-FSPS#:98514586R#:7661879,"Project Management Institute, Inc.Mark:PMI SCHEDULING PROFESSIONAL (PMI-SP)S#:77409410R#:3562355Mark:PMI-SPS#:77404162R#:3544918","Project Management Institute, Inc.Mark:PMI SCHEDULING PROFESSIONAL (PMI-SP)S#:77409410R#:3562355Mark:PMI-SPS#:77404162R#:3544918",,,,,,,,,,,,,,,,,,,,,,,,,,,,,,,,,,,,,,,,,,,,,,,,,,,,,,,,,,,,,,,,,,,,,,,,,,,,,,,,,,,,,,,,,,,,,,,,,,,,,,,,,,,,,,,,,,,,,,,,,,,,,,,,,,,,,,,,,,,,,,,,,,,,,,,,,,,,v?pno=92090439&pty=CAN,5,6,False
9209043912/22/2025,,,,,,,,,,,,,,,,,,,,,,,,,,,,,,,,,,,,,,,,,,,,,,,,,,,,,,,,,,,,,,,,,,,,,,,,,,,,,,,,,,,,,,,,,,,,,,,,,,,,,,,,,,,,,,,,,,,,,,,,,,,,,,,,,,,,,,,,,,,,,,,,,,,,,,,,,,,,,,,,,v?pno=92090439&pty=CAN,5,7,False
Construction Management Institute of the United States of America IncMark:CMI-FSPS#:98514586R#:7661879,,,,,,,,,,,,,,,,,,,,,,,,,,,,,,,,,,,,,,,,,,,,,,,,,,,,,,,,,,,,,,,,,,,,,,,,,,,,,,,,,,,,,,,,,,,,,,,,,,,,,,,,,,,,,,,,,,,,,,,,,,,,,,,,,,,,,,,,,,,,,,,,,,,,,,,,,,,,,,,,,v?pnam=Construction%20Management%20Institute%20of%20the%20United%20States%20of%20America%20Inc%20%20,5,8,False
"Project Management Institute, Inc.Mark:PMI SCHEDULING PROFESSIONAL (PMI-SP)S#:77409410R#:3562355Mark:PMI-SPS#:77404162R#:3544918",,,,,,,,,,,,,,,,,,,,,,,,,,,,,,,,,,,,,,,,,,,,,,,,,,,,,,,,,,,,,,,,,,,,,,,,,,,,,,,,,,,,,,,,,,,,,,,,,,,,,,,,,,,,,,,,,,,,,,,,,,,,,,,,,,,,,,,,,,,,,,,,,,,,,,,,,,,,,,,,,"v?pnam=Project%20Management%20Institute,%20Inc.%20%20",5,9,False
9907524210/14/2025,9907524210/14/2025,SYSTEM OF DISCIPLINED AGILITY INC.Mark:SYSTEM OF DISCIPLINED AGILITYS#:99075242,SYSTEM OF DISCIPLINED AGILITY INC.Mark:SYSTEM OF DISCIPLINED AGILITYS#:99075242,"Project Management Institute, Inc.","Project Management Institute, Inc.",,,,,,,,,,,,,,,,,,,,,,,,,,,,,,,,,,,,,,,,,,,,,,,,,,,,,,,,,,,,,,,,,,,,,,,,,,,,,,,,,,,,,,,,,,,,,,,,,,,,,,,,,,,,,,,,,,,,,,,,,,,,,,,,,,,,,,,,,,,,,,,,,,,,,,,,,,,,v?pno=99075242&pty=EXT,5,10,False
9907524210/14/2025,,,,,,,,,,,,,,,,,,,,,,,,,,,,,,,,,,,,,,,,,,,,,,,,,,,,,,,,,,,,,,,,,,,,,,,,,,,,,,,,,,,,,,,,,,,,,,,,,,,,,,,,,,,,,,,,,,,,,,,,,,,,,,,,,,,,,,,,,,,,,,,,,,,,,,,,,,,,,,,,,v?pno=99075242&pty=EXT,5,11,False
SYSTEM OF DISCIPLINED AGILITY INC.Mark:SYSTEM OF DISCIPLINED AGILITYS#:99075242,,,,,,,,,,,,,,,,,,,,,,,,,,,,,,,,,,,,,,,,,,,,,,,,,,,,,,,,,,,,,,,,,,,,,,,,,,,,,,,,,,,,,,,,,,,,,,,,,,,,,,,,,,,,,,,,,,,,,,,,,,,,,,,,,,,,,,,,,,,,,,,,,,,,,,,,,,,,,,,,,v?pnam=SYSTEM%20OF%20DISCIPLINED%20AGILITY%20INC.%20%20,5,12,False
"Project Management Institute, Inc.",,,,,,,,,,,,,,,,,,,,,,,,,,,,,,,,,,,,,,,,,,,,,,,,,,,,,,,,,,,,,,,,,,,,,,,,,,,,,,,,,,,,,,,,,,,,,,,,,,,,,,,,,,,,,,,,,,,,,,,,,,,,,,,,,,,,,,,,,,,,,,,,,,,,,,,,,,,,,,,,,"v?pnam=Project%20Management%20Institute,%20Inc.%20%20",5,13,False
9842928105/09/2025,9842928105/09/2025,,,"Strategic Project Solutions, Inc.Mark:PROJECT PRODUCTION MANAGEMENTS#:98429281","Strategic Project Solutions, Inc.Mark:PROJECT PRODUCTION MANAGEMENTS#:98429281",,,,,,,,,,,,,,,,,,,,,,,,,,,,,,,,,,,,,,,,,,,,,,,,,,,,,,,,,,,,,,,,,,,,,,,,,,,,,,,,,,,,,,,,,,,,,,,,,,,,,,,,,,,,,,,,,,,,,,,,,,,,,,,,,,,,,,,,,,,,,,,,,,,,,,,,,,,,v?pno=98429281&pty=EXA,5,14,False
9842928105/09/2025,,,,,,,,,,,,,,,,,,,,,,,,,,,,,,,,,,,,,,,,,,,,,,,,,,,,,,,,,,,,,,,,,,,,,,,,,,,,,,,,,,,,,,,,,,,,,,,,,,,,,,,,,,,,,,,,,,,,,,,,,,,,,,,,,,,,,,,,,,,,,,,,,,,,,,,,,,,,,,,,,v?pno=98429281&pty=EXA,5,15,False
,,,,,,,,,,,,,,,,,,,,,,,,,,,,,,,,,,,,,,,,,,,,,,,,,,,,,,,,,,,,,,,,,,,,,,,,,,,,,,,,,,,,,,,,,,,,,,,,,,,,,,,,,,,,,,,,,,,,,,,,,,,,,,,,,,,,,,,,,,,,,,,,,,,,,,,,,,,,,,,,,,5,16,False
"Strategic Project Solutions, Inc.Mark:PROJECT PRODUCTION MANAGEMENTS#:98429281",,,,,,,,,,,,,,,,,,,,,,,,,,,,,,,,,,,,,,,,,,,,,,,,,,,,,,,,,,,,,,,,,,,,,,,,,,,,,,,,,,,,,,,,,,,,,,,,,,,,,,,,,,,,,,,,,,,,,,,,,,,,,,,,,,,,,,,,,,,,,,,,,,,,,,,,,,,,,,,,,"v?pnam=Strategic%20Project%20Solutions,%20Inc.%20%20",5,17,False
9842946705/09/2025,9842946705/09/2025,,,"Strategic Project Solutions, Inc.Mark:PROJECT PRODUCTION MANAGEMENTS#:98429467","Strategic Project Solutions, Inc.Mark:PROJECT PRODUCTION MANAGEMENTS#:98429467",,,,,,,,,,,,,,,,,,,,,,,,,,,,,,,,,,,,,,,,,,,,,,,,,,,,,,,,,,,,,,,,,,,,,,,,,,,,,,,,,,,,,,,,,,,,,,,,,,,,,,,,,,,,,,,,,,,,,,,,,,,,,,,,,,,,,,,,,,,,,,,,,,,,,,,,,,,,v?pno=98429467&pty=EXA,5,18,False
9842946705/09/2025,,,,,,,,,,,,,,,,,,,,,,,,,,,,,,,,,,,,,,,,,,,,,,,,,,,,,,,,,,,,,,,,,,,,,,,,,,,,,,,,,,,,,,,,,,,,,,,,,,,,,,,,,,,,,,,,,,,,,,,,,,,,,,,,,,,,,,,,,,,,,,,,,,,,,,,,,,,,,,,,,v?pno=98429467&pty=EXA,5,19,False
,,,,,,,,,,,,,,,,,,,,,,,,,,,,,,,,,,,,,,,,,,,,,,,,,,,,,,,,,,,,,,,,,,,,,,,,,,,,,,,,,,,,,,,,,,,,,,,,,,,,,,,,,,,,,,,,,,,,,,,,,,,,,,,,,,,,,,,,,,,,,,,,,,,,,,,,,,,,,,,,,,5,20,False
"Strategic Project Solutions, Inc.Mark:PROJECT PRODUCTION MANAGEMENTS#:98429467",,,,,,,,,,,,,,,,,,,,,,,,,,,,,,,,,,,,,,,,,,,,,,,,,,,,,,,,,,,,,,,,,,,,,,,,,,,,,,,,,,,,,,,,,,,,,,,,,,,,,,,,,,,,,,,,,,,,,,,,,,,,,,,,,,,,,,,,,,,,,,,,,,,,,,,,,,,,,,,,,"v?pnam=Strategic%20Project%20Solutions,%20Inc.%20%20",5,21,False
9208826105/02/2025,9208826105/02/2025,"Royal Mechanical Services, Inc.Mark:ROYAL PROJECT MANAGEMENT FACILITY SOLUTIONSS#:77854928R#:3827316","Royal Mechanical Services, Inc.Mark:ROYAL PROJECT MANAGEMENT FACILITY SOLUTIONSS#:77854928R#:3827316","Royal Flush Plumbing, Inc.","Royal Flush Plumbing, Inc.",,,,,,,,,,,,,,,,,,,,,,,,,,,,,,,,,,,,,,,,,,,,,,,,,,,,,,,,,,,,,,,,,,,,,,,,,,,,,,,,,,,,,,,,,,,,,,,,,,,,,,,,,,,,,,,,,,,,,,,,,,,,,,,,,,,,,,,,,,,,,,,,,,,,,,,,,,,,v?pno=92088261&pty=CAN,5,22,False
9208826105/02/2025,,,,,,,,,,,,,,,,,,,,,,,,,,,,,,,,,,,,,,,,,,,,,,,,,,,,,,,,,,,,,,,,,,,,,,,,,,,,,,,,,,,,,,,,,,,,,,,,,,,,,,,,,,,,,,,,,,,,,,,,,,,,,,,,,,,,,,,,,,,,,,,,,,,,,,,,,,,,,,,,,v?pno=92088261&pty=CAN,5,23,False
"Royal Mechanical Services, Inc.Mark:ROYAL PROJECT MANAGEMENT FACILITY SOLUTIONSS#:77854928R#:3827316",,,,,,,,,,,,,,,,,,,,,,,,,,,,,,,,,,,,,,,,,,,,,,,,,,,,,,,,,,,,,,,,,,,,,,,,,,,,,,,,,,,,,,,,,,,,,,,,,,,,,,,,,,,,,,,,,,,,,,,,,,,,,,,,,,,,,,,,,,,,,,,,,,,,,,,,,,,,,,,,,"v?pnam=Royal%20Mechanical%20Services,%20Inc.%20%20",5,24,False
"Royal Flush Plumbing, Inc.",,,,,,,,,,,,,,,,,,,,,,,,,,,,,,,,,,,,,,,,,,,,,,,,,,,,,,,,,,,,,,,,,,,,,,,,,,,,,,,,,,,,,,,,,,,,,,,,,,,,,,,,,,,,,,,,,,,,,,,,,,,,,,,,,,,,,,,,,,,,,,,,,,,,,,,,,,,,,,,,,"v?pnam=Royal%20Flush%20Plumbing,%20Inc.%20%20",5,25,False
9864621902/20/2025,9864621902/20/2025,"TBS Project, LLCMark:KIND BUD CLUBS#:98646219","TBS Project, LLCMark:KIND BUD CLUBS#:98646219",KIND Management LLC,KIND Management LLC,,,,,,,,,,,,,,,,,,,,,,,,,,,,,,,,,,,,,,,,,,,,,,,,,,,,,,,,,,,,,,,,,,,,,,,,,,,,,,,,,,,,,,,,,,,,,,,,,,,,,,,,,,,,,,,,,,,,,,,,,,,,,,,,,,,,,,,,,,,,,,,,,,,,,,,,,,,,v?pno=98646219&pty=EXT,5,26,False
9864621902/20/2025,,,,,,,,,,,,,,,,,,,,,,,,,,,,,,,,,,,,,,,,,,,,,,,,,,,,,,,,,,,,,,,,,,,,,,,,,,,,,,,,,,,,,,,,,,,,,,,,,,,,,,,,,,,,,,,,,,,,,,,,,,,,,,,,,,,,,,,,,,,,,,,,,,,,,,,,,,,,,,,,,v?pno=98646219&pty=EXT,5,27,False
"TBS Project, LLCMark:KIND BUD CLUBS#:98646219",,,,,,,,,,,,,,,,,,,,,,,,,,,,,,,,,,,,,,,,,,,,,,,,,,,,,,,,,,,,,,,,,,,,,,,,,,,,,,,,,,,,,,,,,,,,,,,,,,,,,,,,,,,,,,,,,,,,,,,,,,,,,,,,,,,,,,,,,,,,,,,,,,,,,,,,,,,,,,,,,"v?pnam=TBS%20Project,%20LLC%20%20",5,28,False
KIND Management LLC,,,,,,,,,,,,,,,,,,,,,,,,,,,,,,,,,,,,,,,,,,,,,,,,,,,,,,,,,,,,,,,,,,,,,,,,,,,,,,,,,,,,,,,,,,,,,,,,,,,,,,,,,,,,,,,,,,,,,,,,,,,,,,,,,,,,,,,,,,,,,,,,,,,,,,,,,,,,,,,,,v?pnam=KIND%20Management%20LLC%20%20,5,29,False
8828445101/13/2025,8828445101/13/2025,,,"Project Management Leadership Group, Inc.Mark:CPM BOOT CAMPS#:88284451","Project Management Leadership Group, Inc.Mark:CPM BOOT CAMPS#:88284451",,,,,,,,,,,,,,,,,,,,,,,,,,,,,,,,,,,,,,,,,,,,,,,,,,,,,,,,,,,,,,,,,,,,,,,,,,,,,,,,,,,,,,,,,,,,,,,,,,,,,,,,,,,,,,,,,,,,,,,,,,,,,,,,,,,,,,,,,,,,,,,,,,,,,,,,,,,,v?pno=88284451&pty=EXA,5,30,False
8828445101/13/2025,,,,,,,,,,,,,,,,,,,,,,,,,,,,,,,,,,,,,,,,,,,,,,,,,,,,,,,,,,,,,,,,,,,,,,,,,,,,,,,,,,,,,,,,,,,,,,,,,,,,,,,,,,,,,,,,,,,,,,,,,,,,,,,,,,,,,,,,,,,,,,,,,,,,,,,,,,,,,,,,,v?pno=88284451&pty=EXA,5,31,False
,,,,,,,,,,,,,,,,,,,,,,,,,,,,,,,,,,,,,,,,,,,,,,,,,,,,,,,,,,,,,,,,,,,,,,,,,,,,,,,,,,,,,,,,,,,,,,,,,,,,,,,,,,,,,,,,,,,,,,,,,,,,,,,,,,,,,,,,,,,,,,,,,,,,,,,,,,,,,,,,,,5,32,False
"Project Management Leadership Group, Inc.Mark:CPM BOOT CAMPS#:88284451",,,,,,,,,,,,,,,,,,,,,,,,,,,,,,,,,,,,,,,,,,,,,,,,,,,,,,,,,,,,,,,,,,,,,,,,,,,,,,,,,,,,,,,,,,,,,,,,,,,,,,,,,,,,,,,,,,,,,,,,,,,,,,,,,,,,,,,,,,,,,,,,,,,,,,,,,,,,,,,,,"v?pnam=Project%20Management%20Leadership%20Group,%20Inc.%20%20",5,33,False
9129330308/14/2024,9129330308/14/2024,Construction Management Institute of the United States of America Inc.Mark:CMIS#:97469036,Construction Management Institute of the United States of America Inc.Mark:CMIS#:97469036,"Project Management Institute, Inc.Mark:PMIS#:75316885R#:2152599Mark:PMIS#:85369948R#:4077281Mark:PMIS#:85516984R#:4303806Mark:PMI AGILE CERTIFIED PRACTITIONER (PMI-ACP)S#:85313092R#:4199533Mark:PMI RISK MANAGEMENT PROFESSIONAL (PMI-RMP)S#:77409467R#:3588673Mark:PMI-RMPS#:77409522R#:3592718","Project Management Institute, Inc.Mark:PMIS#:75316885R#:2152599Mark:PMIS#:85369948R#:4077281Mark:PMIS#:85516984R#:4303806Mark:PMI AGILE CERTIFIED PRACTITIONER (PMI-ACP)S#:85313092R#:4199533Mark:PMI RISK MANAGEMENT PROFESSIONAL (PMI-RMP)S#:77409467R#:3588673Mark:PMI-RMPS#:77409522R#:3592718",,,,,,,,,,,,,,,,,,,,,,,,,,,,,,,,,,,,,,,,,,,,,,,,,,,,,,,,,,,,,,,,,,,,,,,,,,,,,,,,,,,,,,,,,,,,,,,,,,,,,,,,,,,,,,,,,,,,,,,,,,,,,,,,,,,,,,,,,,,,,,,,,,,,,,,,,,,,v?pno=91293303&pty=OPP,5,34,False
9129330308/14/2024,,,,,,,,,,,,,,,,,,,,,,,,,,,,,,,,,,,,,,,,,,,,,,,,,,,,,,,,,,,,,,,,,,,,,,,,,,,,,,,,,,,,,,,,,,,,,,,,,,,,,,,,,,,,,,,,,,,,,,,,,,,,,,,,,,,,,,,,,,,,,,,,,,,,,,,,,,,,,,,,,v?pno=91293303&pty=OPP,5,35,False
Construction Management Institute of the United States of America Inc.Mark:CMIS#:97469036,,,,,,,,,,,,,,,,,,,,,,,,,,,,,,,,,,,,,,,,,,,,,,,,,,,,,,,,,,,,,,,,,,,,,,,,,,,,,,,,,,,,,,,,,,,,,,,,,,,,,,,,,,,,,,,,,,,,,,,,,,,,,,,,,,,,,,,,,,,,,,,,,,,,,,,,,,,,,,,,,v?pnam=Construction%20Management%20Institute%20of%20the%20United%20States%20of%20America%20Inc.%20%20,5,36,False
"Project Management Institute, Inc.Mark:PMIS#:75316885R#:2152599Mark:PMIS#:85369948R#:4077281Mark:PMIS#:85516984R#:4303806Mark:PMI AGILE CERTIFIED PRACTITIONER (PMI-ACP)S#:85313092R#:4199533Mark:PMI RISK MANAGEMENT PROFESSIONAL (PMI-RMP)S#:77409467R#:3588673Mark:PMI-RMPS#:77409522R#:3592718",,,,,,,,,,,,,,,,,,,,,,,,,,,,,,,,,,,,,,,,,,,,,,,,,,,,,,,,,,,,,,,,,,,,,,,,,,,,,,,,,,,,,,,,,,,,,,,,,,,,,,,,,,,,,,,,,,,,,,,,,,,,,,,,,,,,,,,,,,,,,,,,,,,,,,,,,,,,,,,,,"v?pnam=Project%20Management%20Institute,%20Inc.%20%20",5,37,False
9129330408/14/2024,9129330408/14/2024,Construction Management Institute of the United States of America Inc.Mark:CMI ·CONSTRUCTION MANAGEMENT INSTITUTE· USA CONSTRUCTION MANAGEMENT INSTITUTE OF THE USAS#:97469029,Construction Management Institute of the United States of America Inc.Mark:CMI ·CONSTRUCTION MANAGEMENT INSTITUTE· USA CONSTRUCTION MANAGEMENT INSTITUTE OF THE USAS#:97469029,"Project Management Institute, Inc.Mark:P PROJECT MANAGEMENT INSTITUTES#:88673783Mark:PMIS#:75316885R#:2152599Mark:PMIS#:85369948R#:4077281Mark:PMIS#:85516984R#:4303806Mark:PMI AGILE CERTIFIED PRACTITIONER (PMI-ACP)S#:85313092R#:4199533Mark:PMI RISK MANAGEMENT PROFESSIONAL (PMI-RMP)S#:77409467R#:3588673Mark:PMI-RMPS#:77409522R#:3592718Mark:PROJECT MANAGEMENT INSTITUTES#:77679659R#:3920348","Project Management Institute, Inc.Mark:P PROJECT MANAGEMENT INSTITUTES#:88673783Mark:PMIS#:75316885R#:2152599Mark:PMIS#:85369948R#:4077281Mark:PMIS#:85516984R#:4303806Mark:PMI AGILE CERTIFIED PRACTITIONER (PMI-ACP)S#:85313092R#:4199533Mark:PMI RISK MANAGEMENT PROFESSIONAL (PMI-RMP)S#:77409467R#:3588673Mark:PMI-RMPS#:77409522R#:3592718Mark:PROJECT MANAGEMENT INSTITUTES#:77679659R#:3920348",,,,,,,,,,,,,,,,,,,,,,,,,,,,,,,,,,,,,,,,,,,,,,,,,,,,,,,,,,,,,,,,,,,,,,,,,,,,,,,,,,,,,,,,,,,,,,,,,,,,,,,,,,,,,,,,,,,,,,,,,,,,,,,,,,,,,,,,,,,,,,,,,,,,,,,,,,,,v?pno=91293304&pty=OPP,5,38,False
9129330408/14/2024,,,,,,,,,,,,,,,,,,,,,,,,,,,,,,,,,,,,,,,,,,,,,,,,,,,,,,,,,,,,,,,,,,,,,,,,,,,,,,,,,,,,,,,,,,,,,,,,,,,,,,,,,,,,,,,,,,,,,,,,,,,,,,,,,,,,,,,,,,,,,,,,,,,,,,,,,,,,,,,,,v?pno=91293304&pty=OPP,5,39,False
Construction Management Institute of the United States of America Inc.Mark:CMI ·CONSTRUCTION MANAGEMENT INSTITUTE· USA CONSTRUCTION MANAGEMENT INSTITUTE OF THE USAS#:97469029,,,,,,,,,,,,,,,,,,,,,,,,,,,,,,,,,,,,,,,,,,,,,,,,,,,,,,,,,,,,,,,,,,,,,,,,,,,,,,,,,,,,,,,,,,,,,,,,,,,,,,,,,,,,,,,,,,,,,,,,,,,,,,,,,,,,,,,,,,,,,,,,,,,,,,,,,,,,,,,,,v?pnam=Construction%20Management%20Institute%20of%20the%20United%20States%20of%20America%20Inc.%20%20,5,40,False
"Project Management Institute, Inc.Mark:P PROJECT MANAGEMENT INSTITUTES#:88673783Mark:PMIS#:75316885R#:2152599Mark:PMIS#:85369948R#:4077281Mark:PMIS#:85516984R#:4303806Mark:PMI AGILE CERTIFIED PRACTITIONER (PMI-ACP)S#:85313092R#:4199533Mark:PMI RISK MANAGEMENT PROFESSIONAL (PMI-RMP)S#:77409467R#:3588673Mark:PMI-RMPS#:77409522R#:3592718Mark:PROJECT MANAGEMENT INSTITUTES#:77679659R#:3920348",,,,,,,,,,,,,,,,,,,,,,,,,,,,,,,,,,,,,,,,,,,,,,,,,,,,,,,,,,,,,,,,,,,,,,,,,,,,,,,,,,,,,,,,,,,,,,,,,,,,,,,,,,,,,,,,,,,,,,,,,,,,,,,,,,,,,,,,,,,,,,,,,,,,,,,,,,,,,,,,,"v?pnam=Project%20Management%20Institute,%20Inc.%20%20",5,41,False
9746902905/03/2024,9746902905/03/2024,Construction Management Institute of TheUnited States of America Inc.Mark:CMI ·CONSTRUCTION MANAGEMENT INSTITUTE· USA CONSTRUCTION MANAGEMENT INSTITUTE OF THE USAS#:97469029,Construction Management Institute of TheUnited States of America Inc.Mark:CMI ·CONSTRUCTION MANAGEMENT INSTITUTE· USA CONSTRUCTION MANAGEMENT INSTITUTE OF THE USAS#:97469029,"Project Management Institute, Inc.","Project Management Institute, Inc.",,,,,,,,,,,,,,,,,,,,,,,,,,,,,,,,,,,,,,,,,,,,,,,,,,,,,,,,,,,,,,,,,,,,,,,,,,,,,,,,,,,,,,,,,,,,,,,,,,,,,,,,,,,,,,,,,,,,,,,,,,,,,,,,,,,,,,,,,,,,,,,,,,,,,,,,,,,,v?pno=97469029&pty=EXT,5,42,False
9746902905/03/2024,,,,,,,,,,,,,,,,,,,,,,,,,,,,,,,,,,,,,,,,,,,,,,,,,,,,,,,,,,,,,,,,,,,,,,,,,,,,,,,,,,,,,,,,,,,,,,,,,,,,,,,,,,,,,,,,,,,,,,,,,,,,,,,,,,,,,,,,,,,,,,,,,,,,,,,,,,,,,,,,,v?pno=97469029&pty=EXT,5,43,False
Construction Management Institute of TheUnited States of America Inc.Mark:CMI ·CONSTRUCTION MANAGEMENT INSTITUTE· USA CONSTRUCTION MANAGEMENT INSTITUTE OF THE USAS#:97469029,,,,,,,,,,,,,,,,,,,,,,,,,,,,,,,,,,,,,,,,,,,,,,,,,,,,,,,,,,,,,,,,,,,,,,,,,,,,,,,,,,,,,,,,,,,,,,,,,,,,,,,,,,,,,,,,,,,,,,,,,,,,,,,,,,,,,,,,,,,,,,,,,,,,,,,,,,,,,,,,,v?pnam=Construction%20Management%20Institute%20of%20TheUnited%20States%20of%20America%20Inc.%20%20,5,44,False
"Project Management Institute, Inc.",,,,,,,,,,,,,,,,,,,,,,,,,,,,,,,,,,,,,,,,,,,,,,,,,,,,,,,,,,,,,,,,,,,,,,,,,,,,,,,,,,,,,,,,,,,,,,,,,,,,,,,,,,,,,,,,,,,,,,,,,,,,,,,,,,,,,,,,,,,,,,,,,,,,,,,,,,,,,,,,,"v?pnam=Project%20Management%20Institute,%20Inc.%20%20",5,45,False
9746903605/03/2024,9746903605/03/2024,Construction Management Institute of TheUnited States of America Inc.Mark:CMIS#:97469036,Construction Management Institute of TheUnited States of America Inc.Mark:CMIS#:97469036,"Project Management Institute, Inc.","Project Management Institute, Inc.",,,,,,,,,,,,,,,,,,,,,,,,,,,,,,,,,,,,,,,,,,,,,,,,,,,,,,,,,,,,,,,,,,,,,,,,,,,,,,,,,,,,,,,,,,,,,,,,,,,,,,,,,,,,,,,,,,,,,,,,,,,,,,,,,,,,,,,,,,,,,,,,,,,,,,,,,,,,v?pno=97469036&pty=EXT,5,46,False
9746903605/03/2024,,,,,,,,,,,,,,,,,,,,,,,,,,,,,,,,,,,,,,,,,,,,,,,,,,,,,,,,,,,,,,,,,,,,,,,,,,,,,,,,,,,,,,,,,,,,,,,,,,,,,,,,,,,,,,,,,,,,,,,,,,,,,,,,,,,,,,,,,,,,,,,,,,,,,,,,,,,,,,,,,v?pno=97469036&pty=EXT,5,47,False
Construction Management Institute of TheUnited States of America Inc.Mark:CMIS#:97469036,,,,,,,,,,,,,,,,,,,,,,,,,,,,,,,,,,,,,,,,,,,,,,,,,,,,,,,,,,,,,,,,,,,,,,,,,,,,,,,,,,,,,,,,,,,,,,,,,,,,,,,,,,,,,,,,,,,,,,,,,,,,,,,,,,,,,,,,,,,,,,,,,,,,,,,,,,,,,,,,,v?pnam=Construction%20Management%20Institute%20of%20TheUnited%20States%20of%20America%20Inc.%20%20,5,48,False
"Project Management Institute, Inc.",,,,,,,,,,,,,,,,,,,,,,,,,,,,,,,,,,,,,,,,,,,,,,,,,,,,,,,,,,,,,,,,,,,,,,,,,,,,,,,,,,,,,,,,,,,,,,,,,,,,,,,,,,,,,,,,,,,,,,,,,,,,,,,,,,,,,,,,,,,,,,,,,,,,,,,,,,,,,,,,,"v?pnam=Project%20Management%20Institute,%20Inc.%20%20",5,49,False
8867378302/15/2024,8867378302/15/2024,,,"Project Management Institute, Inc.Mark:P PROJECT MANAGEMENT INSTITUTES#:88673783","Project Management Institute, Inc.Mark:P PROJECT MANAGEMENT INSTITUTES#:88673783",,,,,,,,,,,,,,,,,,,,,,,,,,,,,,,,,,,,,,,,,,,,,,,,,,,,,,,,,,,,,,,,,,,,,,,,,,,,,,,,,,,,,,,,,,,,,,,,,,,,,,,,,,,,,,,,,,,,,,,,,,,,,,,,,,,,,,,,,,,,,,,,,,,,,,,,,,,,v?pno=88673783&pty=EXA,5,50,False
8867378302/15/2024,,,,,,,,,,,,,,,,,,,,,,,,,,,,,,,,,,,,,,,,,,,,,,,,,,,,,,,,,,,,,,,,,,,,,,,,,,,,,,,,,,,,,,,,,,,,,,,,,,,,,,,,,,,,,,,,,,,,,,,,,,,,,,,,,,,,,,,,,,,,,,,,,,,,,,,,,,,,,,,,,v?pno=88673783&pty=EXA,5,51,False
,,,,,,,,,,,,,,,,,,,,,,,,,,,,,,,,,,,,,,,,,,,,,,,,,,,,,,,,,,,,,,,,,,,,,,,,,,,,,,,,,,,,,,,,,,,,,,,,,,,,,,,,,,,,,,,,,,,,,,,,,,,,,,,,,,,,,,,,,,,,,,,,,,,,,,,,,,,,,,,,,,5,52,False
"Project Management Institute, Inc.Mark:P PROJECT MANAGEMENT INSTITUTES#:88673783",,,,,,,,,,,,,,,,,,,,,,,,,,,,,,,,,,,,,,,,,,,,,,,,,,,,,,,,,,,,,,,,,,,,,,,,,,,,,,,,,,,,,,,,,,,,,,,,,,,,,,,,,,,,,,,,,,,,,,,,,,,,,,,,,,,,,,,,,,,,,,,,,,,,,,,,,,,,,,,,,"v?pnam=Project%20Management%20Institute,%20Inc.%20%20",5,53,False
8867380402/15/2024,8867380402/15/2024,,,"Project Management Institute, Inc.Mark:PS#:88673804","Project Management Institute, Inc.Mark:PS#:88673804",,,,,,,,,,,,,,,,,,,,,,,,,,,,,,,,,,,,,,,,,,,,,,,,,,,,,,,,,,,,,,,,,,,,,,,,,,,,,,,,,,,,,,,,,,,,,,,,,,,,,,,,,,,,,,,,,,,,,,,,,,,,,,,,,,,,,,,,,,,,,,,,,,,,,,,,,,,,v?pno=88673804&pty=EXA,5,54,False
8867380402/15/2024,,,,,,,,,,,,,,,,,,,,,,,,,,,,,,,,,,,,,,,,,,,,,,,,,,,,,,,,,,,,,,,,,,,,,,,,,,,,,,,,,,,,,,,,,,,,,,,,,,,,,,,,,,,,,,,,,,,,,,,,,,,,,,,,,,,,,,,,,,,,,,,,,,,,,,,,,,,,,,,,,v?pno=88673804&pty=EXA,5,55,False
,,,,,,,,,,,,,,,,,,,,,,,,,,,,,,,,,,,,,,,,,,,,,,,,,,,,,,,,,,,,,,,,,,,,,,,,,,,,,,,,,,,,,,,,,,,,,,,,,,,,,,,,,,,,,,,,,,,,,,,,,,,,,,,,,,,,,,,,,,,,,,,,,,,,,,,,,,,,,,,,,,5,56,False
"Project Management Institute, Inc.Mark:PS#:88673804",,,,,,,,,,,,,,,,,,,,,,,,,,,,,,,,,,,,,,,,,,,,,,,,,,,,,,,,,,,,,,,,,,,,,,,,,,,,,,,,,,,,,,,,,,,,,,,,,,,,,,,,,,,,,,,,,,,,,,,,,,,,,,,,,,,,,,,,,,,,,,,,,,,,,,,,,,,,,,,,,"v?pnam=Project%20Management%20Institute,%20Inc.%20%20",5,57,False
9208439102/06/2024,9208439102/06/2024,"iCapital Project Management, LLCMark:VODA GROUPS#:87890960R#:5622568","iCapital Project Management, LLCMark:VODA GROUPS#:87890960R#:5622568",FPB DNA Cleaning and Restoration LLCMark:VODA CLEANING & RESTORATIONS#:97796714Mark:VODA CLEANING & RESTORATION VS#:97814033,FPB DNA Cleaning and Restoration LLCMark:VODA CLEANING & RESTORATIONS#:97796714Mark:VODA CLEANING & RESTORATION VS#:97814033,,,,,,,,,,,,,,,,,,,,,,,,,,,,,,,,,,,,,,,,,,,,,,,,,,,,,,,,,,,,,,,,,,,,,,,,,,,,,,,,,,,,,,,,,,,,,,,,,,,,,,,,,,,,,,,,,,,,,,,,,,,,,,,,,,,,,,,,,,,,,,,,,,,,,,,,,,,,v?pno=92084391&pty=CAN,5,58,False
9208439102/06/2024,,,,,,,,,,,,,,,,,,,,,,,,,,,,,,,,,,,,,,,,,,,,,,,,,,,,,,,,,,,,,,,,,,,,,,,,,,,,,,,,,,,,,,,,,,,,,,,,,,,,,,,,,,,,,,,,,,,,,,,,,,,,,,,,,,,,,,,,,,,,,,,,,,,,,,,,,,,,,,,,,v?pno=92084391&pty=CAN,5,59,False
"iCapital Project Management, LLCMark:VODA GROUPS#:87890960R#:5622568",,,,,,,,,,,,,,,,,,,,,,,,,,,,,,,,,,,,,,,,,,,,,,,,,,,,,,,,,,,,,,,,,,,,,,,,,,,,,,,,,,,,,,,,,,,,,,,,,,,,,,,,,,,,,,,,,,,,,,,,,,,,,,,,,,,,,,,,,,,,,,,,,,,,,,,,,,,,,,,,,"v?pnam=iCapital%20Project%20Management,%20LLC%20%20",5,60,False
FPB DNA Cleaning and Restoration LLCMark:VODA CLEANING & RESTORATIONS#:97796714Mark:VODA CLEANING & RESTORATION VS#:97814033,,,,,,,,,,,,,,,,,,,,,,,,,,,,,,,,,,,,,,,,,,,,,,,,,,,,,,,,,,,,,,,,,,,,,,,,,,,,,,,,,,,,,,,,,,,,,,,,,,,,,,,,,,,,,,,,,,,,,,,,,,,,,,,,,,,,,,,,,,,,,,,,,,,,,,,,,,,,,,,,,v?pnam=FPB%20DNA%20Cleaning%20and%20Restoration%20LLC%20%20,5,61,False
9128831411/20/2023,9128831411/20/2023,"Brightline, Inc.Mark:BRIGHTLINES#:97184156","Brightline, Inc.Mark:BRIGHTLINES#:97184156","Project Management Institute, Inc.Mark:B BRIGHTLINE PROJECT MANAGEMENT INSTITUTES#:88642630R#:6555824Mark:BRIGHTLINES#:87982029R#:6037755Mark:BRIGHTLINES#:87318956R#:6329047","Project Management Institute, Inc.Mark:B BRIGHTLINE PROJECT MANAGEMENT INSTITUTES#:88642630R#:6555824Mark:BRIGHTLINES#:87982029R#:6037755Mark:BRIGHTLINES#:87318956R#:6329047",,,,,,,,,,,,,,,,,,,,,,,,,,,,,,,,,,,,,,,,,,,,,,,,,,,,,,,,,,,,,,,,,,,,,,,,,,,,,,,,,,,,,,,,,,,,,,,,,,,,,,,,,,,,,,,,,,,,,,,,,,,,,,,,,,,,,,,,,,,,,,,,,,,,,,,,,,,,v?pno=91288314&pty=OPP,5,62,False
9128831411/20/2023,,,,,,,,,,,,,,,,,,,,,,,,,,,,,,,,,,,,,,,,,,,,,,,,,,,,,,,,,,,,,,,,,,,,,,,,,,,,,,,,,,,,,,,,,,,,,,,,,,,,,,,,,,,,,,,,,,,,,,,,,,,,,,,,,,,,,,,,,,,,,,,,,,,,,,,,,,,,,,,,,v?pno=91288314&pty=OPP,5,63,False
"Brightline, Inc.Mark:BRIGHTLINES#:97184156",,,,,,,,,,,,,,,,,,,,,,,,,,,,,,,,,,,,,,,,,,,,,,,,,,,,,,,,,,,,,,,,,,,,,,,,,,,,,,,,,,,,,,,,,,,,,,,,,,,,,,,,,,,,,,,,,,,,,,,,,,,,,,,,,,,,,,,,,,,,,,,,,,,,,,,,,,,,,,,,,"v?pnam=Brightline,%20Inc.%20%20",5,64,False
"Project Management Institute, Inc.Mark:B BRIGHTLINE PROJECT MANAGEMENT INSTITUTES#:88642630R#:6555824Mark:BRIGHTLINES#:87982029R#:6037755Mark:BRIGHTLINES#:87318956R#:6329047",,,,,,,,,,,,,,,,,,,,,,,,,,,,,,,,,,,,,,,,,,,,,,,,,,,,,,,,,,,,,,,,,,,,,,,,,,,,,,,,,,,,,,,,,,,,,,,,,,,,,,,,,,,,,,,,,,,,,,,,,,,,,,,,,,,,,,,,,,,,,,,,,,,,,,,,,,,,,,,,,"v?pnam=Project%20Management%20Institute,%20Inc.%20%20",5,65,False
9128831511/20/2023,9128831511/20/2023,"Brightline, Inc.Mark:BRIGHTLINES#:97184158","Brightline, Inc.Mark:BRIGHTLINES#:97184158","Project Management Institute, Inc.Mark:B BRIGHTLINE PROJECT MANAGEMENT INSTITUTES#:88642630R#:6555824Mark:BRIGHTLINES#:87982029R#:6037755Mark:BRIGHTLINES#:87318956R#:6329047","Project Management Institute, Inc.Mark:B BRIGHTLINE PROJECT MANAGEMENT INSTITUTES#:88642630R#:6555824Mark:BRIGHTLINES#:87982029R#:6037755Mark:BRIGHTLINES#:87318956R#:6329047",,,,,,,,,,,,,,,,,,,,,,,,,,,,,,,,,,,,,,,,,,,,,,,,,,,,,,,,,,,,,,,,,,,,,,,,,,,,,,,,,,,,,,,,,,,,,,,,,,,,,,,,,,,,,,,,,,,,,,,,,,,,,,,,,,,,,,,,,,,,,,,,,,,,,,,,,,,,v?pno=91288315&pty=OPP,5,66,False
9128831511/20/2023,,,,,,,,,,,,,,,,,,,,,,,,,,,,,,,,,,,,,,,,,,,,,,,,,,,,,,,,,,,,,,,,,,,,,,,,,,,,,,,,,,,,,,,,,,,,,,,,,,,,,,,,,,,,,,,,,,,,,,,,,,,,,,,,,,,,,,,,,,,,,,,,,,,,,,,,,,,,,,,,,v?pno=91288315&pty=OPP,5,67,False
"Brightline, Inc.Mark:BRIGHTLINES#:97184158",,,,,,,,,,,,,,,,,,,,,,,,,,,,,,,,,,,,,,,,,,,,,,,,,,,,,,,,,,,,,,,,,,,,,,,,,,,,,,,,,,,,,,,,,,,,,,,,,,,,,,,,,,,,,,,,,,,,,,,,,,,,,,,,,,,,,,,,,,,,,,,,,,,,,,,,,,,,,,,,,"v?pnam=Brightline,%20Inc.%20%20",5,68,False
"Project Management Institute, Inc.Mark:B BRIGHTLINE PROJECT MANAGEMENT INSTITUTES#:88642630R#:6555824Mark:BRIGHTLINES#:87982029R#:6037755Mark:BRIGHTLINES#:87318956R#:6329047",,,,,,,,,,,,,,,,,,,,,,,,,,,,,,,,,,,,,,,,,,,,,,,,,,,,,,,,,,,,,,,,,,,,,,,,,,,,,,,,,,,,,,,,,,,,,,,,,,,,,,,,,,,,,,,,,,,,,,,,,,,,,,,,,,,,,,,,,,,,,,,,,,,,,,,,,,,,,,,,,"v?pnam=Project%20Management%20Institute,%20Inc.%20%20",5,69,False
9711628710/23/2023,9711628710/23/2023,,,"Project Management Institute, Inc.Mark:CONSTRUCTION PROFESSIONAL IN BUILT ENVIRONMENT PROJECTSS#:97116287","Project Management Institute, Inc.Mark:CONSTRUCTION PROFESSIONAL IN BUILT ENVIRONMENT PROJECTSS#:97116287",,,,,,,,,,,,,,,,,,,,,,,,,,,,,,,,,,,,,,,,,,,,,,,,,,,,,,,,,,,,,,,,,,,,,,,,,,,,,,,,,,,,,,,,,,,,,,,,,,,,,,,,,,,,,,,,,,,,,,,,,,,,,,,,,,,,,,,,,,,,,,,,,,,,,,,,,,,,v?pno=97116287&pty=EXA,5,70,False
9711628710/23/2023,,,,,,,,,,,,,,,,,,,,,,,,,,,,,,,,,,,,,,,,,,,,,,,,,,,,,,,,,,,,,,,,,,,,,,,,,,,,,,,,,,,,,,,,,,,,,,,,,,,,,,,,,,,,,,,,,,,,,,,,,,,,,,,,,,,,,,,,,,,,,,,,,,,,,,,,,,,,,,,,,v?pno=97116287&pty=EXA,5,71,False
,,,,,,,,,,,,,,,,,,,,,,,,,,,,,,,,,,,,,,,,,,,,,,,,,,,,,,,,,,,,,,,,,,,,,,,,,,,,,,,,,,,,,,,,,,,,,,,,,,,,,,,,,,,,,,,,,,,,,,,,,,,,,,,,,,,,,,,,,,,,,,,,,,,,,,,,,,,,,,,,,,5,72,False
"Project Management Institute, Inc.Mark:CONSTRUCTION PROFESSIONAL IN BUILT ENVIRONMENT PROJECTSS#:97116287",,,,,,,,,,,,,,,,,,,,,,,,,,,,,,,,,,,,,,,,,,,,,,,,,,,,,,,,,,,,,,,,,,,,,,,,,,,,,,,,,,,,,,,,,,,,,,,,,,,,,,,,,,,,,,,,,,,,,,,,,,,,,,,,,,,,,,,,,,,,,,,,,,,,,,,,,,,,,,,,,"v?pnam=Project%20Management%20Institute,%20Inc.%20%20",5,73,False
9716457006/15/2023,9716457006/15/2023,"PROJECT MIRACLE IP HOLDINGS, LLCMark:JUKEBXS#:97164570","PROJECT MIRACLE IP HOLDINGS, LLCMark:JUKEBXS#:97164570","Copperstate Farms Management, LLC","Copperstate Farms Management, LLC",,,,,,,,,,,,,,,,,,,,,,,,,,,,,,,,,,,,,,,,,,,,,,,,,,,,,,,,,,,,,,,,,,,,,,,,,,,,,,,,,,,,,,,,,,,,,,,,,,,,,,,,,,,,,,,,,,,,,,,,,,,,,,,,,,,,,,,,,,,,,,,,,,,,,,,,,,,,v?pno=97164570&pty=EXT,5,74,False
9716457006/15/2023,,,,,,,,,,,,,,,,,,,,,,,,,,,,,,,,,,,,,,,,,,,,,,,,,,,,,,,,,,,,,,,,,,,,,,,,,,,,,,,,,,,,,,,,,,,,,,,,,,,,,,,,,,,,,,,,,,,,,,,,,,,,,,,,,,,,,,,,,,,,,,,,,,,,,,,,,,,,,,,,,v?pno=97164570&pty=EXT,5,75,False
"PROJECT MIRACLE IP HOLDINGS, LLCMark:JUKEBXS#:97164570",,,,,,,,,,,,,,,,,,,,,,,,,,,,,,,,,,,,,,,,,,,,,,,,,,,,,,,,,,,,,,,,,,,,,,,,,,,,,,,,,,,,,,,,,,,,,,,,,,,,,,,,,,,,,,,,,,,,,,,,,,,,,,,,,,,,,,,,,,,,,,,,,,,,,,,,,,,,,,,,,"v?pnam=PROJECT%20MIRACLE%20IP%20HOLDINGS,%20LLC%20%20",5,76,False
"Copperstate Farms Management, LLC",,,,,,,,,,,,,,,,,,,,,,,,,,,,,,,,,,,,,,,,,,,,,,,,,,,,,,,,,,,,,,,,,,,,,,,,,,,,,,,,,,,,,,,,,,,,,,,,,,,,,,,,,,,,,,,,,,,,,,,,,,,,,,,,,,,,,,,,,,,,,,,,,,,,,,,,,,,,,,,,,"v?pnam=Copperstate%20Farms%20Management,%20LLC%20%20",5,77,False
9718415606/15/2023,9718415606/15/2023,"Brightline, Inc.Mark:BRIGHTLINES#:97184156","Brightline, Inc.Mark:BRIGHTLINES#:97184156","Project Management Institute, Inc.","Project Management Institute, Inc.",,,,,,,,,,,,,,,,,,,,,,,,,,,,,,,,,,,,,,,,,,,,,,,,,,,,,,,,,,,,,,,,,,,,,,,,,,,,,,,,,,,,,,,,,,,,,,,,,,,,,,,,,,,,,,,,,,,,,,,,,,,,,,,,,,,,,,,,,,,,,,,,,,,,,,,,,,,,v?pno=97184156&pty=EXT,5,78,False
9718415606/15/2023,,,,,,,,,,,,,,,,,,,,,,,,,,,,,,,,,,,,,,,,,,,,,,,,,,,,,,,,,,,,,,,,,,,,,,,,,,,,,,,,,,,,,,,,,,,,,,,,,,,,,,,,,,,,,,,,,,,,,,,,,,,,,,,,,,,,,,,,,,,,,,,,,,,,,,,,,,,,,,,,,v?pno=97184156&pty=EXT,5,79,False
"Brightline, Inc.Mark:BRIGHTLINES#:97184156",,,,,,,,,,,,,,,,,,,,,,,,,,,,,,,,,,,,,,,,,,,,,,,,,,,,,,,,,,,,,,,,,,,,,,,,,,,,,,,,,,,,,,,,,,,,,,,,,,,,,,,,,,,,,,,,,,,,,,,,,,,,,,,,,,,,,,,,,,,,,,,,,,,,,,,,,,,,,,,,,"v?pnam=Brightline,%20Inc.%20%20",5,80,False
"Project Management Institute, Inc.",,,,,,,,,,,,,,,,,,,,,,,,,,,,,,,,,,,,,,,,,,,,,,,,,,,,,,,,,,,,,,,,,,,,,,,,,,,,,,,,,,,,,,,,,,,,,,,,,,,,,,,,,,,,,,,,,,,,,,,,,,,,,,,,,,,,,,,,,,,,,,,,,,,,,,,,,,,,,,,,,"v?pnam=Project%20Management%20Institute,%20Inc.%20%20",5,81,False
9718415806/15/2023,9718415806/15/2023,"Brightline, Inc.Mark:BRIGHTLINES#:97184158","Brightline, Inc.Mark:BRIGHTLINES#:97184158","Project Management Institute, Inc.","Project Management Institute, Inc.",,,,,,,,,,,,,,,,,,,,,,,,,,,,,,,,,,,,,,,,,,,,,,,,,,,,,,,,,,,,,,,,,,,,,,,,,,,,,,,,,,,,,,,,,,,,,,,,,,,,,,,,,,,,,,,,,,,,,,,,,,,,,,,,,,,,,,,,,,,,,,,,,,,,,,,,,,,,v?pno=97184158&pty=EXT,5,82,False
9718415806/15/2023,,,,,,,,,,,,,,,,,,,,,,,,,,,,,,,,,,,,,,,,,,,,,,,,,,,,,,,,,,,,,,,,,,,,,,,,,,,,,,,,,,,,,,,,,,,,,,,,,,,,,,,,,,,,,,,,,,,,,,,,,,,,,,,,,,,,,,,,,,,,,,,,,,,,,,,,,,,,,,,,,v?pno=97184158&pty=EXT,5,83,False
"Brightline, Inc.Mark:BRIGHTLINES#:97184158",,,,,,,,,,,,,,,,,,,,,,,,,,,,,,,,,,,,,,,,,,,,,,,,,,,,,,,,,,,,,,,,,,,,,,,,,,,,,,,,,,,,,,,,,,,,,,,,,,,,,,,,,,,,,,,,,,,,,,,,,,,,,,,,,,,,,,,,,,,,,,,,,,,,,,,,,,,,,,,,,"v?pnam=Brightline,%20Inc.%20%20",5,84,False
"Project Management Institute, Inc.",,,,,,,,,,,,,,,,,,,,,,,,,,,,,,,,,,,,,,,,,,,,,,,,,,,,,,,,,,,,,,,,,,,,,,,,,,,,,,,,,,,,,,,,,,,,,,,,,,,,,,,,,,,,,,,,,,,,,,,,,,,,,,,,,,,,,,,,,,,,,,,,,,,,,,,,,,,,,,,,,"v?pnam=Project%20Management%20Institute,%20Inc.%20%20",5,85,False
9042594112/01/2022,9042594112/01/2022,Project KindMark:PROJECT KINDS#:90425941,Project KindMark:PROJECT KINDS#:90425941,KIND Management Inc.,KIND Management Inc.,,,,,,,,,,,,,,,,,,,,,,,,,,,,,,,,,,,,,,,,,,,,,,,,,,,,,,,,,,,,,,,,,,,,,,,,,,,,,,,,,,,,,,,,,,,,,,,,,,,,,,,,,,,,,,,,,,,,,,,,,,,,,,,,,,,,,,,,,,,,,,,,,,,,,,,,,,,,v?pno=90425941&pty=EXT,5,86,False
9042594112/01/2022,,,,,,,,,,,,,,,,,,,,,,,,,,,,,,,,,,,,,,,,,,,,,,,,,,,,,,,,,,,,,,,,,,,,,,,,,,,,,,,,,,,,,,,,,,,,,,,,,,,,,,,,,,,,,,,,,,,,,,,,,,,,,,,,,,,,,,,,,,,,,,,,,,,,,,,,,,,,,,,,,v?pno=90425941&pty=EXT,5,87,False
Project KindMark:PROJECT KINDS#:90425941,,,,,,,,,,,,,,,,,,,,,,,,,,,,,,,,,,,,,,,,,,,,,,,,,,,,,,,,,,,,,,,,,,,,,,,,,,,,,,,,,,,,,,,,,,,,,,,,,,,,,,,,,,,,,,,,,,,,,,,,,,,,,,,,,,,,,,,,,,,,,,,,,,,,,,,,,,,,,,,,,v?pnam=Project%20Kind%20%20,5,88,False
KIND Management Inc.,,,,,,,,,,,,,,,,,,,,,,,,,,,,,,,,,,,,,,,,,,,,,,,,,,,,,,,,,,,,,,,,,,,,,,,,,,,,,,,,,,,,,,,,,,,,,,,,,,,,,,,,,,,,,,,,,,,,,,,,,,,,,,,,,,,,,,,,,,,,,,,,,,,,,,,,,,,,,,,,,v?pnam=KIND%20Management%20Inc.%20%20,5,89,False
9042599912/01/2022,9042599912/01/2022,Project KindMark:PROJECT KIND LOVE ONE ANOTHERS#:90425999,Project KindMark:PROJECT KIND LOVE ONE ANOTHERS#:90425999,KIND Management Inc.,KIND Management Inc.,,,,,,,,,,,,,,,,,,,,,,,,,,,,,,,,,,,,,,,,,,,,,,,,,,,,,,,,,,,,,,,,,,,,,,,,,,,,,,,,,,,,,,,,,,,,,,,,,,,,,,,,,,,,,,,,,,,,,,,,,,,,,,,,,,,,,,,,,,,,,,,,,,,,,,,,,,,,v?pno=90425999&pty=EXT,5,90,False
9042599912/01/2022,,,,,,,,,,,,,,,,,,,,,,,,,,,,,,,,,,,,,,,,,,,,,,,,,,,,,,,,,,,,,,,,,,,,,,,,,,,,,,,,,,,,,,,,,,,,,,,,,,,,,,,,,,,,,,,,,,,,,,,,,,,,,,,,,,,,,,,,,,,,,,,,,,,,,,,,,,,,,,,,,v?pno=90425999&pty=EXT,5,91,False
Project KindMark:PROJECT KIND LOVE ONE ANOTHERS#:90425999,,,,,,,,,,,,,,,,,,,,,,,,,,,,,,,,,,,,,,,,,,,,,,,,,,,,,,,,,,,,,,,,,,,,,,,,,,,,,,,,,,,,,,,,,,,,,,,,,,,,,,,,,,,,,,,,,,,,,,,,,,,,,,,,,,,,,,,,,,,,,,,,,,,,,,,,,,,,,,,,,v?pnam=Project%20Kind%20%20,5,92,False
KIND Management Inc.,,,,,,,,,,,,,,,,,,,,,,,,,,,,,,,,,,,,,,,,,,,,,,,,,,,,,,,,,,,,,,,,,,,,,,,,,,,,,,,,,,,,,,,,,,,,,,,,,,,,,,,,,,,,,,,,,,,,,,,,,,,,,,,,,,,,,,,,,,,,,,,,,,,,,,,,,,,,,,,,,v?pnam=KIND%20Management%20Inc.%20%20,5,93,False
7931902111/21/2022,7931902111/21/2022,"Global PMI Partners, coöperatieve vennootschapMark:GLOBAL PMI PARTNERSS#:79319021","Global PMI Partners, coöperatieve vennootschapMark:GLOBAL PMI PARTNERSS#:79319021","Project Management Institute, Inc.","Project Management Institute, Inc.",,,,,,,,,,,,,,,,,,,,,,,,,,,,,,,,,,,,,,,,,,,,,,,,,,,,,,,,,,,,,,,,,,,,,,,,,,,,,,,,,,,,,,,,,,,,,,,,,,,,,,,,,,,,,,,,,,,,,,,,,,,,,,,,,,,,,,,,,,,,,,,,,,,,,,,,,,,,v?pno=79319021&pty=EXT,5,94,False
7931902111/21/2022,,,,,,,,,,,,,,,,,,,,,,,,,,,,,,,,,,,,,,,,,,,,,,,,,,,,,,,,,,,,,,,,,,,,,,,,,,,,,,,,,,,,,,,,,,,,,,,,,,,,,,,,,,,,,,,,,,,,,,,,,,,,,,,,,,,,,,,,,,,,,,,,,,,,,,,,,,,,,,,,,v?pno=79319021&pty=EXT,5,95,False
"Global PMI Partners, coöperatieve vennootschapMark:GLOBAL PMI PARTNERSS#:79319021",,,,,,,,,,,,,,,,,,,,,,,,,,,,,,,,,,,,,,,,,,,,,,,,,,,,,,,,,,,,,,,,,,,,,,,,,,,,,,,,,,,,,,,,,,,,,,,,,,,,,,,,,,,,,,,,,,,,,,,,,,,,,,,,,,,,,,,,,,,,,,,,,,,,,,,,,,,,,,,,,"v?pnam=Global%20PMI%20Partners,%20co%C3%B6peratieve%20vennootschap%20%20",5,96,False
"Project Management Institute, Inc.",,,,,,,,,,,,,,,,,,,,,,,,,,,,,,,,,,,,,,,,,,,,,,,,,,,,,,,,,,,,,,,,,,,,,,,,,,,,,,,,,,,,,,,,,,,,,,,,,,,,,,,,,,,,,,,,,,,,,,,,,,,,,,,,,,,,,,,,,,,,,,,,,,,,,,,,,,,,,,,,,"v?pnam=Project%20Management%20Institute,%20Inc.%20%20",5,97,False
9127828108/30/2022,9127828108/30/2022,James Alan DinowMark:THE WONDERFUL AVOCADOS#:97213254,James Alan DinowMark:THE WONDERFUL AVOCADOS#:97213254,The Wonderful Company LLCMark:SIMPLY WONDERFULS#:86372181R#:4715701Mark:THE WONDERFUL ACADEMYS#:88076627R#:5831691Mark:THE WONDERFUL BUTTERFLY PROJECTS#:90604433Mark:WONDERFULS#:77855511R#:3784763Mark:WONDERFULS#:85056771R#:3907814Mark:WONDERFULS#:85056772R#:3907815Mark:WONDERFULS#:85396734R#:4552106Mark:WONDERFULS#:86474680R#:4897336Mark:WONDERFULS#:86513119R#:5223598Mark:WONDERFULS#:86513115R#:5228557Mark:WONDERFULS#:88126012R#:5680760Mark:WONDERFULS#:88259078Mark:WONDERFUL AGENCYS#:88125895R#:5831856Mark:WONDERFUL AGRICULTURAL MANAGEMENTS#:88076699R#:5831693Mark:WONDERFUL ENTERTAINMENTS#:88188386Mark:WONDERFUL GIVINGS#:86213095R#:5105378Mark:WONDERFUL PICTURESS#:88188387R#:6309449Mark:WONDERFUL PISTACHIOSS#:77114811R#:3463342,The Wonderful Company LLCMark:SIMPLY WONDERFULS#:86372181R#:4715701Mark:THE WONDERFUL ACADEMYS#:88076627R#:5831691Mark:THE WONDERFUL BUTTERFLY PROJECTS#:90604433Mark:WONDERFULS#:77855511R#:3784763Mark:WONDERFULS#:85056771R#:3907814Mark:WONDERFULS#:85056772R#:3907815Mark:WONDERFULS#:85396734R#:4552106Mark:WONDERFULS#:86474680R#:4897336Mark:WONDERFULS#:86513119R#:5223598Mark:WONDERFULS#:86513115R#:5228557Mark:WONDERFULS#:88126012R#:5680760Mark:WONDERFULS#:88259078Mark:WONDERFUL AGENCYS#:88125895R#:5831856Mark:WONDERFUL AGRICULTURAL MANAGEMENTS#:88076699R#:5831693Mark:WONDERFUL ENTERTAINMENTS#:88188386Mark:WONDERFUL GIVINGS#:86213095R#:5105378Mark:WONDERFUL PICTURESS#:88188387R#:6309449Mark:WONDERFUL PISTACHIOSS#:77114811R#:3463342,,,,,,,,,,,,,,,,,,,,,,,,,,,,,,,,,,,,,,,,,,,,,,,,,,,,,,,,,,,,,,,,,,,,,,,,,,,,,,,,,,,,,,,,,,,,,,,,,,,,,,,,,,,,,,,,,,,,,,,,,,,,,,,,,,,,,,,,,,,,,,,,,,,,,,,,,,,,v?pno=91278281&pty=OPP,5,98,False
9127828108/30/2022,,,,,,,,,,,,,,,,,,,,,,,,,,,,,,,,,,,,,,,,,,,,,,,,,,,,,,,,,,,,,,,,,,,,,,,,,,,,,,,,,,,,,,,,,,,,,,,,,,,,,,,,,,,,,,,,,,,,,,,,,,,,,,,,,,,,,,,,,,,,,,,,,,,,,,,,,,,,,,,,,v?pno=91278281&pty=OPP,5,99,False
James Alan DinowMark:THE WONDERFUL AVOCADOS#:97213254,,,,,,,,,,,,,,,,,,,,,,,,,,,,,,,,,,,,,,,,,,,,,,,,,,,,,,,,,,,,,,,,,,,,,,,,,,,,,,,,,,,,,,,,,,,,,,,,,,,,,,,,,,,,,,,,,,,,,,,,,,,,,,,,,,,,,,,,,,,,,,,,,,,,,,,,,,,,,,,,,v?pnam=James%20Alan%20Dinow%20%20,5,100,False
The Wonderful Company LLCMark:SIMPLY WONDERFULS#:86372181R#:4715701Mark:THE WONDERFUL ACADEMYS#:88076627R#:5831691Mark:THE WONDERFUL BUTTERFLY PROJECTS#:90604433Mark:WONDERFULS#:77855511R#:3784763Mark:WONDERFULS#:85056771R#:3907814Mark:WONDERFULS#:85056772R#:3907815Mark:WONDERFULS#:85396734R#:4552106Mark:WONDERFULS#:86474680R#:4897336Mark:WONDERFULS#:86513119R#:5223598Mark:WONDERFULS#:86513115R#:5228557Mark:WONDERFULS#:88126012R#:5680760Mark:WONDERFULS#:88259078Mark:WONDERFUL AGENCYS#:88125895R#:5831856Mark:WONDERFUL AGRICULTURAL MANAGEMENTS#:88076699R#:5831693Mark:WONDERFUL ENTERTAINMENTS#:88188386Mark:WONDERFUL GIVINGS#:86213095R#:5105378Mark:WONDERFUL PICTURESS#:88188387R#:6309449Mark:WONDERFUL PISTACHIOSS#:77114811R#:3463342,,,,,,,,,,,,,,,,,,,,,,,,,,,,,,,,,,,,,,,,,,,,,,,,,,,,,,,,,,,,,,,,,,,,,,,,,,,,,,,,,,,,,,,,,,,,,,,,,,,,,,,,,,,,,,,,,,,,,,,,,,,,,,,,,,,,,,,,,,,,,,,,,,,,,,,,,,,,,,,,,v?pnam=The%20Wonderful%20Company%20LLC%20%20,5,101,False
9012944807/28/2022,9012944807/28/2022,BRIGHT LIVE INC.Mark:BRIGHTS#:90129448,BRIGHT LIVE INC.Mark:BRIGHTS#:90129448,"Project Management Institute, Inc.","Project Management Institute, Inc.",,,,,,,,,,,,,,,,,,,,,,,,,,,,,,,,,,,,,,,,,,,,,,,,,,,,,,,,,,,,,,,,,,,,,,,,,,,,,,,,,,,,,,,,,,,,,,,,,,,,,,,,,,,,,,,,,,,,,,,,,,,,,,,,,,,,,,,,,,,,,,,,,,,,,,,,,,,,v?pno=90129448&pty=EXT,5,102,False
9012944807/28/2022,,,,,,,,,,,,,,,,,,,,,,,,,,,,,,,,,,,,,,,,,,,,,,,,,,,,,,,,,,,,,,,,,,,,,,,,,,,,,,,,,,,,,,,,,,,,,,,,,,,,,,,,,,,,,,,,,,,,,,,,,,,,,,,,,,,,,,,,,,,,,,,,,,,,,,,,,,,,,,,,,v?pno=90129448&pty=EXT,5,103,False
BRIGHT LIVE INC.Mark:BRIGHTS#:90129448,,,,,,,,,,,,,,,,,,,,,,,,,,,,,,,,,,,,,,,,,,,,,,,,,,,,,,,,,,,,,,,,,,,,,,,,,,,,,,,,,,,,,,,,,,,,,,,,,,,,,,,,,,,,,,,,,,,,,,,,,,,,,,,,,,,,,,,,,,,,,,,,,,,,,,,,,,,,,,,,,v?pnam=BRIGHT%20LIVE%20INC.%20%20,5,104,False
"Project Management Institute, Inc.",,,,,,,,,,,,,,,,,,,,,,,,,,,,,,,,,,,,,,,,,,,,,,,,,,,,,,,,,,,,,,,,,,,,,,,,,,,,,,,,,,,,,,,,,,,,,,,,,,,,,,,,,,,,,,,,,,,,,,,,,,,,,,,,,,,,,,,,,,,,,,,,,,,,,,,,,,,,,,,,,"v?pnam=Project%20Management%20Institute,%20Inc.%20%20",5,105,False
Results as of 05/01/2026 01:08 PM,Search again,,,,,,,,,,,,,,,,,,,,,,,,,,,,,,,,,,,,,,,,,,,,,,,,,,,,,,,,,,,,,,,,,,,,,,,,,,,,,,,,,,,,,,,,,,,,,,,,,,,,,,,,,,,,,,,,,,,,,,,,,,,,,,,,,,,,,,,,,,,,,,,,,,,,,,,,,,,,,,,,,5,106,False
"ProceedingFiling DateDefendant(s),Property(ies)Plaintiff(s),Property(ies)9209043912/22/2025Construction Management Institute of the United States of America IncMark:CMI-FSPS#:98514586R#:7661879Project Management Institute, Inc.Mark:PMI SCHEDULING PROFESSIONAL (PMI-SP)S#:77409410R#:3562355Mark:PMI-SPS#:77404162R#:35449189907524210/14/2025SYSTEM OF DISCIPLINED AGILITY INC.Mark:SYSTEM OF DISCIPLINED AGILITYS#:99075242Project Management Institute, Inc.9842928105/09/2025Strategic Project Solutions, Inc.Mark:PROJECT PRODUCTION MANAGEMENTS#:984292819842946705/09/2025Strategic Project Solutions, Inc.Mark:PROJECT PRODUCTION MANAGEMENTS#:984294679208826105/02/2025Royal Mechanical Services, Inc.Mark:ROYAL PROJECT MANAGEMENT FACILITY SOLUTIONSS#:77854928R#:3827316Royal Flush Plumbing, Inc.9864621902/20/2025TBS Project, LLCMark:KIND BUD CLUBS#:98646219KIND Management LLC8828445101/13/2025Project Management Leadership Group, Inc.Mark:CPM BOOT CAMPS#:882844519129330308/14/2024Construction Management Institute of the United States of America Inc.Mark:CMIS#:97469036Project Management Institute, Inc.Mark:PMIS#:75316885R#:2152599Mark:PMIS#:85369948R#:4077281Mark:PMIS#:85516984R#:4303806Mark:PMI AGILE CERTIFIED PRACTITIONER (PMI-ACP)S#:85313092R#:4199533Mark:PMI RISK MANAGEMENT PROFESSIONAL (PMI-RMP)S#:77409467R#:3588673Mark:PMI-RMPS#:77409522R#:35927189129330408/14/2024Construction Management Institute of the United States of America Inc.Mark:CMI ·CONSTRUCTION MANAGEMENT INSTITUTE· USA CONSTRUCTION MANAGEMENT INSTITUTE OF THE USAS#:97469029Project Management Institute, Inc.Mark:P PROJECT MANAGEMENT INSTITUTES#:88673783Mark:PMIS#:75316885R#:2152599Mark:PMIS#:85369948R#:4077281Mark:PMIS#:85516984R#:4303806Mark:PMI AGILE CERTIFIED PRACTITIONER (PMI-ACP)S#:85313092R#:4199533Mark:PMI RISK MANAGEMENT PROFESSIONAL (PMI-RMP)S#:77409467R#:3588673Mark:PMI-RMPS#:77409522R#:3592718Mark:PROJECT MANAGEMENT INSTITUTES#:77679659R#:39203489746902905/03/2024Construction Management Institute of TheUnited States of America Inc.Mark:CMI ·CONSTRUCTION MANAGEMENT INSTITUTE· USA CONSTRUCTION MANAGEMENT INSTITUTE OF THE USAS#:97469029Project Management Institute, Inc.9746903605/03/2024Construction Management Institute of TheUnited States of America Inc.Mark:CMIS#:97469036Project Management Institute, Inc.8867378302/15/2024Project Management Institute, Inc.Mark:P PROJECT MANAGEMENT INSTITUTES#:886737838867380402/15/2024Project Management Institute, Inc.Mark:PS#:886738049208439102/06/2024iCapital Project Management, LLCMark:VODA GROUPS#:87890960R#:5622568FPB DNA Cleaning and Restoration LLCMark:VODA CLEANING & RESTORATIONS#:97796714Mark:VODA CLEANING & RESTORATION VS#:978140339128831411/20/2023Brightline, Inc.Mark:BRIGHTLINES#:97184156Project Management Institute, Inc.Mark:B BRIGHTLINE PROJECT MANAGEMENT INSTITUTES#:88642630R#:6555824Mark:BRIGHTLINES#:87982029R#:6037755Mark:BRIGHTLINES#:87318956R#:63290479128831511/20/2023Brightline, Inc.Mark:BRIGHTLINES#:97184158Project Management Institute, Inc.Mark:B BRIGHTLINE PROJECT MANAGEMENT INSTITUTES#:88642630R#:6555824Mark:BRIGHTLINES#:87982029R#:6037755Mark:BRIGHTLINES#:87318956R#:63290479711628710/23/2023Project Management Institute, Inc.Mark:CONSTRUCTION PROFESSIONAL IN BUILT ENVIRONMENT PROJECTSS#:971162879716457006/15/2023PROJECT MIRACLE IP HOLDINGS, LLCMark:JUKEBXS#:97164570Copperstate Farms Management, LLC9718415606/15/2023Brightline, Inc.Mark:BRIGHTLINES#:97184156Project Management Institute, Inc.9718415806/15/2023Brightline, Inc.Mark:BRIGHTLINES#:97184158Project Management Institute, Inc.9042594112/01/2022Project KindMark:PROJECT KINDS#:90425941KIND Management Inc.9042599912/01/2022Project KindMark:PROJECT KIND LOVE ONE ANOTHERS#:90425999KIND Management Inc.7931902111/21/2022Global PMI Partners, coöperatieve vennootschapMark:GLOBAL PMI PARTNERSS#:79319021Project Management Institute, Inc.9127828108/30/2022James Alan DinowMark:THE WONDERFUL AVOCADOS#:97213254The Wonderful Company LLCMark:SIMPLY WONDERFULS#:86372181R#:4715701Mark:THE WONDERFUL ACADEMYS#:88076627R#:5831691Mark:THE WONDERFUL BUTTERFLY PROJECTS#:90604433Mark:WONDERFULS#:77855511R#:3784763Mark:WONDERFULS#:85056771R#:3907814Mark:WONDERFULS#:85056772R#:3907815Mark:WONDERFULS#:85396734R#:4552106Mark:WONDERFULS#:86474680R#:4897336Mark:WONDERFULS#:86513119R#:5223598Mark:WONDERFULS#:86513115R#:5228557Mark:WONDERFULS#:88126012R#:5680760Mark:WONDERFULS#:88259078Mark:WONDERFUL AGENCYS#:88125895R#:5831856Mark:WONDERFUL AGRICULTURAL MANAGEMENTS#:88076699R#:5831693Mark:WONDERFUL ENTERTAINMENTS#:88188386Mark:WONDERFUL GIVINGS#:86213095R#:5105378Mark:WONDERFUL PICTURESS#:88188387R#:6309449Mark:WONDERFUL PISTACHIOSS#:77114811R#:34633429012944807/28/2022BRIGHT LIVE INC.Mark:BRIGHTS#:90129448Project Management Institute, Inc.",ProceedingFiling Date,ProceedingFiling Date,"Defendant(s),Property(ies)","Defendant(s),Property(ies)","Plaintiff(s),Property(ies)","Plaintiff(s),Property(ies)",9209043912/22/2025,9209043912/22/2025,Construction Management Institute of the United States of America IncMark:CMI-FSPS#:98514586R#:7661879,Construction Management Institute of the United States of America IncMark:CMI-FSPS#:98514586R#:7661879,"Project Management Institute, Inc.Mark:PMI SCHEDULING PROFESSIONAL (PMI-SP)S#:77409410R#:3562355Mark:PMI-SPS#:77404162R#:3544918","Project Management Institute, Inc.Mark:PMI SCHEDULING PROFESSIONAL (PMI-SP)S#:77409410R#:3562355Mark:PMI-SPS#:77404162R#:3544918",9907524210/14/2025,9907524210/14/2025,SYSTEM OF DISCIPLINED AGILITY INC.Mark:SYSTEM OF DISCIPLINED AGILITYS#:99075242,SYSTEM OF DISCIPLINED AGILITY INC.Mark:SYSTEM OF DISCIPLINED AGILITYS#:99075242,"Project Management Institute, Inc.","Project Management Institute, Inc.",9842928105/09/2025,9842928105/09/2025,,,"Strategic Project Solutions, Inc.Mark:PROJECT PRODUCTION MANAGEMENTS#:98429281","Strategic Project Solutions, Inc.Mark:PROJECT PRODUCTION MANAGEMENTS#:98429281",9842946705/09/2025,9842946705/09/2025,,,"Strategic Project Solutions, Inc.Mark:PROJECT PRODUCTION MANAGEMENTS#:98429467","Strategic Project Solutions, Inc.Mark:PROJECT PRODUCTION MANAGEMENTS#:98429467",9208826105/02/2025,9208826105/02/2025,"Royal Mechanical Services, Inc.Mark:ROYAL PROJECT MANAGEMENT FACILITY SOLUTIONSS#:77854928R#:3827316","Royal Mechanical Services, Inc.Mark:ROYAL PROJECT MANAGEMENT FACILITY SOLUTIONSS#:77854928R#:3827316","Royal Flush Plumbing, Inc.","Royal Flush Plumbing, Inc.",9864621902/20/2025,9864621902/20/2025,"TBS Project, LLCMark:KIND BUD CLUBS#:98646219","TBS Project, LLCMark:KIND BUD CLUBS#:98646219",KIND Management LLC,KIND Management LLC,8828445101/13/2025,8828445101/13/2025,,,"Project Management Leadership Group, Inc.Mark:CPM BOOT CAMPS#:88284451","Project Management Leadership Group, Inc.Mark:CPM BOOT CAMPS#:88284451",9129330308/14/2024,9129330308/14/2024,Construction Management Institute of the United States of America Inc.Mark:CMIS#:97469036,Construction Management Institute of the United States of America Inc.Mark:CMIS#:97469036,"Project Management Institute, Inc.Mark:PMIS#:75316885R#:2152599Mark:PMIS#:85369948R#:4077281Mark:PMIS#:85516984R#:4303806Mark:PMI AGILE CERTIFIED PRACTITIONER (PMI-ACP)S#:85313092R#:4199533Mark:PMI RISK MANAGEMENT PROFESSIONAL (PMI-RMP)S#:77409467R#:3588673Mark:PMI-RMPS#:77409522R#:3592718","Project Management Institute, Inc.Mark:PMIS#:75316885R#:2152599Mark:PMIS#:85369948R#:4077281Mark:PMIS#:85516984R#:4303806Mark:PMI AGILE CERTIFIED PRACTITIONER (PMI-ACP)S#:85313092R#:4199533Mark:PMI RISK MANAGEMENT PROFESSIONAL (PMI-RMP)S#:77409467R#:3588673Mark:PMI-RMPS#:77409522R#:3592718",9129330408/14/2024,9129330408/14/2024,Construction Management Institute of the United States of America Inc.Mark:CMI ·CONSTRUCTION MANAGEMENT INSTITUTE· USA CONSTRUCTION MANAGEMENT INSTITUTE OF THE USAS#:97469029,Construction Management Institute of the United States of America Inc.Mark:CMI ·CONSTRUCTION MANAGEMENT INSTITUTE· USA CONSTRUCTION MANAGEMENT INSTITUTE OF THE USAS#:97469029,"Project Management Institute, Inc.Mark:P PROJECT MANAGEMENT INSTITUTES#:88673783Mark:PMIS#:75316885R#:2152599Mark:PMIS#:85369948R#:4077281Mark:PMIS#:85516984R#:4303806Mark:PMI AGILE CERTIFIED PRACTITIONER (PMI-ACP)S#:85313092R#:4199533Mark:PMI RISK MANAGEMENT PROFESSIONAL (PMI-RMP)S#:77409467R#:3588673Mark:PMI-RMPS#:77409522R#:3592718Mark:PROJECT MANAGEMENT INSTITUTES#:77679659R#:3920348","Project Management Institute, Inc.Mark:P PROJECT MANAGEMENT INSTITUTES#:88673783Mark:PMIS#:75316885R#:2152599Mark:PMIS#:85369948R#:4077281Mark:PMIS#:85516984R#:4303806Mark:PMI AGILE CERTIFIED PRACTITIONER (PMI-ACP)S#:85313092R#:4199533Mark:PMI RISK MANAGEMENT PROFESSIONAL (PMI-RMP)S#:77409467R#:3588673Mark:PMI-RMPS#:77409522R#:3592718Mark:PROJECT MANAGEMENT INSTITUTES#:77679659R#:3920348",9746902905/03/2024,9746902905/03/2024,Construction Management Institute of TheUnited States of America Inc.Mark:CMI ·CONSTRUCTION MANAGEMENT INSTITUTE· USA CONSTRUCTION MANAGEMENT INSTITUTE OF THE USAS#:97469029,Construction Management Institute of TheUnited States of America Inc.Mark:CMI ·CONSTRUCTION MANAGEMENT INSTITUTE· USA CONSTRUCTION MANAGEMENT INSTITUTE OF THE USAS#:97469029,"Project Management Institute, Inc.","Project Management Institute, Inc.",9746903605/03/2024,9746903605/03/2024,Construction Management Institute of TheUnited States of America Inc.Mark:CMIS#:97469036,Construction Management Institute of TheUnited States of America Inc.Mark:CMIS#:97469036,"Project Management Institute, Inc.","Project Management Institute, Inc.",8867378302/15/2024,8867378302/15/2024,,,"Project Management Institute, Inc.Mark:P PROJECT MANAGEMENT INSTITUTES#:88673783","Project Management Institute, Inc.Mark:P PROJECT MANAGEMENT INSTITUTES#:88673783",8867380402/15/2024,8867380402/15/2024,,,"Project Management Institute, Inc.Mark:PS#:88673804","Project Management Institute, Inc.Mark:PS#:88673804",9208439102/06/2024,9208439102/06/2024,"iCapital Project Management, LLCMark:VODA GROUPS#:87890960R#:5622568","iCapital Project Management, LLCMark:VODA GROUPS#:87890960R#:5622568",FPB DNA Cleaning and Restoration LLCMark:VODA CLEANING & RESTORATIONS#:97796714Mark:VODA CLEANING & RESTORATION VS#:97814033,FPB DNA Cleaning and Restoration LLCMark:VODA CLEANING & RESTORATIONS#:97796714Mark:VODA CLEANING & RESTORATION VS#:97814033,9128831411/20/2023,9128831411/20/2023,"Brightline, Inc.Mark:BRIGHTLINES#:97184156","Brightline, Inc.Mark:BRIGHTLINES#:97184156","Project Management Institute, Inc.Mark:B BRIGHTLINE PROJECT MANAGEMENT INSTITUTES#:88642630R#:6555824Mark:BRIGHTLINES#:87982029R#:6037755Mark:BRIGHTLINES#:87318956R#:6329047","Project Management Institute, Inc.Mark:B BRIGHTLINE PROJECT MANAGEMENT INSTITUTES#:88642630R#:6555824Mark:BRIGHTLINES#:87982029R#:6037755Mark:BRIGHTLINES#:87318956R#:6329047",9128831511/20/2023,9128831511/20/2023,"Brightline, Inc.Mark:BRIGHTLINES#:97184158","Brightline, Inc.Mark:BRIGHTLINES#:97184158","Project Management Institute, Inc.Mark:B BRIGHTLINE PROJECT MANAGEMENT INSTITUTES#:88642630R#:6555824Mark:BRIGHTLINES#:87982029R#:6037755Mark:BRIGHTLINES#:87318956R#:6329047","Project Management Institute, Inc.Mark:B BRIGHTLINE PROJECT MANAGEMENT INSTITUTES#:88642630R#:6555824Mark:BRIGHTLINES#:87982029R#:6037755Mark:BRIGHTLINES#:87318956R#:6329047",9711628710/23/2023,9711628710/23/2023,,,"Project Management Institute, Inc.Mark:CONSTRUCTION PROFESSIONAL IN BUILT ENVIRONMENT PROJECTSS#:97116287","Project Management Institute, Inc.Mark:CONSTRUCTION PROFESSIONAL IN BUILT ENVIRONMENT PROJECTSS#:97116287",9716457006/15/2023,9716457006/15/2023,"PROJECT MIRACLE IP HOLDINGS, LLCMark:JUKEBXS#:97164570","PROJECT MIRACLE IP HOLDINGS, LLCMark:JUKEBXS#:97164570","Copperstate Farms Management, LLC","Copperstate Farms Management, LLC",9718415606/15/2023,9718415606/15/2023,"Brightline, Inc.Mark:BRIGHTLINES#:97184156","Brightline, Inc.Mark:BRIGHTLINES#:97184156","Project Management Institute, Inc.","Project Management Institute, Inc.",9718415806/15/2023,9718415806/15/2023,"Brightline, Inc.Mark:BRIGHTLINES#:97184158","Brightline, Inc.Mark:BRIGHTLINES#:97184158","Project Management Institute, Inc.","Project Management Institute, Inc.",9042594112/01/2022,9042594112/01/2022,Project KindMark:PROJECT KINDS#:90425941,Project KindMark:PROJECT KINDS#:90425941,KIND Management Inc.,KIND Management Inc.,9042599912/01/2022,9042599912/01/2022,Project KindMark:PROJECT KIND LOVE ONE ANOTHERS#:90425999,Project KindMark:PROJECT KIND LOVE ONE ANOTHERS#:90425999,KIND Management Inc.,KIND Management Inc.,7931902111/21/2022,7931902111/21/2022,"Global PMI Partners, coöperatieve vennootschapMark:GLOBAL PMI PARTNERSS#:79319021","Global PMI Partners, coöperatieve vennootschapMark:GLOBAL PMI PARTNERSS#:79319021","Project Management Institute, Inc.","Project Management Institute, Inc.",9127828108/30/2022,9127828108/30/2022,James Alan DinowMark:THE WONDERFUL AVOCADOS#:97213254,James Alan DinowMark:THE WONDERFUL AVOCADOS#:97213254,The Wonderful Company LLCMark:SIMPLY WONDERFULS#:86372181R#:4715701Mark:THE WONDERFUL ACADEMYS#:88076627R#:5831691Mark:THE WONDERFUL BUTTERFLY PROJECTS#:90604433Mark:WONDERFULS#:77855511R#:3784763Mark:WONDERFULS#:85056771R#:3907814Mark:WONDERFULS#:85056772R#:3907815Mark:WONDERFULS#:85396734R#:4552106Mark:WONDERFULS#:86474680R#:4897336Mark:WONDERFULS#:86513119R#:5223598Mark:WONDERFULS#:86513115R#:5228557Mark:WONDERFULS#:88126012R#:5680760Mark:WONDERFULS#:88259078Mark:WONDERFUL AGENCYS#:88125895R#:5831856Mark:WONDERFUL AGRICULTURAL MANAGEMENTS#:88076699R#:5831693Mark:WONDERFUL ENTERTAINMENTS#:88188386Mark:WONDERFUL GIVINGS#:86213095R#:5105378Mark:WONDERFUL PICTURESS#:88188387R#:6309449Mark:WONDERFUL PISTACHIOSS#:77114811R#:3463342,The Wonderful Company LLCMark:SIMPLY WONDERFULS#:86372181R#:4715701Mark:THE WONDERFUL ACADEMYS#:88076627R#:5831691Mark:THE WONDERFUL BUTTERFLY PROJECTS#:90604433Mark:WONDERFULS#:77855511R#:3784763Mark:WONDERFULS#:85056771R#:3907814Mark:WONDERFULS#:85056772R#:3907815Mark:WONDERFULS#:85396734R#:4552106Mark:WONDERFULS#:86474680R#:4897336Mark:WONDERFULS#:86513119R#:5223598Mark:WONDERFULS#:86513115R#:5228557Mark:WONDERFULS#:88126012R#:5680760Mark:WONDERFULS#:88259078Mark:WONDERFUL AGENCYS#:88125895R#:5831856Mark:WONDERFUL AGRICULTURAL MANAGEMENTS#:88076699R#:5831693Mark:WONDERFUL ENTERTAINMENTS#:88188386Mark:WONDERFUL GIVINGS#:86213095R#:5105378Mark:WONDERFUL PICTURESS#:88188387R#:6309449Mark:WONDERFUL PISTACHIOSS#:77114811R#:3463342,9012944807/28/2022,9012944807/28/2022,BRIGHT LIVE INC.Mark:BRIGHTS#:90129448,BRIGHT LIVE INC.Mark:BRIGHTS#:90129448,"Project Management Institute, Inc.","Project Management Institute, Inc.",,,,,v?pno=92090439&pty=CAN,6,0,False
ProceedingFiling Date,ProceedingFiling Date,"Defendant(s),Property(ies)","Defendant(s),Property(ies)","Plaintiff(s),Property(ies)","Plaintiff(s),Property(ies)",,,,,,,,,,,,,,,,,,,,,,,,,,,,,,,,,,,,,,,,,,,,,,,,,,,,,,,,,,,,,,,,,,,,,,,,,,,,,,,,,,,,,,,,,,,,,,,,,,,,,,,,,,,,,,,,,,,,,,,,,,,,,,,,,,,,,,,,,,,,,,,,,,,,,,,,,,,,,6,1,False
ProceedingFiling Date,,,,,,,,,,,,,,,,,,,,,,,,,,,,,,,,,,,,,,,,,,,,,,,,,,,,,,,,,,,,,,,,,,,,,,,,,,,,,,,,,,,,,,,,,,,,,,,,,,,,,,,,,,,,,,,,,,,,,,,,,,,,,,,,,,,,,,,,,,,,,,,,,,,,,,,,,,,,,,,,,,6,2,False
"Defendant(s),Property(ies)",,,,,,,,,,,,,,,,,,,,,,,,,,,,,,,,,,,,,,,,,,,,,,,,,,,,,,,,,,,,,,,,,,,,,,,,,,,,,,,,,,,,,,,,,,,,,,,,,,,,,,,,,,,,,,,,,,,,,,,,,,,,,,,,,,,,,,,,,,,,,,,,,,,,,,,,,,,,,,,,,,6,3,False
"Plaintiff(s),Property(ies)",,,,,,,,,,,,,,,,,,,,,,,,,,,,,,,,,,,,,,,,,,,,,,,,,,,,,,,,,,,,,,,,,,,,,,,,,,,,,,,,,,,,,,,,,,,,,,,,,,,,,,,,,,,,,,,,,,,,,,,,,,,,,,,,,,,,,,,,,,,,,,,,,,,,,,,,,,,,,,,,,,6,4,False
9209043912/22/2025,9209043912/22/2025,Construction Management Institute of the United States of America IncMark:CMI-FSPS#:98514586R#:7661879,Construction Management Institute of the United States of America IncMark:CMI-FSPS#:98514586R#:7661879,"Project Management Institute, Inc.Mark:PMI SCHEDULING PROFESSIONAL (PMI-SP)S#:77409410R#:3562355Mark:PMI-SPS#:77404162R#:3544918","Project Management Institute, Inc.Mark:PMI SCHEDULING PROFESSIONAL (PMI-SP)S#:77409410R#:3562355Mark:PMI-SPS#:77404162R#:3544918",,,,,,,,,,,,,,,,,,,,,,,,,,,,,,,,,,,,,,,,,,,,,,,,,,,,,,,,,,,,,,,,,,,,,,,,,,,,,,,,,,,,,,,,,,,,,,,,,,,,,,,,,,,,,,,,,,,,,,,,,,,,,,,,,,,,,,,,,,,,,,,,,,,,,,,,,,,,v?pno=92090439&pty=CAN,6,5,False
9209043912/22/2025,,,,,,,,,,,,,,,,,,,,,,,,,,,,,,,,,,,,,,,,,,,,,,,,,,,,,,,,,,,,,,,,,,,,,,,,,,,,,,,,,,,,,,,,,,,,,,,,,,,,,,,,,,,,,,,,,,,,,,,,,,,,,,,,,,,,,,,,,,,,,,,,,,,,,,,,,,,,,,,,,v?pno=92090439&pty=CAN,6,6,False
Construction Management Institute of the United States of America IncMark:CMI-FSPS#:98514586R#:7661879,,,,,,,,,,,,,,,,,,,,,,,,,,,,,,,,,,,,,,,,,,,,,,,,,,,,,,,,,,,,,,,,,,,,,,,,,,,,,,,,,,,,,,,,,,,,,,,,,,,,,,,,,,,,,,,,,,,,,,,,,,,,,,,,,,,,,,,,,,,,,,,,,,,,,,,,,,,,,,,,,v?pnam=Construction%20Management%20Institute%20of%20the%20United%20States%20of%20America%20Inc%20%20,6,7,False
"Project Management Institute, Inc.Mark:PMI SCHEDULING PROFESSIONAL (PMI-SP)S#:77409410R#:3562355Mark:PMI-SPS#:77404162R#:3544918",,,,,,,,,,,,,,,,,,,,,,,,,,,,,,,,,,,,,,,,,,,,,,,,,,,,,,,,,,,,,,,,,,,,,,,,,,,,,,,,,,,,,,,,,,,,,,,,,,,,,,,,,,,,,,,,,,,,,,,,,,,,,,,,,,,,,,,,,,,,,,,,,,,,,,,,,,,,,,,,,"v?pnam=Project%20Management%20Institute,%20Inc.%20%20",6,8,False
9907524210/14/2025,9907524210/14/2025,SYSTEM OF DISCIPLINED AGILITY INC.Mark:SYSTEM OF DISCIPLINED AGILITYS#:99075242,SYSTEM OF DISCIPLINED AGILITY INC.Mark:SYSTEM OF DISCIPLINED AGILITYS#:99075242,"Project Management Institute, Inc.","Project Management Institute, Inc.",,,,,,,,,,,,,,,,,,,,,,,,,,,,,,,,,,,,,,,,,,,,,,,,,,,,,,,,,,,,,,,,,,,,,,,,,,,,,,,,,,,,,,,,,,,,,,,,,,,,,,,,,,,,,,,,,,,,,,,,,,,,,,,,,,,,,,,,,,,,,,,,,,,,,,,,,,,,v?pno=99075242&pty=EXT,6,9,False
9907524210/14/2025,,,,,,,,,,,,,,,,,,,,,,,,,,,,,,,,,,,,,,,,,,,,,,,,,,,,,,,,,,,,,,,,,,,,,,,,,,,,,,,,,,,,,,,,,,,,,,,,,,,,,,,,,,,,,,,,,,,,,,,,,,,,,,,,,,,,,,,,,,,,,,,,,,,,,,,,,,,,,,,,,v?pno=99075242&pty=EXT,6,10,False
SYSTEM OF DISCIPLINED AGILITY INC.Mark:SYSTEM OF DISCIPLINED AGILITYS#:99075242,,,,,,,,,,,,,,,,,,,,,,,,,,,,,,,,,,,,,,,,,,,,,,,,,,,,,,,,,,,,,,,,,,,,,,,,,,,,,,,,,,,,,,,,,,,,,,,,,,,,,,,,,,,,,,,,,,,,,,,,,,,,,,,,,,,,,,,,,,,,,,,,,,,,,,,,,,,,,,,,,v?pnam=SYSTEM%20OF%20DISCIPLINED%20AGILITY%20INC.%20%20,6,11,False
"Project Management Institute, Inc.",,,,,,,,,,,,,,,,,,,,,,,,,,,,,,,,,,,,,,,,,,,,,,,,,,,,,,,,,,,,,,,,,,,,,,,,,,,,,,,,,,,,,,,,,,,,,,,,,,,,,,,,,,,,,,,,,,,,,,,,,,,,,,,,,,,,,,,,,,,,,,,,,,,,,,,,,,,,,,,,,"v?pnam=Project%20Management%20Institute,%20Inc.%20%20",6,12,False
9842928105/09/2025,9842928105/09/2025,,,"Strategic Project Solutions, Inc.Mark:PROJECT PRODUCTION MANAGEMENTS#:98429281","Strategic Project Solutions, Inc.Mark:PROJECT PRODUCTION MANAGEMENTS#:98429281",,,,,,,,,,,,,,,,,,,,,,,,,,,,,,,,,,,,,,,,,,,,,,,,,,,,,,,,,,,,,,,,,,,,,,,,,,,,,,,,,,,,,,,,,,,,,,,,,,,,,,,,,,,,,,,,,,,,,,,,,,,,,,,,,,,,,,,,,,,,,,,,,,,,,,,,,,,,v?pno=98429281&pty=EXA,6,13,False
9842928105/09/2025,,,,,,,,,,,,,,,,,,,,,,,,,,,,,,,,,,,,,,,,,,,,,,,,,,,,,,,,,,,,,,,,,,,,,,,,,,,,,,,,,,,,,,,,,,,,,,,,,,,,,,,,,,,,,,,,,,,,,,,,,,,,,,,,,,,,,,,,,,,,,,,,,,,,,,,,,,,,,,,,,v?pno=98429281&pty=EXA,6,14,False
,,,,,,,,,,,,,,,,,,,,,,,,,,,,,,,,,,,,,,,,,,,,,,,,,,,,,,,,,,,,,,,,,,,,,,,,,,,,,,,,,,,,,,,,,,,,,,,,,,,,,,,,,,,,,,,,,,,,,,,,,,,,,,,,,,,,,,,,,,,,,,,,,,,,,,,,,,,,,,,,,,6,15,False
"Strategic Project Solutions, Inc.Mark:PROJECT PRODUCTION MANAGEMENTS#:98429281",,,,,,,,,,,,,,,,,,,,,,,,,,,,,,,,,,,,,,,,,,,,,,,,,,,,,,,,,,,,,,,,,,,,,,,,,,,,,,,,,,,,,,,,,,,,,,,,,,,,,,,,,,,,,,,,,,,,,,,,,,,,,,,,,,,,,,,,,,,,,,,,,,,,,,,,,,,,,,,,,"v?pnam=Strategic%20Project%20Solutions,%20Inc.%20%20",6,16,False
9842946705/09/2025,9842946705/09/2025,,,"Strategic Project Solutions, Inc.Mark:PROJECT PRODUCTION MANAGEMENTS#:98429467","Strategic Project Solutions, Inc.Mark:PROJECT PRODUCTION MANAGEMENTS#:98429467",,,,,,,,,,,,,,,,,,,,,,,,,,,,,,,,,,,,,,,,,,,,,,,,,,,,,,,,,,,,,,,,,,,,,,,,,,,,,,,,,,,,,,,,,,,,,,,,,,,,,,,,,,,,,,,,,,,,,,,,,,,,,,,,,,,,,,,,,,,,,,,,,,,,,,,,,,,,v?pno=98429467&pty=EXA,6,17,False
9842946705/09/2025,,,,,,,,,,,,,,,,,,,,,,,,,,,,,,,,,,,,,,,,,,,,,,,,,,,,,,,,,,,,,,,,,,,,,,,,,,,,,,,,,,,,,,,,,,,,,,,,,,,,,,,,,,,,,,,,,,,,,,,,,,,,,,,,,,,,,,,,,,,,,,,,,,,,,,,,,,,,,,,,,v?pno=98429467&pty=EXA,6,18,False
,,,,,,,,,,,,,,,,,,,,,,,,,,,,,,,,,,,,,,,,,,,,,,,,,,,,,,,,,,,,,,,,,,,,,,,,,,,,,,,,,,,,,,,,,,,,,,,,,,,,,,,,,,,,,,,,,,,,,,,,,,,,,,,,,,,,,,,,,,,,,,,,,,,,,,,,,,,,,,,,,,6,19,False
"Strategic Project Solutions, Inc.Mark:PROJECT PRODUCTION MANAGEMENTS#:98429467",,,,,,,,,,,,,,,,,,,,,,,,,,,,,,,,,,,,,,,,,,,,,,,,,,,,,,,,,,,,,,,,,,,,,,,,,,,,,,,,,,,,,,,,,,,,,,,,,,,,,,,,,,,,,,,,,,,,,,,,,,,,,,,,,,,,,,,,,,,,,,,,,,,,,,,,,,,,,,,,,"v?pnam=Strategic%20Project%20Solutions,%20Inc.%20%20",6,20,False
9208826105/02/2025,9208826105/02/2025,"Royal Mechanical Services, Inc.Mark:ROYAL PROJECT MANAGEMENT FACILITY SOLUTIONSS#:77854928R#:3827316","Royal Mechanical Services, Inc.Mark:ROYAL PROJECT MANAGEMENT FACILITY SOLUTIONSS#:77854928R#:3827316","Royal Flush Plumbing, Inc.","Royal Flush Plumbing, Inc.",,,,,,,,,,,,,,,,,,,,,,,,,,,,,,,,,,,,,,,,,,,,,,,,,,,,,,,,,,,,,,,,,,,,,,,,,,,,,,,,,,,,,,,,,,,,,,,,,,,,,,,,,,,,,,,,,,,,,,,,,,,,,,,,,,,,,,,,,,,,,,,,,,,,,,,,,,,,v?pno=92088261&pty=CAN,6,21,False
9208826105/02/2025,,,,,,,,,,,,,,,,,,,,,,,,,,,,,,,,,,,,,,,,,,,,,,,,,,,,,,,,,,,,,,,,,,,,,,,,,,,,,,,,,,,,,,,,,,,,,,,,,,,,,,,,,,,,,,,,,,,,,,,,,,,,,,,,,,,,,,,,,,,,,,,,,,,,,,,,,,,,,,,,,v?pno=92088261&pty=CAN,6,22,False
"Royal Mechanical Services, Inc.Mark:ROYAL PROJECT MANAGEMENT FACILITY SOLUTIONSS#:77854928R#:3827316",,,,,,,,,,,,,,,,,,,,,,,,,,,,,,,,,,,,,,,,,,,,,,,,,,,,,,,,,,,,,,,,,,,,,,,,,,,,,,,,,,,,,,,,,,,,,,,,,,,,,,,,,,,,,,,,,,,,,,,,,,,,,,,,,,,,,,,,,,,,,,,,,,,,,,,,,,,,,,,,,"v?pnam=Royal%20Mechanical%20Services,%20Inc.%20%20",6,23,False
"Royal Flush Plumbing, Inc.",,,,,,,,,,,,,,,,,,,,,,,,,,,,,,,,,,,,,,,,,,,,,,,,,,,,,,,,,,,,,,,,,,,,,,,,,,,,,,,,,,,,,,,,,,,,,,,,,,,,,,,,,,,,,,,,,,,,,,,,,,,,,,,,,,,,,,,,,,,,,,,,,,,,,,,,,,,,,,,,,"v?pnam=Royal%20Flush%20Plumbing,%20Inc.%20%20",6,24,False
9864621902/20/2025,9864621902/20/2025,"TBS Project, LLCMark:KIND BUD CLUBS#:98646219","TBS Project, LLCMark:KIND BUD CLUBS#:98646219",KIND Management LLC,KIND Management LLC,,,,,,,,,,,,,,,,,,,,,,,,,,,,,,,,,,,,,,,,,,,,,,,,,,,,,,,,,,,,,,,,,,,,,,,,,,,,,,,,,,,,,,,,,,,,,,,,,,,,,,,,,,,,,,,,,,,,,,,,,,,,,,,,,,,,,,,,,,,,,,,,,,,,,,,,,,,,v?pno=98646219&pty=EXT,6,25,False
9864621902/20/2025,,,,,,,,,,,,,,,,,,,,,,,,,,,,,,,,,,,,,,,,,,,,,,,,,,,,,,,,,,,,,,,,,,,,,,,,,,,,,,,,,,,,,,,,,,,,,,,,,,,,,,,,,,,,,,,,,,,,,,,,,,,,,,,,,,,,,,,,,,,,,,,,,,,,,,,,,,,,,,,,,v?pno=98646219&pty=EXT,6,26,False
"TBS Project, LLCMark:KIND BUD CLUBS#:98646219",,,,,,,,,,,,,,,,,,,,,,,,,,,,,,,,,,,,,,,,,,,,,,,,,,,,,,,,,,,,,,,,,,,,,,,,,,,,,,,,,,,,,,,,,,,,,,,,,,,,,,,,,,,,,,,,,,,,,,,,,,,,,,,,,,,,,,,,,,,,,,,,,,,,,,,,,,,,,,,,,"v?pnam=TBS%20Project,%20LLC%20%20",6,27,False
KIND Management LLC,,,,,,,,,,,,,,,,,,,,,,,,,,,,,,,,,,,,,,,,,,,,,,,,,,,,,,,,,,,,,,,,,,,,,,,,,,,,,,,,,,,,,,,,,,,,,,,,,,,,,,,,,,,,,,,,,,,,,,,,,,,,,,,,,,,,,,,,,,,,,,,,,,,,,,,,,,,,,,,,,v?pnam=KIND%20Management%20LLC%20%20,6,28,False
8828445101/13/2025,8828445101/13/2025,,,"Project Management Leadership Group, Inc.Mark:CPM BOOT CAMPS#:88284451","Project Management Leadership Group, Inc.Mark:CPM BOOT CAMPS#:88284451",,,,,,,,,,,,,,,,,,,,,,,,,,,,,,,,,,,,,,,,,,,,,,,,,,,,,,,,,,,,,,,,,,,,,,,,,,,,,,,,,,,,,,,,,,,,,,,,,,,,,,,,,,,,,,,,,,,,,,,,,,,,,,,,,,,,,,,,,,,,,,,,,,,,,,,,,,,,v?pno=88284451&pty=EXA,6,29,False
8828445101/13/2025,,,,,,,,,,,,,,,,,,,,,,,,,,,,,,,,,,,,,,,,,,,,,,,,,,,,,,,,,,,,,,,,,,,,,,,,,,,,,,,,,,,,,,,,,,,,,,,,,,,,,,,,,,,,,,,,,,,,,,,,,,,,,,,,,,,,,,,,,,,,,,,,,,,,,,,,,,,,,,,,,v?pno=88284451&pty=EXA,6,30,False
,,,,,,,,,,,,,,,,,,,,,,,,,,,,,,,,,,,,,,,,,,,,,,,,,,,,,,,,,,,,,,,,,,,,,,,,,,,,,,,,,,,,,,,,,,,,,,,,,,,,,,,,,,,,,,,,,,,,,,,,,,,,,,,,,,,,,,,,,,,,,,,,,,,,,,,,,,,,,,,,,,6,31,False
"Project Management Leadership Group, Inc.Mark:CPM BOOT CAMPS#:88284451",,,,,,,,,,,,,,,,,,,,,,,,,,,,,,,,,,,,,,,,,,,,,,,,,,,,,,,,,,,,,,,,,,,,,,,,,,,,,,,,,,,,,,,,,,,,,,,,,,,,,,,,,,,,,,,,,,,,,,,,,,,,,,,,,,,,,,,,,,,,,,,,,,,,,,,,,,,,,,,,,"v?pnam=Project%20Management%20Leadership%20Group,%20Inc.%20%20",6,32,False
9129330308/14/2024,9129330308/14/2024,Construction Management Institute of the United States of America Inc.Mark:CMIS#:97469036,Construction Management Institute of the United States of America Inc.Mark:CMIS#:97469036,"Project Management Institute, Inc.Mark:PMIS#:75316885R#:2152599Mark:PMIS#:85369948R#:4077281Mark:PMIS#:85516984R#:4303806Mark:PMI AGILE CERTIFIED PRACTITIONER (PMI-ACP)S#:85313092R#:4199533Mark:PMI RISK MANAGEMENT PROFESSIONAL (PMI-RMP)S#:77409467R#:3588673Mark:PMI-RMPS#:77409522R#:3592718","Project Management Institute, Inc.Mark:PMIS#:75316885R#:2152599Mark:PMIS#:85369948R#:4077281Mark:PMIS#:85516984R#:4303806Mark:PMI AGILE CERTIFIED PRACTITIONER (PMI-ACP)S#:85313092R#:4199533Mark:PMI RISK MANAGEMENT PROFESSIONAL (PMI-RMP)S#:77409467R#:3588673Mark:PMI-RMPS#:77409522R#:3592718",,,,,,,,,,,,,,,,,,,,,,,,,,,,,,,,,,,,,,,,,,,,,,,,,,,,,,,,,,,,,,,,,,,,,,,,,,,,,,,,,,,,,,,,,,,,,,,,,,,,,,,,,,,,,,,,,,,,,,,,,,,,,,,,,,,,,,,,,,,,,,,,,,,,,,,,,,,,v?pno=91293303&pty=OPP,6,33,False
9129330308/14/2024,,,,,,,,,,,,,,,,,,,,,,,,,,,,,,,,,,,,,,,,,,,,,,,,,,,,,,,,,,,,,,,,,,,,,,,,,,,,,,,,,,,,,,,,,,,,,,,,,,,,,,,,,,,,,,,,,,,,,,,,,,,,,,,,,,,,,,,,,,,,,,,,,,,,,,,,,,,,,,,,,v?pno=91293303&pty=OPP,6,34,False
Construction Management Institute of the United States of America Inc.Mark:CMIS#:97469036,,,,,,,,,,,,,,,,,,,,,,,,,,,,,,,,,,,,,,,,,,,,,,,,,,,,,,,,,,,,,,,,,,,,,,,,,,,,,,,,,,,,,,,,,,,,,,,,,,,,,,,,,,,,,,,,,,,,,,,,,,,,,,,,,,,,,,,,,,,,,,,,,,,,,,,,,,,,,,,,,v?pnam=Construction%20Management%20Institute%20of%20the%20United%20States%20of%20America%20Inc.%20%20,6,35,False
"Project Management Institute, Inc.Mark:PMIS#:75316885R#:2152599Mark:PMIS#:85369948R#:4077281Mark:PMIS#:85516984R#:4303806Mark:PMI AGILE CERTIFIED PRACTITIONER (PMI-ACP)S#:85313092R#:4199533Mark:PMI RISK MANAGEMENT PROFESSIONAL (PMI-RMP)S#:77409467R#:3588673Mark:PMI-RMPS#:77409522R#:3592718",,,,,,,,,,,,,,,,,,,,,,,,,,,,,,,,,,,,,,,,,,,,,,,,,,,,,,,,,,,,,,,,,,,,,,,,,,,,,,,,,,,,,,,,,,,,,,,,,,,,,,,,,,,,,,,,,,,,,,,,,,,,,,,,,,,,,,,,,,,,,,,,,,,,,,,,,,,,,,,,,"v?pnam=Project%20Management%20Institute,%20Inc.%20%20",6,36,False
9129330408/14/2024,9129330408/14/2024,Construction Management Institute of the United States of America Inc.Mark:CMI ·CONSTRUCTION MANAGEMENT INSTITUTE· USA CONSTRUCTION MANAGEMENT INSTITUTE OF THE USAS#:97469029,Construction Management Institute of the United States of America Inc.Mark:CMI ·CONSTRUCTION MANAGEMENT INSTITUTE· USA CONSTRUCTION MANAGEMENT INSTITUTE OF THE USAS#:97469029,"Project Management Institute, Inc.Mark:P PROJECT MANAGEMENT INSTITUTES#:88673783Mark:PMIS#:75316885R#:2152599Mark:PMIS#:85369948R#:4077281Mark:PMIS#:85516984R#:4303806Mark:PMI AGILE CERTIFIED PRACTITIONER (PMI-ACP)S#:85313092R#:4199533Mark:PMI RISK MANAGEMENT PROFESSIONAL (PMI-RMP)S#:77409467R#:3588673Mark:PMI-RMPS#:77409522R#:3592718Mark:PROJECT MANAGEMENT INSTITUTES#:77679659R#:3920348","Project Management Institute, Inc.Mark:P PROJECT MANAGEMENT INSTITUTES#:88673783Mark:PMIS#:75316885R#:2152599Mark:PMIS#:85369948R#:4077281Mark:PMIS#:85516984R#:4303806Mark:PMI AGILE CERTIFIED PRACTITIONER (PMI-ACP)S#:85313092R#:4199533Mark:PMI RISK MANAGEMENT PROFESSIONAL (PMI-RMP)S#:77409467R#:3588673Mark:PMI-RMPS#:77409522R#:3592718Mark:PROJECT MANAGEMENT INSTITUTES#:77679659R#:3920348",,,,,,,,,,,,,,,,,,,,,,,,,,,,,,,,,,,,,,,,,,,,,,,,,,,,,,,,,,,,,,,,,,,,,,,,,,,,,,,,,,,,,,,,,,,,,,,,,,,,,,,,,,,,,,,,,,,,,,,,,,,,,,,,,,,,,,,,,,,,,,,,,,,,,,,,,,,,v?pno=91293304&pty=OPP,6,37,False
9129330408/14/2024,,,,,,,,,,,,,,,,,,,,,,,,,,,,,,,,,,,,,,,,,,,,,,,,,,,,,,,,,,,,,,,,,,,,,,,,,,,,,,,,,,,,,,,,,,,,,,,,,,,,,,,,,,,,,,,,,,,,,,,,,,,,,,,,,,,,,,,,,,,,,,,,,,,,,,,,,,,,,,,,,v?pno=91293304&pty=OPP,6,38,False
Construction Management Institute of the United States of America Inc.Mark:CMI ·CONSTRUCTION MANAGEMENT INSTITUTE· USA CONSTRUCTION MANAGEMENT INSTITUTE OF THE USAS#:97469029,,,,,,,,,,,,,,,,,,,,,,,,,,,,,,,,,,,,,,,,,,,,,,,,,,,,,,,,,,,,,,,,,,,,,,,,,,,,,,,,,,,,,,,,,,,,,,,,,,,,,,,,,,,,,,,,,,,,,,,,,,,,,,,,,,,,,,,,,,,,,,,,,,,,,,,,,,,,,,,,,v?pnam=Construction%20Management%20Institute%20of%20the%20United%20States%20of%20America%20Inc.%20%20,6,39,False
"Project Management Institute, Inc.Mark:P PROJECT MANAGEMENT INSTITUTES#:88673783Mark:PMIS#:75316885R#:2152599Mark:PMIS#:85369948R#:4077281Mark:PMIS#:85516984R#:4303806Mark:PMI AGILE CERTIFIED PRACTITIONER (PMI-ACP)S#:85313092R#:4199533Mark:PMI RISK MANAGEMENT PROFESSIONAL (PMI-RMP)S#:77409467R#:3588673Mark:PMI-RMPS#:77409522R#:3592718Mark:PROJECT MANAGEMENT INSTITUTES#:77679659R#:3920348",,,,,,,,,,,,,,,,,,,,,,,,,,,,,,,,,,,,,,,,,,,,,,,,,,,,,,,,,,,,,,,,,,,,,,,,,,,,,,,,,,,,,,,,,,,,,,,,,,,,,,,,,,,,,,,,,,,,,,,,,,,,,,,,,,,,,,,,,,,,,,,,,,,,,,,,,,,,,,,,,"v?pnam=Project%20Management%20Institute,%20Inc.%20%20",6,40,False
9746902905/03/2024,9746902905/03/2024,Construction Management Institute of TheUnited States of America Inc.Mark:CMI ·CONSTRUCTION MANAGEMENT INSTITUTE· USA CONSTRUCTION MANAGEMENT INSTITUTE OF THE USAS#:97469029,Construction Management Institute of TheUnited States of America Inc.Mark:CMI ·CONSTRUCTION MANAGEMENT INSTITUTE· USA CONSTRUCTION MANAGEMENT INSTITUTE OF THE USAS#:97469029,"Project Management Institute, Inc.","Project Management Institute, Inc.",,,,,,,,,,,,,,,,,,,,,,,,,,,,,,,,,,,,,,,,,,,,,,,,,,,,,,,,,,,,,,,,,,,,,,,,,,,,,,,,,,,,,,,,,,,,,,,,,,,,,,,,,,,,,,,,,,,,,,,,,,,,,,,,,,,,,,,,,,,,,,,,,,,,,,,,,,,,v?pno=97469029&pty=EXT,6,41,False
9746902905/03/2024,,,,,,,,,,,,,,,,,,,,,,,,,,,,,,,,,,,,,,,,,,,,,,,,,,,,,,,,,,,,,,,,,,,,,,,,,,,,,,,,,,,,,,,,,,,,,,,,,,,,,,,,,,,,,,,,,,,,,,,,,,,,,,,,,,,,,,,,,,,,,,,,,,,,,,,,,,,,,,,,,v?pno=97469029&pty=EXT,6,42,False
Construction Management Institute of TheUnited States of America Inc.Mark:CMI ·CONSTRUCTION MANAGEMENT INSTITUTE· USA CONSTRUCTION MANAGEMENT INSTITUTE OF THE USAS#:97469029,,,,,,,,,,,,,,,,,,,,,,,,,,,,,,,,,,,,,,,,,,,,,,,,,,,,,,,,,,,,,,,,,,,,,,,,,,,,,,,,,,,,,,,,,,,,,,,,,,,,,,,,,,,,,,,,,,,,,,,,,,,,,,,,,,,,,,,,,,,,,,,,,,,,,,,,,,,,,,,,,v?pnam=Construction%20Management%20Institute%20of%20TheUnited%20States%20of%20America%20Inc.%20%20,6,43,False
"Project Management Institute, Inc.",,,,,,,,,,,,,,,,,,,,,,,,,,,,,,,,,,,,,,,,,,,,,,,,,,,,,,,,,,,,,,,,,,,,,,,,,,,,,,,,,,,,,,,,,,,,,,,,,,,,,,,,,,,,,,,,,,,,,,,,,,,,,,,,,,,,,,,,,,,,,,,,,,,,,,,,,,,,,,,,,"v?pnam=Project%20Management%20Institute,%20Inc.%20%20",6,44,False
9746903605/03/2024,9746903605/03/2024,Construction Management Institute of TheUnited States of America Inc.Mark:CMIS#:97469036,Construction Management Institute of TheUnited States of America Inc.Mark:CMIS#:97469036,"Project Management Institute, Inc.","Project Management Institute, Inc.",,,,,,,,,,,,,,,,,,,,,,,,,,,,,,,,,,,,,,,,,,,,,,,,,,,,,,,,,,,,,,,,,,,,,,,,,,,,,,,,,,,,,,,,,,,,,,,,,,,,,,,,,,,,,,,,,,,,,,,,,,,,,,,,,,,,,,,,,,,,,,,,,,,,,,,,,,,,v?pno=97469036&pty=EXT,6,45,False
9746903605/03/2024,,,,,,,,,,,,,,,,,,,,,,,,,,,,,,,,,,,,,,,,,,,,,,,,,,,,,,,,,,,,,,,,,,,,,,,,,,,,,,,,,,,,,,,,,,,,,,,,,,,,,,,,,,,,,,,,,,,,,,,,,,,,,,,,,,,,,,,,,,,,,,,,,,,,,,,,,,,,,,,,,v?pno=97469036&pty=EXT,6,46,False
Construction Management Institute of TheUnited States of America Inc.Mark:CMIS#:97469036,,,,,,,,,,,,,,,,,,,,,,,,,,,,,,,,,,,,,,,,,,,,,,,,,,,,,,,,,,,,,,,,,,,,,,,,,,,,,,,,,,,,,,,,,,,,,,,,,,,,,,,,,,,,,,,,,,,,,,,,,,,,,,,,,,,,,,,,,,,,,,,,,,,,,,,,,,,,,,,,,v?pnam=Construction%20Management%20Institute%20of%20TheUnited%20States%20of%20America%20Inc.%20%20,6,47,False
"Project Management Institute, Inc.",,,,,,,,,,,,,,,,,,,,,,,,,,,,,,,,,,,,,,,,,,,,,,,,,,,,,,,,,,,,,,,,,,,,,,,,,,,,,,,,,,,,,,,,,,,,,,,,,,,,,,,,,,,,,,,,,,,,,,,,,,,,,,,,,,,,,,,,,,,,,,,,,,,,,,,,,,,,,,,,,"v?pnam=Project%20Management%20Institute,%20Inc.%20%20",6,48,False
8867378302/15/2024,8867378302/15/2024,,,"Project Management Institute, Inc.Mark:P PROJECT MANAGEMENT INSTITUTES#:88673783","Project Management Institute, Inc.Mark:P PROJECT MANAGEMENT INSTITUTES#:88673783",,,,,,,,,,,,,,,,,,,,,,,,,,,,,,,,,,,,,,,,,,,,,,,,,,,,,,,,,,,,,,,,,,,,,,,,,,,,,,,,,,,,,,,,,,,,,,,,,,,,,,,,,,,,,,,,,,,,,,,,,,,,,,,,,,,,,,,,,,,,,,,,,,,,,,,,,,,,v?pno=88673783&pty=EXA,6,49,False
8867378302/15/2024,,,,,,,,,,,,,,,,,,,,,,,,,,,,,,,,,,,,,,,,,,,,,,,,,,,,,,,,,,,,,,,,,,,,,,,,,,,,,,,,,,,,,,,,,,,,,,,,,,,,,,,,,,,,,,,,,,,,,,,,,,,,,,,,,,,,,,,,,,,,,,,,,,,,,,,,,,,,,,,,,v?pno=88673783&pty=EXA,6,50,False
,,,,,,,,,,,,,,,,,,,,,,,,,,,,,,,,,,,,,,,,,,,,,,,,,,,,,,,,,,,,,,,,,,,,,,,,,,,,,,,,,,,,,,,,,,,,,,,,,,,,,,,,,,,,,,,,,,,,,,,,,,,,,,,,,,,,,,,,,,,,,,,,,,,,,,,,,,,,,,,,,,6,51,False
"Project Management Institute, Inc.Mark:P PROJECT MANAGEMENT INSTITUTES#:88673783",,,,,,,,,,,,,,,,,,,,,,,,,,,,,,,,,,,,,,,,,,,,,,,,,,,,,,,,,,,,,,,,,,,,,,,,,,,,,,,,,,,,,,,,,,,,,,,,,,,,,,,,,,,,,,,,,,,,,,,,,,,,,,,,,,,,,,,,,,,,,,,,,,,,,,,,,,,,,,,,,"v?pnam=Project%20Management%20Institute,%20Inc.%20%20",6,52,False
8867380402/15/2024,8867380402/15/2024,,,"Project Management Institute, Inc.Mark:PS#:88673804","Project Management Institute, Inc.Mark:PS#:88673804",,,,,,,,,,,,,,,,,,,,,,,,,,,,,,,,,,,,,,,,,,,,,,,,,,,,,,,,,,,,,,,,,,,,,,,,,,,,,,,,,,,,,,,,,,,,,,,,,,,,,,,,,,,,,,,,,,,,,,,,,,,,,,,,,,,,,,,,,,,,,,,,,,,,,,,,,,,,v?pno=88673804&pty=EXA,6,53,False
8867380402/15/2024,,,,,,,,,,,,,,,,,,,,,,,,,,,,,,,,,,,,,,,,,,,,,,,,,,,,,,,,,,,,,,,,,,,,,,,,,,,,,,,,,,,,,,,,,,,,,,,,,,,,,,,,,,,,,,,,,,,,,,,,,,,,,,,,,,,,,,,,,,,,,,,,,,,,,,,,,,,,,,,,,v?pno=88673804&pty=EXA,6,54,False
,,,,,,,,,,,,,,,,,,,,,,,,,,,,,,,,,,,,,,,,,,,,,,,,,,,,,,,,,,,,,,,,,,,,,,,,,,,,,,,,,,,,,,,,,,,,,,,,,,,,,,,,,,,,,,,,,,,,,,,,,,,,,,,,,,,,,,,,,,,,,,,,,,,,,,,,,,,,,,,,,,6,55,False
"Project Management Institute, Inc.Mark:PS#:88673804",,,,,,,,,,,,,,,,,,,,,,,,,,,,,,,,,,,,,,,,,,,,,,,,,,,,,,,,,,,,,,,,,,,,,,,,,,,,,,,,,,,,,,,,,,,,,,,,,,,,,,,,,,,,,,,,,,,,,,,,,,,,,,,,,,,,,,,,,,,,,,,,,,,,,,,,,,,,,,,,,"v?pnam=Project%20Management%20Institute,%20Inc.%20%20",6,56,False
9208439102/06/2024,9208439102/06/2024,"iCapital Project Management, LLCMark:VODA GROUPS#:87890960R#:5622568","iCapital Project Management, LLCMark:VODA GROUPS#:87890960R#:5622568",FPB DNA Cleaning and Restoration LLCMark:VODA CLEANING & RESTORATIONS#:97796714Mark:VODA CLEANING & RESTORATION VS#:97814033,FPB DNA Cleaning and Restoration LLCMark:VODA CLEANING & RESTORATIONS#:97796714Mark:VODA CLEANING & RESTORATION VS#:97814033,,,,,,,,,,,,,,,,,,,,,,,,,,,,,,,,,,,,,,,,,,,,,,,,,,,,,,,,,,,,,,,,,,,,,,,,,,,,,,,,,,,,,,,,,,,,,,,,,,,,,,,,,,,,,,,,,,,,,,,,,,,,,,,,,,,,,,,,,,,,,,,,,,,,,,,,,,,,v?pno=92084391&pty=CAN,6,57,False
9208439102/06/2024,,,,,,,,,,,,,,,,,,,,,,,,,,,,,,,,,,,,,,,,,,,,,,,,,,,,,,,,,,,,,,,,,,,,,,,,,,,,,,,,,,,,,,,,,,,,,,,,,,,,,,,,,,,,,,,,,,,,,,,,,,,,,,,,,,,,,,,,,,,,,,,,,,,,,,,,,,,,,,,,,v?pno=92084391&pty=CAN,6,58,False
"iCapital Project Management, LLCMark:VODA GROUPS#:87890960R#:5622568",,,,,,,,,,,,,,,,,,,,,,,,,,,,,,,,,,,,,,,,,,,,,,,,,,,,,,,,,,,,,,,,,,,,,,,,,,,,,,,,,,,,,,,,,,,,,,,,,,,,,,,,,,,,,,,,,,,,,,,,,,,,,,,,,,,,,,,,,,,,,,,,,,,,,,,,,,,,,,,,,"v?pnam=iCapital%20Project%20Management,%20LLC%20%20",6,59,False
FPB DNA Cleaning and Restoration LLCMark:VODA CLEANING & RESTORATIONS#:97796714Mark:VODA CLEANING & RESTORATION VS#:97814033,,,,,,,,,,,,,,,,,,,,,,,,,,,,,,,,,,,,,,,,,,,,,,,,,,,,,,,,,,,,,,,,,,,,,,,,,,,,,,,,,,,,,,,,,,,,,,,,,,,,,,,,,,,,,,,,,,,,,,,,,,,,,,,,,,,,,,,,,,,,,,,,,,,,,,,,,,,,,,,,,v?pnam=FPB%20DNA%20Cleaning%20and%20Restoration%20LLC%20%20,6,60,False
9128831411/20/2023,9128831411/20/2023,"Brightline, Inc.Mark:BRIGHTLINES#:97184156","Brightline, Inc.Mark:BRIGHTLINES#:97184156","Project Management Institute, Inc.Mark:B BRIGHTLINE PROJECT MANAGEMENT INSTITUTES#:88642630R#:6555824Mark:BRIGHTLINES#:87982029R#:6037755Mark:BRIGHTLINES#:87318956R#:6329047","Project Management Institute, Inc.Mark:B BRIGHTLINE PROJECT MANAGEMENT INSTITUTES#:88642630R#:6555824Mark:BRIGHTLINES#:87982029R#:6037755Mark:BRIGHTLINES#:87318956R#:6329047",,,,,,,,,,,,,,,,,,,,,,,,,,,,,,,,,,,,,,,,,,,,,,,,,,,,,,,,,,,,,,,,,,,,,,,,,,,,,,,,,,,,,,,,,,,,,,,,,,,,,,,,,,,,,,,,,,,,,,,,,,,,,,,,,,,,,,,,,,,,,,,,,,,,,,,,,,,,v?pno=91288314&pty=OPP,6,61,False
9128831411/20/2023,,,,,,,,,,,,,,,,,,,,,,,,,,,,,,,,,,,,,,,,,,,,,,,,,,,,,,,,,,,,,,,,,,,,,,,,,,,,,,,,,,,,,,,,,,,,,,,,,,,,,,,,,,,,,,,,,,,,,,,,,,,,,,,,,,,,,,,,,,,,,,,,,,,,,,,,,,,,,,,,,v?pno=91288314&pty=OPP,6,62,False
"Brightline, Inc.Mark:BRIGHTLINES#:97184156",,,,,,,,,,,,,,,,,,,,,,,,,,,,,,,,,,,,,,,,,,,,,,,,,,,,,,,,,,,,,,,,,,,,,,,,,,,,,,,,,,,,,,,,,,,,,,,,,,,,,,,,,,,,,,,,,,,,,,,,,,,,,,,,,,,,,,,,,,,,,,,,,,,,,,,,,,,,,,,,,"v?pnam=Brightline,%20Inc.%20%20",6,63,False
"Project Management Institute, Inc.Mark:B BRIGHTLINE PROJECT MANAGEMENT INSTITUTES#:88642630R#:6555824Mark:BRIGHTLINES#:87982029R#:6037755Mark:BRIGHTLINES#:87318956R#:6329047",,,,,,,,,,,,,,,,,,,,,,,,,,,,,,,,,,,,,,,,,,,,,,,,,,,,,,,,,,,,,,,,,,,,,,,,,,,,,,,,,,,,,,,,,,,,,,,,,,,,,,,,,,,,,,,,,,,,,,,,,,,,,,,,,,,,,,,,,,,,,,,,,,,,,,,,,,,,,,,,,"v?pnam=Project%20Management%20Institute,%20Inc.%20%20",6,64,False
9128831511/20/2023,9128831511/20/2023,"Brightline, Inc.Mark:BRIGHTLINES#:97184158","Brightline, Inc.Mark:BRIGHTLINES#:97184158","Project Management Institute, Inc.Mark:B BRIGHTLINE PROJECT MANAGEMENT INSTITUTES#:88642630R#:6555824Mark:BRIGHTLINES#:87982029R#:6037755Mark:BRIGHTLINES#:87318956R#:6329047","Project Management Institute, Inc.Mark:B BRIGHTLINE PROJECT MANAGEMENT INSTITUTES#:88642630R#:6555824Mark:BRIGHTLINES#:87982029R#:6037755Mark:BRIGHTLINES#:87318956R#:6329047",,,,,,,,,,,,,,,,,,,,,,,,,,,,,,,,,,,,,,,,,,,,,,,,,,,,,,,,,,,,,,,,,,,,,,,,,,,,,,,,,,,,,,,,,,,,,,,,,,,,,,,,,,,,,,,,,,,,,,,,,,,,,,,,,,,,,,,,,,,,,,,,,,,,,,,,,,,,v?pno=91288315&pty=OPP,6,65,False
9128831511/20/2023,,,,,,,,,,,,,,,,,,,,,,,,,,,,,,,,,,,,,,,,,,,,,,,,,,,,,,,,,,,,,,,,,,,,,,,,,,,,,,,,,,,,,,,,,,,,,,,,,,,,,,,,,,,,,,,,,,,,,,,,,,,,,,,,,,,,,,,,,,,,,,,,,,,,,,,,,,,,,,,,,v?pno=91288315&pty=OPP,6,66,False
"Brightline, Inc.Mark:BRIGHTLINES#:97184158",,,,,,,,,,,,,,,,,,,,,,,,,,,,,,,,,,,,,,,,,,,,,,,,,,,,,,,,,,,,,,,,,,,,,,,,,,,,,,,,,,,,,,,,,,,,,,,,,,,,,,,,,,,,,,,,,,,,,,,,,,,,,,,,,,,,,,,,,,,,,,,,,,,,,,,,,,,,,,,,,"v?pnam=Brightline,%20Inc.%20%20",6,67,False
"Project Management Institute, Inc.Mark:B BRIGHTLINE PROJECT MANAGEMENT INSTITUTES#:88642630R#:6555824Mark:BRIGHTLINES#:87982029R#:6037755Mark:BRIGHTLINES#:87318956R#:6329047",,,,,,,,,,,,,,,,,,,,,,,,,,,,,,,,,,,,,,,,,,,,,,,,,,,,,,,,,,,,,,,,,,,,,,,,,,,,,,,,,,,,,,,,,,,,,,,,,,,,,,,,,,,,,,,,,,,,,,,,,,,,,,,,,,,,,,,,,,,,,,,,,,,,,,,,,,,,,,,,,"v?pnam=Project%20Management%20Institute,%20Inc.%20%20",6,68,False
9711628710/23/2023,9711628710/23/2023,,,"Project Management Institute, Inc.Mark:CONSTRUCTION PROFESSIONAL IN BUILT ENVIRONMENT PROJECTSS#:97116287","Project Management Institute, Inc.Mark:CONSTRUCTION PROFESSIONAL IN BUILT ENVIRONMENT PROJECTSS#:97116287",,,,,,,,,,,,,,,,,,,,,,,,,,,,,,,,,,,,,,,,,,,,,,,,,,,,,,,,,,,,,,,,,,,,,,,,,,,,,,,,,,,,,,,,,,,,,,,,,,,,,,,,,,,,,,,,,,,,,,,,,,,,,,,,,,,,,,,,,,,,,,,,,,,,,,,,,,,,v?pno=97116287&pty=EXA,6,69,False
9711628710/23/2023,,,,,,,,,,,,,,,,,,,,,,,,,,,,,,,,,,,,,,,,,,,,,,,,,,,,,,,,,,,,,,,,,,,,,,,,,,,,,,,,,,,,,,,,,,,,,,,,,,,,,,,,,,,,,,,,,,,,,,,,,,,,,,,,,,,,,,,,,,,,,,,,,,,,,,,,,,,,,,,,,v?pno=97116287&pty=EXA,6,70,False
,,,,,,,,,,,,,,,,,,,,,,,,,,,,,,,,,,,,,,,,,,,,,,,,,,,,,,,,,,,,,,,,,,,,,,,,,,,,,,,,,,,,,,,,,,,,,,,,,,,,,,,,,,,,,,,,,,,,,,,,,,,,,,,,,,,,,,,,,,,,,,,,,,,,,,,,,,,,,,,,,,6,71,False
"Project Management Institute, Inc.Mark:CONSTRUCTION PROFESSIONAL IN BUILT ENVIRONMENT PROJECTSS#:97116287",,,,,,,,,,,,,,,,,,,,,,,,,,,,,,,,,,,,,,,,,,,,,,,,,,,,,,,,,,,,,,,,,,,,,,,,,,,,,,,,,,,,,,,,,,,,,,,,,,,,,,,,,,,,,,,,,,,,,,,,,,,,,,,,,,,,,,,,,,,,,,,,,,,,,,,,,,,,,,,,,"v?pnam=Project%20Management%20Institute,%20Inc.%20%20",6,72,False
9716457006/15/2023,9716457006/15/2023,"PROJECT MIRACLE IP HOLDINGS, LLCMark:JUKEBXS#:97164570","PROJECT MIRACLE IP HOLDINGS, LLCMark:JUKEBXS#:97164570","Copperstate Farms Management, LLC","Copperstate Farms Management, LLC",,,,,,,,,,,,,,,,,,,,,,,,,,,,,,,,,,,,,,,,,,,,,,,,,,,,,,,,,,,,,,,,,,,,,,,,,,,,,,,,,,,,,,,,,,,,,,,,,,,,,,,,,,,,,,,,,,,,,,,,,,,,,,,,,,,,,,,,,,,,,,,,,,,,,,,,,,,,v?pno=97164570&pty=EXT,6,73,False
9716457006/15/2023,,,,,,,,,,,,,,,,,,,,,,,,,,,,,,,,,,,,,,,,,,,,,,,,,,,,,,,,,,,,,,,,,,,,,,,,,,,,,,,,,,,,,,,,,,,,,,,,,,,,,,,,,,,,,,,,,,,,,,,,,,,,,,,,,,,,,,,,,,,,,,,,,,,,,,,,,,,,,,,,,v?pno=97164570&pty=EXT,6,74,False
"PROJECT MIRACLE IP HOLDINGS, LLCMark:JUKEBXS#:97164570",,,,,,,,,,,,,,,,,,,,,,,,,,,,,,,,,,,,,,,,,,,,,,,,,,,,,,,,,,,,,,,,,,,,,,,,,,,,,,,,,,,,,,,,,,,,,,,,,,,,,,,,,,,,,,,,,,,,,,,,,,,,,,,,,,,,,,,,,,,,,,,,,,,,,,,,,,,,,,,,,"v?pnam=PROJECT%20MIRACLE%20IP%20HOLDINGS,%20LLC%20%20",6,75,False
"Copperstate Farms Management, LLC",,,,,,,,,,,,,,,,,,,,,,,,,,,,,,,,,,,,,,,,,,,,,,,,,,,,,,,,,,,,,,,,,,,,,,,,,,,,,,,,,,,,,,,,,,,,,,,,,,,,,,,,,,,,,,,,,,,,,,,,,,,,,,,,,,,,,,,,,,,,,,,,,,,,,,,,,,,,,,,,,"v?pnam=Copperstate%20Farms%20Management,%20LLC%20%20",6,76,False
9718415606/15/2023,9718415606/15/2023,"Brightline, Inc.Mark:BRIGHTLINES#:97184156","Brightline, Inc.Mark:BRIGHTLINES#:97184156","Project Management Institute, Inc.","Project Management Institute, Inc.",,,,,,,,,,,,,,,,,,,,,,,,,,,,,,,,,,,,,,,,,,,,,,,,,,,,,,,,,,,,,,,,,,,,,,,,,,,,,,,,,,,,,,,,,,,,,,,,,,,,,,,,,,,,,,,,,,,,,,,,,,,,,,,,,,,,,,,,,,,,,,,,,,,,,,,,,,,,v?pno=97184156&pty=EXT,6,77,False
9718415606/15/2023,,,,,,,,,,,,,,,,,,,,,,,,,,,,,,,,,,,,,,,,,,,,,,,,,,,,,,,,,,,,,,,,,,,,,,,,,,,,,,,,,,,,,,,,,,,,,,,,,,,,,,,,,,,,,,,,,,,,,,,,,,,,,,,,,,,,,,,,,,,,,,,,,,,,,,,,,,,,,,,,,v?pno=97184156&pty=EXT,6,78,False
"Brightline, Inc.Mark:BRIGHTLINES#:97184156",,,,,,,,,,,,,,,,,,,,,,,,,,,,,,,,,,,,,,,,,,,,,,,,,,,,,,,,,,,,,,,,,,,,,,,,,,,,,,,,,,,,,,,,,,,,,,,,,,,,,,,,,,,,,,,,,,,,,,,,,,,,,,,,,,,,,,,,,,,,,,,,,,,,,,,,,,,,,,,,,"v?pnam=Brightline,%20Inc.%20%20",6,79,False
"Project Management Institute, Inc.",,,,,,,,,,,,,,,,,,,,,,,,,,,,,,,,,,,,,,,,,,,,,,,,,,,,,,,,,,,,,,,,,,,,,,,,,,,,,,,,,,,,,,,,,,,,,,,,,,,,,,,,,,,,,,,,,,,,,,,,,,,,,,,,,,,,,,,,,,,,,,,,,,,,,,,,,,,,,,,,,"v?pnam=Project%20Management%20Institute,%20Inc.%20%20",6,80,False
9718415806/15/2023,9718415806/15/2023,"Brightline, Inc.Mark:BRIGHTLINES#:97184158","Brightline, Inc.Mark:BRIGHTLINES#:97184158","Project Management Institute, Inc.","Project Management Institute, Inc.",,,,,,,,,,,,,,,,,,,,,,,,,,,,,,,,,,,,,,,,,,,,,,,,,,,,,,,,,,,,,,,,,,,,,,,,,,,,,,,,,,,,,,,,,,,,,,,,,,,,,,,,,,,,,,,,,,,,,,,,,,,,,,,,,,,,,,,,,,,,,,,,,,,,,,,,,,,,v?pno=97184158&pty=EXT,6,81,False
9718415806/15/2023,,,,,,,,,,,,,,,,,,,,,,,,,,,,,,,,,,,,,,,,,,,,,,,,,,,,,,,,,,,,,,,,,,,,,,,,,,,,,,,,,,,,,,,,,,,,,,,,,,,,,,,,,,,,,,,,,,,,,,,,,,,,,,,,,,,,,,,,,,,,,,,,,,,,,,,,,,,,,,,,,v?pno=97184158&pty=EXT,6,82,False
"Brightline, Inc.Mark:BRIGHTLINES#:97184158",,,,,,,,,,,,,,,,,,,,,,,,,,,,,,,,,,,,,,,,,,,,,,,,,,,,,,,,,,,,,,,,,,,,,,,,,,,,,,,,,,,,,,,,,,,,,,,,,,,,,,,,,,,,,,,,,,,,,,,,,,,,,,,,,,,,,,,,,,,,,,,,,,,,,,,,,,,,,,,,,"v?pnam=Brightline,%20Inc.%20%20",6,83,False
"Project Management Institute, Inc.",,,,,,,,,,,,,,,,,,,,,,,,,,,,,,,,,,,,,,,,,,,,,,,,,,,,,,,,,,,,,,,,,,,,,,,,,,,,,,,,,,,,,,,,,,,,,,,,,,,,,,,,,,,,,,,,,,,,,,,,,,,,,,,,,,,,,,,,,,,,,,,,,,,,,,,,,,,,,,,,,"v?pnam=Project%20Management%20Institute,%20Inc.%20%20",6,84,False
9042594112/01/2022,9042594112/01/2022,Project KindMark:PROJECT KINDS#:90425941,Project KindMark:PROJECT KINDS#:90425941,KIND Management Inc.,KIND Management Inc.,,,,,,,,,,,,,,,,,,,,,,,,,,,,,,,,,,,,,,,,,,,,,,,,,,,,,,,,,,,,,,,,,,,,,,,,,,,,,,,,,,,,,,,,,,,,,,,,,,,,,,,,,,,,,,,,,,,,,,,,,,,,,,,,,,,,,,,,,,,,,,,,,,,,,,,,,,,,v?pno=90425941&pty=EXT,6,85,False
9042594112/01/2022,,,,,,,,,,,,,,,,,,,,,,,,,,,,,,,,,,,,,,,,,,,,,,,,,,,,,,,,,,,,,,,,,,,,,,,,,,,,,,,,,,,,,,,,,,,,,,,,,,,,,,,,,,,,,,,,,,,,,,,,,,,,,,,,,,,,,,,,,,,,,,,,,,,,,,,,,,,,,,,,,v?pno=90425941&pty=EXT,6,86,False
Project KindMark:PROJECT KINDS#:90425941,,,,,,,,,,,,,,,,,,,,,,,,,,,,,,,,,,,,,,,,,,,,,,,,,,,,,,,,,,,,,,,,,,,,,,,,,,,,,,,,,,,,,,,,,,,,,,,,,,,,,,,,,,,,,,,,,,,,,,,,,,,,,,,,,,,,,,,,,,,,,,,,,,,,,,,,,,,,,,,,,v?pnam=Project%20Kind%20%20,6,87,False
KIND Management Inc.,,,,,,,,,,,,,,,,,,,,,,,,,,,,,,,,,,,,,,,,,,,,,,,,,,,,,,,,,,,,,,,,,,,,,,,,,,,,,,,,,,,,,,,,,,,,,,,,,,,,,,,,,,,,,,,,,,,,,,,,,,,,,,,,,,,,,,,,,,,,,,,,,,,,,,,,,,,,,,,,,v?pnam=KIND%20Management%20Inc.%20%20,6,88,False
9042599912/01/2022,9042599912/01/2022,Project KindMark:PROJECT KIND LOVE ONE ANOTHERS#:90425999,Project KindMark:PROJECT KIND LOVE ONE ANOTHERS#:90425999,KIND Management Inc.,KIND Management Inc.,,,,,,,,,,,,,,,,,,,,,,,,,,,,,,,,,,,,,,,,,,,,,,,,,,,,,,,,,,,,,,,,,,,,,,,,,,,,,,,,,,,,,,,,,,,,,,,,,,,,,,,,,,,,,,,,,,,,,,,,,,,,,,,,,,,,,,,,,,,,,,,,,,,,,,,,,,,,v?pno=90425999&pty=EXT,6,89,False
9042599912/01/2022,,,,,,,,,,,,,,,,,,,,,,,,,,,,,,,,,,,,,,,,,,,,,,,,,,,,,,,,,,,,,,,,,,,,,,,,,,,,,,,,,,,,,,,,,,,,,,,,,,,,,,,,,,,,,,,,,,,,,,,,,,,,,,,,,,,,,,,,,,,,,,,,,,,,,,,,,,,,,,,,,v?pno=90425999&pty=EXT,6,90,False
Project KindMark:PROJECT KIND LOVE ONE ANOTHERS#:90425999,,,,,,,,,,,,,,,,,,,,,,,,,,,,,,,,,,,,,,,,,,,,,,,,,,,,,,,,,,,,,,,,,,,,,,,,,,,,,,,,,,,,,,,,,,,,,,,,,,,,,,,,,,,,,,,,,,,,,,,,,,,,,,,,,,,,,,,,,,,,,,,,,,,,,,,,,,,,,,,,,v?pnam=Project%20Kind%20%20,6,91,False
KIND Management Inc.,,,,,,,,,,,,,,,,,,,,,,,,,,,,,,,,,,,,,,,,,,,,,,,,,,,,,,,,,,,,,,,,,,,,,,,,,,,,,,,,,,,,,,,,,,,,,,,,,,,,,,,,,,,,,,,,,,,,,,,,,,,,,,,,,,,,,,,,,,,,,,,,,,,,,,,,,,,,,,,,,v?pnam=KIND%20Management%20Inc.%20%20,6,92,False
7931902111/21/2022,7931902111/21/2022,"Global PMI Partners, coöperatieve vennootschapMark:GLOBAL PMI PARTNERSS#:79319021","Global PMI Partners, coöperatieve vennootschapMark:GLOBAL PMI PARTNERSS#:79319021","Project Management Institute, Inc.","Project Management Institute, Inc.",,,,,,,,,,,,,,,,,,,,,,,,,,,,,,,,,,,,,,,,,,,,,,,,,,,,,,,,,,,,,,,,,,,,,,,,,,,,,,,,,,,,,,,,,,,,,,,,,,,,,,,,,,,,,,,,,,,,,,,,,,,,,,,,,,,,,,,,,,,,,,,,,,,,,,,,,,,,v?pno=79319021&pty=EXT,6,93,False
7931902111/21/2022,,,,,,,,,,,,,,,,,,,,,,,,,,,,,,,,,,,,,,,,,,,,,,,,,,,,,,,,,,,,,,,,,,,,,,,,,,,,,,,,,,,,,,,,,,,,,,,,,,,,,,,,,,,,,,,,,,,,,,,,,,,,,,,,,,,,,,,,,,,,,,,,,,,,,,,,,,,,,,,,,v?pno=79319021&pty=EXT,6,94,False
"Global PMI Partners, coöperatieve vennootschapMark:GLOBAL PMI PARTNERSS#:79319021",,,,,,,,,,,,,,,,,,,,,,,,,,,,,,,,,,,,,,,,,,,,,,,,,,,,,,,,,,,,,,,,,,,,,,,,,,,,,,,,,,,,,,,,,,,,,,,,,,,,,,,,,,,,,,,,,,,,,,,,,,,,,,,,,,,,,,,,,,,,,,,,,,,,,,,,,,,,,,,,,"v?pnam=Global%20PMI%20Partners,%20co%C3%B6peratieve%20vennootschap%20%20",6,95,False
"Project Management Institute, Inc.",,,,,,,,,,,,,,,,,,,,,,,,,,,,,,,,,,,,,,,,,,,,,,,,,,,,,,,,,,,,,,,,,,,,,,,,,,,,,,,,,,,,,,,,,,,,,,,,,,,,,,,,,,,,,,,,,,,,,,,,,,,,,,,,,,,,,,,,,,,,,,,,,,,,,,,,,,,,,,,,,"v?pnam=Project%20Management%20Institute,%20Inc.%20%20",6,96,False
9127828108/30/2022,9127828108/30/2022,James Alan DinowMark:THE WONDERFUL AVOCADOS#:97213254,James Alan DinowMark:THE WONDERFUL AVOCADOS#:97213254,The Wonderful Company LLCMark:SIMPLY WONDERFULS#:86372181R#:4715701Mark:THE WONDERFUL ACADEMYS#:88076627R#:5831691Mark:THE WONDERFUL BUTTERFLY PROJECTS#:90604433Mark:WONDERFULS#:77855511R#:3784763Mark:WONDERFULS#:85056771R#:3907814Mark:WONDERFULS#:85056772R#:3907815Mark:WONDERFULS#:85396734R#:4552106Mark:WONDERFULS#:86474680R#:4897336Mark:WONDERFULS#:86513119R#:5223598Mark:WONDERFULS#:86513115R#:5228557Mark:WONDERFULS#:88126012R#:5680760Mark:WONDERFULS#:88259078Mark:WONDERFUL AGENCYS#:88125895R#:5831856Mark:WONDERFUL AGRICULTURAL MANAGEMENTS#:88076699R#:5831693Mark:WONDERFUL ENTERTAINMENTS#:88188386Mark:WONDERFUL GIVINGS#:86213095R#:5105378Mark:WONDERFUL PICTURESS#:88188387R#:6309449Mark:WONDERFUL PISTACHIOSS#:77114811R#:3463342,The Wonderful Company LLCMark:SIMPLY WONDERFULS#:86372181R#:4715701Mark:THE WONDERFUL ACADEMYS#:88076627R#:5831691Mark:THE WONDERFUL BUTTERFLY PROJECTS#:90604433Mark:WONDERFULS#:77855511R#:3784763Mark:WONDERFULS#:85056771R#:3907814Mark:WONDERFULS#:85056772R#:3907815Mark:WONDERFULS#:85396734R#:4552106Mark:WONDERFULS#:86474680R#:4897336Mark:WONDERFULS#:86513119R#:5223598Mark:WONDERFULS#:86513115R#:5228557Mark:WONDERFULS#:88126012R#:5680760Mark:WONDERFULS#:88259078Mark:WONDERFUL AGENCYS#:88125895R#:5831856Mark:WONDERFUL AGRICULTURAL MANAGEMENTS#:88076699R#:5831693Mark:WONDERFUL ENTERTAINMENTS#:88188386Mark:WONDERFUL GIVINGS#:86213095R#:5105378Mark:WONDERFUL PICTURESS#:88188387R#:6309449Mark:WONDERFUL PISTACHIOSS#:77114811R#:3463342,,,,,,,,,,,,,,,,,,,,,,,,,,,,,,,,,,,,,,,,,,,,,,,,,,,,,,,,,,,,,,,,,,,,,,,,,,,,,,,,,,,,,,,,,,,,,,,,,,,,,,,,,,,,,,,,,,,,,,,,,,,,,,,,,,,,,,,,,,,,,,,,,,,,,,,,,,,,v?pno=91278281&pty=OPP,6,97,False
9127828108/30/2022,,,,,,,,,,,,,,,,,,,,,,,,,,,,,,,,,,,,,,,,,,,,,,,,,,,,,,,,,,,,,,,,,,,,,,,,,,,,,,,,,,,,,,,,,,,,,,,,,,,,,,,,,,,,,,,,,,,,,,,,,,,,,,,,,,,,,,,,,,,,,,,,,,,,,,,,,,,,,,,,,v?pno=91278281&pty=OPP,6,98,False
James Alan DinowMark:THE WONDERFUL AVOCADOS#:97213254,,,,,,,,,,,,,,,,,,,,,,,,,,,,,,,,,,,,,,,,,,,,,,,,,,,,,,,,,,,,,,,,,,,,,,,,,,,,,,,,,,,,,,,,,,,,,,,,,,,,,,,,,,,,,,,,,,,,,,,,,,,,,,,,,,,,,,,,,,,,,,,,,,,,,,,,,,,,,,,,,v?pnam=James%20Alan%20Dinow%20%20,6,99,False
The Wonderful Company LLCMark:SIMPLY WONDERFULS#:86372181R#:4715701Mark:THE WONDERFUL ACADEMYS#:88076627R#:5831691Mark:THE WONDERFUL BUTTERFLY PROJECTS#:90604433Mark:WONDERFULS#:77855511R#:3784763Mark:WONDERFULS#:85056771R#:3907814Mark:WONDERFULS#:85056772R#:3907815Mark:WONDERFULS#:85396734R#:4552106Mark:WONDERFULS#:86474680R#:4897336Mark:WONDERFULS#:86513119R#:5223598Mark:WONDERFULS#:86513115R#:5228557Mark:WONDERFULS#:88126012R#:5680760Mark:WONDERFULS#:88259078Mark:WONDERFUL AGENCYS#:88125895R#:5831856Mark:WONDERFUL AGRICULTURAL MANAGEMENTS#:88076699R#:5831693Mark:WONDERFUL ENTERTAINMENTS#:88188386Mark:WONDERFUL GIVINGS#:86213095R#:5105378Mark:WONDERFUL PICTURESS#:88188387R#:6309449Mark:WONDERFUL PISTACHIOSS#:77114811R#:3463342,,,,,,,,,,,,,,,,,,,,,,,,,,,,,,,,,,,,,,,,,,,,,,,,,,,,,,,,,,,,,,,,,,,,,,,,,,,,,,,,,,,,,,,,,,,,,,,,,,,,,,,,,,,,,,,,,,,,,,,,,,,,,,,,,,,,,,,,,,,,,,,,,,,,,,,,,,,,,,,,,v?pnam=The%20Wonderful%20Company%20LLC%20%20,6,100,False
9012944807/28/2022,9012944807/28/2022,BRIGHT LIVE INC.Mark:BRIGHTS#:90129448,BRIGHT LIVE INC.Mark:BRIGHTS#:90129448,"Project Management Institute, Inc.","Project Management Institute, Inc.",,,,,,,,,,,,,,,,,,,,,,,,,,,,,,,,,,,,,,,,,,,,,,,,,,,,,,,,,,,,,,,,,,,,,,,,,,,,,,,,,,,,,,,,,,,,,,,,,,,,,,,,,,,,,,,,,,,,,,,,,,,,,,,,,,,,,,,,,,,,,,,,,,,,,,,,,,,,v?pno=90129448&pty=EXT,6,101,False
9012944807/28/2022,,,,,,,,,,,,,,,,,,,,,,,,,,,,,,,,,,,,,,,,,,,,,,,,,,,,,,,,,,,,,,,,,,,,,,,,,,,,,,,,,,,,,,,,,,,,,,,,,,,,,,,,,,,,,,,,,,,,,,,,,,,,,,,,,,,,,,,,,,,,,,,,,,,,,,,,,,,,,,,,,v?pno=90129448&pty=EXT,6,102,False
BRIGHT LIVE INC.Mark:BRIGHTS#:90129448,,,,,,,,,,,,,,,,,,,,,,,,,,,,,,,,,,,,,,,,,,,,,,,,,,,,,,,,,,,,,,,,,,,,,,,,,,,,,,,,,,,,,,,,,,,,,,,,,,,,,,,,,,,,,,,,,,,,,,,,,,,,,,,,,,,,,,,,,,,,,,,,,,,,,,,,,,,,,,,,,v?pnam=BRIGHT%20LIVE%20INC.%20%20,6,103,False
"Project Management Institute, Inc.",,,,,,,,,,,,,,,,,,,,,,,,,,,,,,,,,,,,,,,,,,,,,,,,,,,,,,,,,,,,,,,,,,,,,,,,,,,,,,,,,,,,,,,,,,,,,,,,,,,,,,,,,,,,,,,,,,,,,,,,,,,,,,,,,,,,,,,,,,,,,,,,,,,,,,,,,,,,,,,,,"v?pnam=Project%20Management%20Institute,%20Inc.%20%20",6,104,False
ProceedingFiling Date,ProceedingFiling Date,"Defendant(s),Property(ies)","Defendant(s),Property(ies)","Plaintiff(s),Property(ies)","Plaintiff(s),Property(ies)",,,,,,,,,,,,,,,,,,,,,,,,,,,,,,,,,,,,,,,,,,,,,,,,,,,,,,,,,,,,,,,,,,,,,,,,,,,,,,,,,,,,,,,,,,,,,,,,,,,,,,,,,,,,,,,,,,,,,,,,,,,,,,,,,,,,,,,,,,,,,,,,,,,,,,,,,,,,,7,0,False
ProceedingFiling Date,,,,,,,,,,,,,,,,,,,,,,,,,,,,,,,,,,,,,,,,,,,,,,,,,,,,,,,,,,,,,,,,,,,,,,,,,,,,,,,,,,,,,,,,,,,,,,,,,,,,,,,,,,,,,,,,,,,,,,,,,,,,,,,,,,,,,,,,,,,,,,,,,,,,,,,,,,,,,,,,,,7,1,False
"Defendant(s),Property(ies)",,,,,,,,,,,,,,,,,,,,,,,,,,,,,,,,,,,,,,,,,,,,,,,,,,,,,,,,,,,,,,,,,,,,,,,,,,,,,,,,,,,,,,,,,,,,,,,,,,,,,,,,,,,,,,,,,,,,,,,,,,,,,,,,,,,,,,,,,,,,,,,,,,,,,,,,,,,,,,,,,,7,2,False
"Plaintiff(s),Property(ies)",,,,,,,,,,,,,,,,,,,,,,,,,,,,,,,,,,,,,,,,,,,,,,,,,,,,,,,,,,,,,,,,,,,,,,,,,,,,,,,,,,,,,,,,,,,,,,,,,,,,,,,,,,,,,,,,,,,,,,,,,,,,,,,,,,,,,,,,,,,,,,,,,,,,,,,,,,,,,,,,,,7,3,False
9209043912/22/2025,9209043912/22/2025,Construction Management Institute of the United States of America IncMark:CMI-FSPS#:98514586R#:7661879,Construction Management Institute of the United States of America IncMark:CMI-FSPS#:98514586R#:7661879,"Project Management Institute, Inc.Mark:PMI SCHEDULING PROFESSIONAL (PMI-SP)S#:77409410R#:3562355Mark:PMI-SPS#:77404162R#:3544918","Project Management Institute, Inc.Mark:PMI SCHEDULING PROFESSIONAL (PMI-SP)S#:77409410R#:3562355Mark:PMI-SPS#:77404162R#:3544918",,,,,,,,,,,,,,,,,,,,,,,,,,,,,,,,,,,,,,,,,,,,,,,,,,,,,,,,,,,,,,,,,,,,,,,,,,,,,,,,,,,,,,,,,,,,,,,,,,,,,,,,,,,,,,,,,,,,,,,,,,,,,,,,,,,,,,,,,,,,,,,,,,,,,,,,,,,,v?pno=92090439&pty=CAN,7,4,False
9209043912/22/2025,,,,,,,,,,,,,,,,,,,,,,,,,,,,,,,,,,,,,,,,,,,,,,,,,,,,,,,,,,,,,,,,,,,,,,,,,,,,,,,,,,,,,,,,,,,,,,,,,,,,,,,,,,,,,,,,,,,,,,,,,,,,,,,,,,,,,,,,,,,,,,,,,,,,,,,,,,,,,,,,,v?pno=92090439&pty=CAN,7,5,False
Construction Management Institute of the United States of America IncMark:CMI-FSPS#:98514586R#:7661879,,,,,,,,,,,,,,,,,,,,,,,,,,,,,,,,,,,,,,,,,,,,,,,,,,,,,,,,,,,,,,,,,,,,,,,,,,,,,,,,,,,,,,,,,,,,,,,,,,,,,,,,,,,,,,,,,,,,,,,,,,,,,,,,,,,,,,,,,,,,,,,,,,,,,,,,,,,,,,,,,v?pnam=Construction%20Management%20Institute%20of%20the%20United%20States%20of%20America%20Inc%20%20,7,6,False
"Project Management Institute, Inc.Mark:PMI SCHEDULING PROFESSIONAL (PMI-SP)S#:77409410R#:3562355Mark:PMI-SPS#:77404162R#:3544918",,,,,,,,,,,,,,,,,,,,,,,,,,,,,,,,,,,,,,,,,,,,,,,,,,,,,,,,,,,,,,,,,,,,,,,,,,,,,,,,,,,,,,,,,,,,,,,,,,,,,,,,,,,,,,,,,,,,,,,,,,,,,,,,,,,,,,,,,,,,,,,,,,,,,,,,,,,,,,,,,"v?pnam=Project%20Management%20Institute,%20Inc.%20%20",7,7,False
9907524210/14/2025,9907524210/14/2025,SYSTEM OF DISCIPLINED AGILITY INC.Mark:SYSTEM OF DISCIPLINED AGILITYS#:99075242,SYSTEM OF DISCIPLINED AGILITY INC.Mark:SYSTEM OF DISCIPLINED AGILITYS#:99075242,"Project Management Institute, Inc.","Project Management Institute, Inc.",,,,,,,,,,,,,,,,,,,,,,,,,,,,,,,,,,,,,,,,,,,,,,,,,,,,,,,,,,,,,,,,,,,,,,,,,,,,,,,,,,,,,,,,,,,,,,,,,,,,,,,,,,,,,,,,,,,,,,,,,,,,,,,,,,,,,,,,,,,,,,,,,,,,,,,,,,,,v?pno=99075242&pty=EXT,7,8,False
9907524210/14/2025,,,,,,,,,,,,,,,,,,,,,,,,,,,,,,,,,,,,,,,,,,,,,,,,,,,,,,,,,,,,,,,,,,,,,,,,,,,,,,,,,,,,,,,,,,,,,,,,,,,,,,,,,,,,,,,,,,,,,,,,,,,,,,,,,,,,,,,,,,,,,,,,,,,,,,,,,,,,,,,,,v?pno=99075242&pty=EXT,7,9,False
SYSTEM OF DISCIPLINED AGILITY INC.Mark:SYSTEM OF DISCIPLINED AGILITYS#:99075242,,,,,,,,,,,,,,,,,,,,,,,,,,,,,,,,,,,,,,,,,,,,,,,,,,,,,,,,,,,,,,,,,,,,,,,,,,,,,,,,,,,,,,,,,,,,,,,,,,,,,,,,,,,,,,,,,,,,,,,,,,,,,,,,,,,,,,,,,,,,,,,,,,,,,,,,,,,,,,,,,v?pnam=SYSTEM%20OF%20DISCIPLINED%20AGILITY%20INC.%20%20,7,10,False
"Project Management Institute, Inc.",,,,,,,,,,,,,,,,,,,,,,,,,,,,,,,,,,,,,,,,,,,,,,,,,,,,,,,,,,,,,,,,,,,,,,,,,,,,,,,,,,,,,,,,,,,,,,,,,,,,,,,,,,,,,,,,,,,,,,,,,,,,,,,,,,,,,,,,,,,,,,,,,,,,,,,,,,,,,,,,,"v?pnam=Project%20Management%20Institute,%20Inc.%20%20",7,11,False
9842928105/09/2025,9842928105/09/2025,,,"Strategic Project Solutions, Inc.Mark:PROJECT PRODUCTION MANAGEMENTS#:98429281","Strategic Project Solutions, Inc.Mark:PROJECT PRODUCTION MANAGEMENTS#:98429281",,,,,,,,,,,,,,,,,,,,,,,,,,,,,,,,,,,,,,,,,,,,,,,,,,,,,,,,,,,,,,,,,,,,,,,,,,,,,,,,,,,,,,,,,,,,,,,,,,,,,,,,,,,,,,,,,,,,,,,,,,,,,,,,,,,,,,,,,,,,,,,,,,,,,,,,,,,,v?pno=98429281&pty=EXA,7,12,False
9842928105/09/2025,,,,,,,,,,,,,,,,,,,,,,,,,,,,,,,,,,,,,,,,,,,,,,,,,,,,,,,,,,,,,,,,,,,,,,,,,,,,,,,,,,,,,,,,,,,,,,,,,,,,,,,,,,,,,,,,,,,,,,,,,,,,,,,,,,,,,,,,,,,,,,,,,,,,,,,,,,,,,,,,,v?pno=98429281&pty=EXA,7,13,False
,,,,,,,,,,,,,,,,,,,,,,,,,,,,,,,,,,,,,,,,,,,,,,,,,,,,,,,,,,,,,,,,,,,,,,,,,,,,,,,,,,,,,,,,,,,,,,,,,,,,,,,,,,,,,,,,,,,,,,,,,,,,,,,,,,,,,,,,,,,,,,,,,,,,,,,,,,,,,,,,,,7,14,False
"Strategic Project Solutions, Inc.Mark:PROJECT PRODUCTION MANAGEMENTS#:98429281",,,,,,,,,,,,,,,,,,,,,,,,,,,,,,,,,,,,,,,,,,,,,,,,,,,,,,,,,,,,,,,,,,,,,,,,,,,,,,,,,,,,,,,,,,,,,,,,,,,,,,,,,,,,,,,,,,,,,,,,,,,,,,,,,,,,,,,,,,,,,,,,,,,,,,,,,,,,,,,,,"v?pnam=Strategic%20Project%20Solutions,%20Inc.%20%20",7,15,False
9842946705/09/2025,9842946705/09/2025,,,"Strategic Project Solutions, Inc.Mark:PROJECT PRODUCTION MANAGEMENTS#:98429467","Strategic Project Solutions, Inc.Mark:PROJECT PRODUCTION MANAGEMENTS#:98429467",,,,,,,,,,,,,,,,,,,,,,,,,,,,,,,,,,,,,,,,,,,,,,,,,,,,,,,,,,,,,,,,,,,,,,,,,,,,,,,,,,,,,,,,,,,,,,,,,,,,,,,,,,,,,,,,,,,,,,,,,,,,,,,,,,,,,,,,,,,,,,,,,,,,,,,,,,,,v?pno=98429467&pty=EXA,7,16,False
9842946705/09/2025,,,,,,,,,,,,,,,,,,,,,,,,,,,,,,,,,,,,,,,,,,,,,,,,,,,,,,,,,,,,,,,,,,,,,,,,,,,,,,,,,,,,,,,,,,,,,,,,,,,,,,,,,,,,,,,,,,,,,,,,,,,,,,,,,,,,,,,,,,,,,,,,,,,,,,,,,,,,,,,,,v?pno=98429467&pty=EXA,7,17,False
,,,,,,,,,,,,,,,,,,,,,,,,,,,,,,,,,,,,,,,,,,,,,,,,,,,,,,,,,,,,,,,,,,,,,,,,,,,,,,,,,,,,,,,,,,,,,,,,,,,,,,,,,,,,,,,,,,,,,,,,,,,,,,,,,,,,,,,,,,,,,,,,,,,,,,,,,,,,,,,,,,7,18,False
"Strategic Project Solutions, Inc.Mark:PROJECT PRODUCTION MANAGEMENTS#:98429467",,,,,,,,,,,,,,,,,,,,,,,,,,,,,,,,,,,,,,,,,,,,,,,,,,,,,,,,,,,,,,,,,,,,,,,,,,,,,,,,,,,,,,,,,,,,,,,,,,,,,,,,,,,,,,,,,,,,,,,,,,,,,,,,,,,,,,,,,,,,,,,,,,,,,,,,,,,,,,,,,"v?pnam=Strategic%20Project%20Solutions,%20Inc.%20%20",7,19,False
9208826105/02/2025,9208826105/02/2025,"Royal Mechanical Services, Inc.Mark:ROYAL PROJECT MANAGEMENT FACILITY SOLUTIONSS#:77854928R#:3827316","Royal Mechanical Services, Inc.Mark:ROYAL PROJECT MANAGEMENT FACILITY SOLUTIONSS#:77854928R#:3827316","Royal Flush Plumbing, Inc.","Royal Flush Plumbing, Inc.",,,,,,,,,,,,,,,,,,,,,,,,,,,,,,,,,,,,,,,,,,,,,,,,,,,,,,,,,,,,,,,,,,,,,,,,,,,,,,,,,,,,,,,,,,,,,,,,,,,,,,,,,,,,,,,,,,,,,,,,,,,,,,,,,,,,,,,,,,,,,,,,,,,,,,,,,,,,v?pno=92088261&pty=CAN,7,20,False
9208826105/02/2025,,,,,,,,,,,,,,,,,,,,,,,,,,,,,,,,,,,,,,,,,,,,,,,,,,,,,,,,,,,,,,,,,,,,,,,,,,,,,,,,,,,,,,,,,,,,,,,,,,,,,,,,,,,,,,,,,,,,,,,,,,,,,,,,,,,,,,,,,,,,,,,,,,,,,,,,,,,,,,,,,v?pno=92088261&pty=CAN,7,21,False
"Royal Mechanical Services, Inc.Mark:ROYAL PROJECT MANAGEMENT FACILITY SOLUTIONSS#:77854928R#:3827316",,,,,,,,,,,,,,,,,,,,,,,,,,,,,,,,,,,,,,,,,,,,,,,,,,,,,,,,,,,,,,,,,,,,,,,,,,,,,,,,,,,,,,,,,,,,,,,,,,,,,,,,,,,,,,,,,,,,,,,,,,,,,,,,,,,,,,,,,,,,,,,,,,,,,,,,,,,,,,,,,"v?pnam=Royal%20Mechanical%20Services,%20Inc.%20%20",7,22,False
"Royal Flush Plumbing, Inc.",,,,,,,,,,,,,,,,,,,,,,,,,,,,,,,,,,,,,,,,,,,,,,,,,,,,,,,,,,,,,,,,,,,,,,,,,,,,,,,,,,,,,,,,,,,,,,,,,,,,,,,,,,,,,,,,,,,,,,,,,,,,,,,,,,,,,,,,,,,,,,,,,,,,,,,,,,,,,,,,,"v?pnam=Royal%20Flush%20Plumbing,%20Inc.%20%20",7,23,False
9864621902/20/2025,9864621902/20/2025,"TBS Project, LLCMark:KIND BUD CLUBS#:98646219","TBS Project, LLCMark:KIND BUD CLUBS#:98646219",KIND Management LLC,KIND Management LLC,,,,,,,,,,,,,,,,,,,,,,,,,,,,,,,,,,,,,,,,,,,,,,,,,,,,,,,,,,,,,,,,,,,,,,,,,,,,,,,,,,,,,,,,,,,,,,,,,,,,,,,,,,,,,,,,,,,,,,,,,,,,,,,,,,,,,,,,,,,,,,,,,,,,,,,,,,,,v?pno=98646219&pty=EXT,7,24,False
9864621902/20/2025,,,,,,,,,,,,,,,,,,,,,,,,,,,,,,,,,,,,,,,,,,,,,,,,,,,,,,,,,,,,,,,,,,,,,,,,,,,,,,,,,,,,,,,,,,,,,,,,,,,,,,,,,,,,,,,,,,,,,,,,,,,,,,,,,,,,,,,,,,,,,,,,,,,,,,,,,,,,,,,,,v?pno=98646219&pty=EXT,7,25,False
"TBS Project, LLCMark:KIND BUD CLUBS#:98646219",,,,,,,,,,,,,,,,,,,,,,,,,,,,,,,,,,,,,,,,,,,,,,,,,,,,,,,,,,,,,,,,,,,,,,,,,,,,,,,,,,,,,,,,,,,,,,,,,,,,,,,,,,,,,,,,,,,,,,,,,,,,,,,,,,,,,,,,,,,,,,,,,,,,,,,,,,,,,,,,,"v?pnam=TBS%20Project,%20LLC%20%20",7,26,False
KIND Management LLC,,,,,,,,,,,,,,,,,,,,,,,,,,,,,,,,,,,,,,,,,,,,,,,,,,,,,,,,,,,,,,,,,,,,,,,,,,,,,,,,,,,,,,,,,,,,,,,,,,,,,,,,,,,,,,,,,,,,,,,,,,,,,,,,,,,,,,,,,,,,,,,,,,,,,,,,,,,,,,,,,v?pnam=KIND%20Management%20LLC%20%20,7,27,False
8828445101/13/2025,8828445101/13/2025,,,"Project Management Leadership Group, Inc.Mark:CPM BOOT CAMPS#:88284451","Project Management Leadership Group, Inc.Mark:CPM BOOT CAMPS#:88284451",,,,,,,,,,,,,,,,,,,,,,,,,,,,,,,,,,,,,,,,,,,,,,,,,,,,,,,,,,,,,,,,,,,,,,,,,,,,,,,,,,,,,,,,,,,,,,,,,,,,,,,,,,,,,,,,,,,,,,,,,,,,,,,,,,,,,,,,,,,,,,,,,,,,,,,,,,,,v?pno=88284451&pty=EXA,7,28,False
8828445101/13/2025,,,,,,,,,,,,,,,,,,,,,,,,,,,,,,,,,,,,,,,,,,,,,,,,,,,,,,,,,,,,,,,,,,,,,,,,,,,,,,,,,,,,,,,,,,,,,,,,,,,,,,,,,,,,,,,,,,,,,,,,,,,,,,,,,,,,,,,,,,,,,,,,,,,,,,,,,,,,,,,,,v?pno=88284451&pty=EXA,7,29,False
,,,,,,,,,,,,,,,,,,,,,,,,,,,,,,,,,,,,,,,,,,,,,,,,,,,,,,,,,,,,,,,,,,,,,,,,,,,,,,,,,,,,,,,,,,,,,,,,,,,,,,,,,,,,,,,,,,,,,,,,,,,,,,,,,,,,,,,,,,,,,,,,,,,,,,,,,,,,,,,,,,7,30,False
"Project Management Leadership Group, Inc.Mark:CPM BOOT CAMPS#:88284451",,,,,,,,,,,,,,,,,,,,,,,,,,,,,,,,,,,,,,,,,,,,,,,,,,,,,,,,,,,,,,,,,,,,,,,,,,,,,,,,,,,,,,,,,,,,,,,,,,,,,,,,,,,,,,,,,,,,,,,,,,,,,,,,,,,,,,,,,,,,,,,,,,,,,,,,,,,,,,,,,"v?pnam=Project%20Management%20Leadership%20Group,%20Inc.%20%20",7,31,False
9129330308/14/2024,9129330308/14/2024,Construction Management Institute of the United States of America Inc.Mark:CMIS#:97469036,Construction Management Institute of the United States of America Inc.Mark:CMIS#:97469036,"Project Management Institute, Inc.Mark:PMIS#:75316885R#:2152599Mark:PMIS#:85369948R#:4077281Mark:PMIS#:85516984R#:4303806Mark:PMI AGILE CERTIFIED PRACTITIONER (PMI-ACP)S#:85313092R#:4199533Mark:PMI RISK MANAGEMENT PROFESSIONAL (PMI-RMP)S#:77409467R#:3588673Mark:PMI-RMPS#:77409522R#:3592718","Project Management Institute, Inc.Mark:PMIS#:75316885R#:2152599Mark:PMIS#:85369948R#:4077281Mark:PMIS#:85516984R#:4303806Mark:PMI AGILE CERTIFIED PRACTITIONER (PMI-ACP)S#:85313092R#:4199533Mark:PMI RISK MANAGEMENT PROFESSIONAL (PMI-RMP)S#:77409467R#:3588673Mark:PMI-RMPS#:77409522R#:3592718",,,,,,,,,,,,,,,,,,,,,,,,,,,,,,,,,,,,,,,,,,,,,,,,,,,,,,,,,,,,,,,,,,,,,,,,,,,,,,,,,,,,,,,,,,,,,,,,,,,,,,,,,,,,,,,,,,,,,,,,,,,,,,,,,,,,,,,,,,,,,,,,,,,,,,,,,,,,v?pno=91293303&pty=OPP,7,32,False
9129330308/14/2024,,,,,,,,,,,,,,,,,,,,,,,,,,,,,,,,,,,,,,,,,,,,,,,,,,,,,,,,,,,,,,,,,,,,,,,,,,,,,,,,,,,,,,,,,,,,,,,,,,,,,,,,,,,,,,,,,,,,,,,,,,,,,,,,,,,,,,,,,,,,,,,,,,,,,,,,,,,,,,,,,v?pno=91293303&pty=OPP,7,33,False
Construction Management Institute of the United States of America Inc.Mark:CMIS#:97469036,,,,,,,,,,,,,,,,,,,,,,,,,,,,,,,,,,,,,,,,,,,,,,,,,,,,,,,,,,,,,,,,,,,,,,,,,,,,,,,,,,,,,,,,,,,,,,,,,,,,,,,,,,,,,,,,,,,,,,,,,,,,,,,,,,,,,,,,,,,,,,,,,,,,,,,,,,,,,,,,,v?pnam=Construction%20Management%20Institute%20of%20the%20United%20States%20of%20America%20Inc.%20%20,7,34,False
"Project Management Institute, Inc.Mark:PMIS#:75316885R#:2152599Mark:PMIS#:85369948R#:4077281Mark:PMIS#:85516984R#:4303806Mark:PMI AGILE CERTIFIED PRACTITIONER (PMI-ACP)S#:85313092R#:4199533Mark:PMI RISK MANAGEMENT PROFESSIONAL (PMI-RMP)S#:77409467R#:3588673Mark:PMI-RMPS#:77409522R#:3592718",,,,,,,,,,,,,,,,,,,,,,,,,,,,,,,,,,,,,,,,,,,,,,,,,,,,,,,,,,,,,,,,,,,,,,,,,,,,,,,,,,,,,,,,,,,,,,,,,,,,,,,,,,,,,,,,,,,,,,,,,,,,,,,,,,,,,,,,,,,,,,,,,,,,,,,,,,,,,,,,,"v?pnam=Project%20Management%20Institute,%20Inc.%20%20",7,35,False
9129330408/14/2024,9129330408/14/2024,Construction Management Institute of the United States of America Inc.Mark:CMI ·CONSTRUCTION MANAGEMENT INSTITUTE· USA CONSTRUCTION MANAGEMENT INSTITUTE OF THE USAS#:97469029,Construction Management Institute of the United States of America Inc.Mark:CMI ·CONSTRUCTION MANAGEMENT INSTITUTE· USA CONSTRUCTION MANAGEMENT INSTITUTE OF THE USAS#:97469029,"Project Management Institute, Inc.Mark:P PROJECT MANAGEMENT INSTITUTES#:88673783Mark:PMIS#:75316885R#:2152599Mark:PMIS#:85369948R#:4077281Mark:PMIS#:85516984R#:4303806Mark:PMI AGILE CERTIFIED PRACTITIONER (PMI-ACP)S#:85313092R#:4199533Mark:PMI RISK MANAGEMENT PROFESSIONAL (PMI-RMP)S#:77409467R#:3588673Mark:PMI-RMPS#:77409522R#:3592718Mark:PROJECT MANAGEMENT INSTITUTES#:77679659R#:3920348","Project Management Institute, Inc.Mark:P PROJECT MANAGEMENT INSTITUTES#:88673783Mark:PMIS#:75316885R#:2152599Mark:PMIS#:85369948R#:4077281Mark:PMIS#:85516984R#:4303806Mark:PMI AGILE CERTIFIED PRACTITIONER (PMI-ACP)S#:85313092R#:4199533Mark:PMI RISK MANAGEMENT PROFESSIONAL (PMI-RMP)S#:77409467R#:3588673Mark:PMI-RMPS#:77409522R#:3592718Mark:PROJECT MANAGEMENT INSTITUTES#:77679659R#:3920348",,,,,,,,,,,,,,,,,,,,,,,,,,,,,,,,,,,,,,,,,,,,,,,,,,,,,,,,,,,,,,,,,,,,,,,,,,,,,,,,,,,,,,,,,,,,,,,,,,,,,,,,,,,,,,,,,,,,,,,,,,,,,,,,,,,,,,,,,,,,,,,,,,,,,,,,,,,,v?pno=91293304&pty=OPP,7,36,False
9129330408/14/2024,,,,,,,,,,,,,,,,,,,,,,,,,,,,,,,,,,,,,,,,,,,,,,,,,,,,,,,,,,,,,,,,,,,,,,,,,,,,,,,,,,,,,,,,,,,,,,,,,,,,,,,,,,,,,,,,,,,,,,,,,,,,,,,,,,,,,,,,,,,,,,,,,,,,,,,,,,,,,,,,,v?pno=91293304&pty=OPP,7,37,False
Construction Management Institute of the United States of America Inc.Mark:CMI ·CONSTRUCTION MANAGEMENT INSTITUTE· USA CONSTRUCTION MANAGEMENT INSTITUTE OF THE USAS#:97469029,,,,,,,,,,,,,,,,,,,,,,,,,,,,,,,,,,,,,,,,,,,,,,,,,,,,,,,,,,,,,,,,,,,,,,,,,,,,,,,,,,,,,,,,,,,,,,,,,,,,,,,,,,,,,,,,,,,,,,,,,,,,,,,,,,,,,,,,,,,,,,,,,,,,,,,,,,,,,,,,,v?pnam=Construction%20Management%20Institute%20of%20the%20United%20States%20of%20America%20Inc.%20%20,7,38,False
"Project Management Institute, Inc.Mark:P PROJECT MANAGEMENT INSTITUTES#:88673783Mark:PMIS#:75316885R#:2152599Mark:PMIS#:85369948R#:4077281Mark:PMIS#:85516984R#:4303806Mark:PMI AGILE CERTIFIED PRACTITIONER (PMI-ACP)S#:85313092R#:4199533Mark:PMI RISK MANAGEMENT PROFESSIONAL (PMI-RMP)S#:77409467R#:3588673Mark:PMI-RMPS#:77409522R#:3592718Mark:PROJECT MANAGEMENT INSTITUTES#:77679659R#:3920348",,,,,,,,,,,,,,,,,,,,,,,,,,,,,,,,,,,,,,,,,,,,,,,,,,,,,,,,,,,,,,,,,,,,,,,,,,,,,,,,,,,,,,,,,,,,,,,,,,,,,,,,,,,,,,,,,,,,,,,,,,,,,,,,,,,,,,,,,,,,,,,,,,,,,,,,,,,,,,,,,"v?pnam=Project%20Management%20Institute,%20Inc.%20%20",7,39,False
9746902905/03/2024,9746902905/03/2024,Construction Management Institute of TheUnited States of America Inc.Mark:CMI ·CONSTRUCTION MANAGEMENT INSTITUTE· USA CONSTRUCTION MANAGEMENT INSTITUTE OF THE USAS#:97469029,Construction Management Institute of TheUnited States of America Inc.Mark:CMI ·CONSTRUCTION MANAGEMENT INSTITUTE· USA CONSTRUCTION MANAGEMENT INSTITUTE OF THE USAS#:97469029,"Project Management Institute, Inc.","Project Management Institute, Inc.",,,,,,,,,,,,,,,,,,,,,,,,,,,,,,,,,,,,,,,,,,,,,,,,,,,,,,,,,,,,,,,,,,,,,,,,,,,,,,,,,,,,,,,,,,,,,,,,,,,,,,,,,,,,,,,,,,,,,,,,,,,,,,,,,,,,,,,,,,,,,,,,,,,,,,,,,,,,v?pno=97469029&pty=EXT,7,40,False
9746902905/03/2024,,,,,,,,,,,,,,,,,,,,,,,,,,,,,,,,,,,,,,,,,,,,,,,,,,,,,,,,,,,,,,,,,,,,,,,,,,,,,,,,,,,,,,,,,,,,,,,,,,,,,,,,,,,,,,,,,,,,,,,,,,,,,,,,,,,,,,,,,,,,,,,,,,,,,,,,,,,,,,,,,v?pno=97469029&pty=EXT,7,41,False
Construction Management Institute of TheUnited States of America Inc.Mark:CMI ·CONSTRUCTION MANAGEMENT INSTITUTE· USA CONSTRUCTION MANAGEMENT INSTITUTE OF THE USAS#:97469029,,,,,,,,,,,,,,,,,,,,,,,,,,,,,,,,,,,,,,,,,,,,,,,,,,,,,,,,,,,,,,,,,,,,,,,,,,,,,,,,,,,,,,,,,,,,,,,,,,,,,,,,,,,,,,,,,,,,,,,,,,,,,,,,,,,,,,,,,,,,,,,,,,,,,,,,,,,,,,,,,v?pnam=Construction%20Management%20Institute%20of%20TheUnited%20States%20of%20America%20Inc.%20%20,7,42,False
"Project Management Institute, Inc.",,,,,,,,,,,,,,,,,,,,,,,,,,,,,,,,,,,,,,,,,,,,,,,,,,,,,,,,,,,,,,,,,,,,,,,,,,,,,,,,,,,,,,,,,,,,,,,,,,,,,,,,,,,,,,,,,,,,,,,,,,,,,,,,,,,,,,,,,,,,,,,,,,,,,,,,,,,,,,,,,"v?pnam=Project%20Management%20Institute,%20Inc.%20%20",7,43,False
9746903605/03/2024,9746903605/03/2024,Construction Management Institute of TheUnited States of America Inc.Mark:CMIS#:97469036,Construction Management Institute of TheUnited States of America Inc.Mark:CMIS#:97469036,"Project Management Institute, Inc.","Project Management Institute, Inc.",,,,,,,,,,,,,,,,,,,,,,,,,,,,,,,,,,,,,,,,,,,,,,,,,,,,,,,,,,,,,,,,,,,,,,,,,,,,,,,,,,,,,,,,,,,,,,,,,,,,,,,,,,,,,,,,,,,,,,,,,,,,,,,,,,,,,,,,,,,,,,,,,,,,,,,,,,,,v?pno=97469036&pty=EXT,7,44,False
9746903605/03/2024,,,,,,,,,,,,,,,,,,,,,,,,,,,,,,,,,,,,,,,,,,,,,,,,,,,,,,,,,,,,,,,,,,,,,,,,,,,,,,,,,,,,,,,,,,,,,,,,,,,,,,,,,,,,,,,,,,,,,,,,,,,,,,,,,,,,,,,,,,,,,,,,,,,,,,,,,,,,,,,,,v?pno=97469036&pty=EXT,7,45,False
Construction Management Institute of TheUnited States of America Inc.Mark:CMIS#:97469036,,,,,,,,,,,,,,,,,,,,,,,,,,,,,,,,,,,,,,,,,,,,,,,,,,,,,,,,,,,,,,,,,,,,,,,,,,,,,,,,,,,,,,,,,,,,,,,,,,,,,,,,,,,,,,,,,,,,,,,,,,,,,,,,,,,,,,,,,,,,,,,,,,,,,,,,,,,,,,,,,v?pnam=Construction%20Management%20Institute%20of%20TheUnited%20States%20of%20America%20Inc.%20%20,7,46,False
"Project Management Institute, Inc.",,,,,,,,,,,,,,,,,,,,,,,,,,,,,,,,,,,,,,,,,,,,,,,,,,,,,,,,,,,,,,,,,,,,,,,,,,,,,,,,,,,,,,,,,,,,,,,,,,,,,,,,,,,,,,,,,,,,,,,,,,,,,,,,,,,,,,,,,,,,,,,,,,,,,,,,,,,,,,,,,"v?pnam=Project%20Management%20Institute,%20Inc.%20%20",7,47,False
8867378302/15/2024,8867378302/15/2024,,,"Project Management Institute, Inc.Mark:P PROJECT MANAGEMENT INSTITUTES#:88673783","Project Management Institute, Inc.Mark:P PROJECT MANAGEMENT INSTITUTES#:88673783",,,,,,,,,,,,,,,,,,,,,,,,,,,,,,,,,,,,,,,,,,,,,,,,,,,,,,,,,,,,,,,,,,,,,,,,,,,,,,,,,,,,,,,,,,,,,,,,,,,,,,,,,,,,,,,,,,,,,,,,,,,,,,,,,,,,,,,,,,,,,,,,,,,,,,,,,,,,v?pno=88673783&pty=EXA,7,48,False
8867378302/15/2024,,,,,,,,,,,,,,,,,,,,,,,,,,,,,,,,,,,,,,,,,,,,,,,,,,,,,,,,,,,,,,,,,,,,,,,,,,,,,,,,,,,,,,,,,,,,,,,,,,,,,,,,,,,,,,,,,,,,,,,,,,,,,,,,,,,,,,,,,,,,,,,,,,,,,,,,,,,,,,,,,v?pno=88673783&pty=EXA,7,49,False
,,,,,,,,,,,,,,,,,,,,,,,,,,,,,,,,,,,,,,,,,,,,,,,,,,,,,,,,,,,,,,,,,,,,,,,,,,,,,,,,,,,,,,,,,,,,,,,,,,,,,,,,,,,,,,,,,,,,,,,,,,,,,,,,,,,,,,,,,,,,,,,,,,,,,,,,,,,,,,,,,,7,50,False
"Project Management Institute, Inc.Mark:P PROJECT MANAGEMENT INSTITUTES#:88673783",,,,,,,,,,,,,,,,,,,,,,,,,,,,,,,,,,,,,,,,,,,,,,,,,,,,,,,,,,,,,,,,,,,,,,,,,,,,,,,,,,,,,,,,,,,,,,,,,,,,,,,,,,,,,,,,,,,,,,,,,,,,,,,,,,,,,,,,,,,,,,,,,,,,,,,,,,,,,,,,,"v?pnam=Project%20Management%20Institute,%20Inc.%20%20",7,51,False
8867380402/15/2024,8867380402/15/2024,,,"Project Management Institute, Inc.Mark:PS#:88673804","Project Management Institute, Inc.Mark:PS#:88673804",,,,,,,,,,,,,,,,,,,,,,,,,,,,,,,,,,,,,,,,,,,,,,,,,,,,,,,,,,,,,,,,,,,,,,,,,,,,,,,,,,,,,,,,,,,,,,,,,,,,,,,,,,,,,,,,,,,,,,,,,,,,,,,,,,,,,,,,,,,,,,,,,,,,,,,,,,,,v?pno=88673804&pty=EXA,7,52,False
8867380402/15/2024,,,,,,,,,,,,,,,,,,,,,,,,,,,,,,,,,,,,,,,,,,,,,,,,,,,,,,,,,,,,,,,,,,,,,,,,,,,,,,,,,,,,,,,,,,,,,,,,,,,,,,,,,,,,,,,,,,,,,,,,,,,,,,,,,,,,,,,,,,,,,,,,,,,,,,,,,,,,,,,,,v?pno=88673804&pty=EXA,7,53,False
,,,,,,,,,,,,,,,,,,,,,,,,,,,,,,,,,,,,,,,,,,,,,,,,,,,,,,,,,,,,,,,,,,,,,,,,,,,,,,,,,,,,,,,,,,,,,,,,,,,,,,,,,,,,,,,,,,,,,,,,,,,,,,,,,,,,,,,,,,,,,,,,,,,,,,,,,,,,,,,,,,7,54,False
"Project Management Institute, Inc.Mark:PS#:88673804",,,,,,,,,,,,,,,,,,,,,,,,,,,,,,,,,,,,,,,,,,,,,,,,,,,,,,,,,,,,,,,,,,,,,,,,,,,,,,,,,,,,,,,,,,,,,,,,,,,,,,,,,,,,,,,,,,,,,,,,,,,,,,,,,,,,,,,,,,,,,,,,,,,,,,,,,,,,,,,,,"v?pnam=Project%20Management%20Institute,%20Inc.%20%20",7,55,False
9208439102/06/2024,9208439102/06/2024,"iCapital Project Management, LLCMark:VODA GROUPS#:87890960R#:5622568","iCapital Project Management, LLCMark:VODA GROUPS#:87890960R#:5622568",FPB DNA Cleaning and Restoration LLCMark:VODA CLEANING & RESTORATIONS#:97796714Mark:VODA CLEANING & RESTORATION VS#:97814033,FPB DNA Cleaning and Restoration LLCMark:VODA CLEANING & RESTORATIONS#:97796714Mark:VODA CLEANING & RESTORATION VS#:97814033,,,,,,,,,,,,,,,,,,,,,,,,,,,,,,,,,,,,,,,,,,,,,,,,,,,,,,,,,,,,,,,,,,,,,,,,,,,,,,,,,,,,,,,,,,,,,,,,,,,,,,,,,,,,,,,,,,,,,,,,,,,,,,,,,,,,,,,,,,,,,,,,,,,,,,,,,,,,v?pno=92084391&pty=CAN,7,56,False
9208439102/06/2024,,,,,,,,,,,,,,,,,,,,,,,,,,,,,,,,,,,,,,,,,,,,,,,,,,,,,,,,,,,,,,,,,,,,,,,,,,,,,,,,,,,,,,,,,,,,,,,,,,,,,,,,,,,,,,,,,,,,,,,,,,,,,,,,,,,,,,,,,,,,,,,,,,,,,,,,,,,,,,,,,v?pno=92084391&pty=CAN,7,57,False
"iCapital Project Management, LLCMark:VODA GROUPS#:87890960R#:5622568",,,,,,,,,,,,,,,,,,,,,,,,,,,,,,,,,,,,,,,,,,,,,,,,,,,,,,,,,,,,,,,,,,,,,,,,,,,,,,,,,,,,,,,,,,,,,,,,,,,,,,,,,,,,,,,,,,,,,,,,,,,,,,,,,,,,,,,,,,,,,,,,,,,,,,,,,,,,,,,,,"v?pnam=iCapital%20Project%20Management,%20LLC%20%20",7,58,False
FPB DNA Cleaning and Restoration LLCMark:VODA CLEANING & RESTORATIONS#:97796714Mark:VODA CLEANING & RESTORATION VS#:97814033,,,,,,,,,,,,,,,,,,,,,,,,,,,,,,,,,,,,,,,,,,,,,,,,,,,,,,,,,,,,,,,,,,,,,,,,,,,,,,,,,,,,,,,,,,,,,,,,,,,,,,,,,,,,,,,,,,,,,,,,,,,,,,,,,,,,,,,,,,,,,,,,,,,,,,,,,,,,,,,,,v?pnam=FPB%20DNA%20Cleaning%20and%20Restoration%20LLC%20%20,7,59,False
9128831411/20/2023,9128831411/20/2023,"Brightline, Inc.Mark:BRIGHTLINES#:97184156","Brightline, Inc.Mark:BRIGHTLINES#:97184156","Project Management Institute, Inc.Mark:B BRIGHTLINE PROJECT MANAGEMENT INSTITUTES#:88642630R#:6555824Mark:BRIGHTLINES#:87982029R#:6037755Mark:BRIGHTLINES#:87318956R#:6329047","Project Management Institute, Inc.Mark:B BRIGHTLINE PROJECT MANAGEMENT INSTITUTES#:88642630R#:6555824Mark:BRIGHTLINES#:87982029R#:6037755Mark:BRIGHTLINES#:87318956R#:6329047",,,,,,,,,,,,,,,,,,,,,,,,,,,,,,,,,,,,,,,,,,,,,,,,,,,,,,,,,,,,,,,,,,,,,,,,,,,,,,,,,,,,,,,,,,,,,,,,,,,,,,,,,,,,,,,,,,,,,,,,,,,,,,,,,,,,,,,,,,,,,,,,,,,,,,,,,,,,v?pno=91288314&pty=OPP,7,60,False
9128831411/20/2023,,,,,,,,,,,,,,,,,,,,,,,,,,,,,,,,,,,,,,,,,,,,,,,,,,,,,,,,,,,,,,,,,,,,,,,,,,,,,,,,,,,,,,,,,,,,,,,,,,,,,,,,,,,,,,,,,,,,,,,,,,,,,,,,,,,,,,,,,,,,,,,,,,,,,,,,,,,,,,,,,v?pno=91288314&pty=OPP,7,61,False
"Brightline, Inc.Mark:BRIGHTLINES#:97184156",,,,,,,,,,,,,,,,,,,,,,,,,,,,,,,,,,,,,,,,,,,,,,,,,,,,,,,,,,,,,,,,,,,,,,,,,,,,,,,,,,,,,,,,,,,,,,,,,,,,,,,,,,,,,,,,,,,,,,,,,,,,,,,,,,,,,,,,,,,,,,,,,,,,,,,,,,,,,,,,,"v?pnam=Brightline,%20Inc.%20%20",7,62,False
"Project Management Institute, Inc.Mark:B BRIGHTLINE PROJECT MANAGEMENT INSTITUTES#:88642630R#:6555824Mark:BRIGHTLINES#:87982029R#:6037755Mark:BRIGHTLINES#:87318956R#:6329047",,,,,,,,,,,,,,,,,,,,,,,,,,,,,,,,,,,,,,,,,,,,,,,,,,,,,,,,,,,,,,,,,,,,,,,,,,,,,,,,,,,,,,,,,,,,,,,,,,,,,,,,,,,,,,,,,,,,,,,,,,,,,,,,,,,,,,,,,,,,,,,,,,,,,,,,,,,,,,,,,"v?pnam=Project%20Management%20Institute,%20Inc.%20%20",7,63,False
9128831511/20/2023,9128831511/20/2023,"Brightline, Inc.Mark:BRIGHTLINES#:97184158","Brightline, Inc.Mark:BRIGHTLINES#:97184158","Project Management Institute, Inc.Mark:B BRIGHTLINE PROJECT MANAGEMENT INSTITUTES#:88642630R#:6555824Mark:BRIGHTLINES#:87982029R#:6037755Mark:BRIGHTLINES#:87318956R#:6329047","Project Management Institute, Inc.Mark:B BRIGHTLINE PROJECT MANAGEMENT INSTITUTES#:88642630R#:6555824Mark:BRIGHTLINES#:87982029R#:6037755Mark:BRIGHTLINES#:87318956R#:6329047",,,,,,,,,,,,,,,,,,,,,,,,,,,,,,,,,,,,,,,,,,,,,,,,,,,,,,,,,,,,,,,,,,,,,,,,,,,,,,,,,,,,,,,,,,,,,,,,,,,,,,,,,,,,,,,,,,,,,,,,,,,,,,,,,,,,,,,,,,,,,,,,,,,,,,,,,,,,v?pno=91288315&pty=OPP,7,64,False
9128831511/20/2023,,,,,,,,,,,,,,,,,,,,,,,,,,,,,,,,,,,,,,,,,,,,,,,,,,,,,,,,,,,,,,,,,,,,,,,,,,,,,,,,,,,,,,,,,,,,,,,,,,,,,,,,,,,,,,,,,,,,,,,,,,,,,,,,,,,,,,,,,,,,,,,,,,,,,,,,,,,,,,,,,v?pno=91288315&pty=OPP,7,65,False
"Brightline, Inc.Mark:BRIGHTLINES#:97184158",,,,,,,,,,,,,,,,,,,,,,,,,,,,,,,,,,,,,,,,,,,,,,,,,,,,,,,,,,,,,,,,,,,,,,,,,,,,,,,,,,,,,,,,,,,,,,,,,,,,,,,,,,,,,,,,,,,,,,,,,,,,,,,,,,,,,,,,,,,,,,,,,,,,,,,,,,,,,,,,,"v?pnam=Brightline,%20Inc.%20%20",7,66,False
"Project Management Institute, Inc.Mark:B BRIGHTLINE PROJECT MANAGEMENT INSTITUTES#:88642630R#:6555824Mark:BRIGHTLINES#:87982029R#:6037755Mark:BRIGHTLINES#:87318956R#:6329047",,,,,,,,,,,,,,,,,,,,,,,,,,,,,,,,,,,,,,,,,,,,,,,,,,,,,,,,,,,,,,,,,,,,,,,,,,,,,,,,,,,,,,,,,,,,,,,,,,,,,,,,,,,,,,,,,,,,,,,,,,,,,,,,,,,,,,,,,,,,,,,,,,,,,,,,,,,,,,,,,"v?pnam=Project%20Management%20Institute,%20Inc.%20%20",7,67,False
9711628710/23/2023,9711628710/23/2023,,,"Project Management Institute, Inc.Mark:CONSTRUCTION PROFESSIONAL IN BUILT ENVIRONMENT PROJECTSS#:97116287","Project Management Institute, Inc.Mark:CONSTRUCTION PROFESSIONAL IN BUILT ENVIRONMENT PROJECTSS#:97116287",,,,,,,,,,,,,,,,,,,,,,,,,,,,,,,,,,,,,,,,,,,,,,,,,,,,,,,,,,,,,,,,,,,,,,,,,,,,,,,,,,,,,,,,,,,,,,,,,,,,,,,,,,,,,,,,,,,,,,,,,,,,,,,,,,,,,,,,,,,,,,,,,,,,,,,,,,,,v?pno=97116287&pty=EXA,7,68,False
9711628710/23/2023,,,,,,,,,,,,,,,,,,,,,,,,,,,,,,,,,,,,,,,,,,,,,,,,,,,,,,,,,,,,,,,,,,,,,,,,,,,,,,,,,,,,,,,,,,,,,,,,,,,,,,,,,,,,,,,,,,,,,,,,,,,,,,,,,,,,,,,,,,,,,,,,,,,,,,,,,,,,,,,,,v?pno=97116287&pty=EXA,7,69,False
,,,,,,,,,,,,,,,,,,,,,,,,,,,,,,,,,,,,,,,,,,,,,,,,,,,,,,,,,,,,,,,,,,,,,,,,,,,,,,,,,,,,,,,,,,,,,,,,,,,,,,,,,,,,,,,,,,,,,,,,,,,,,,,,,,,,,,,,,,,,,,,,,,,,,,,,,,,,,,,,,,7,70,False
"Project Management Institute, Inc.Mark:CONSTRUCTION PROFESSIONAL IN BUILT ENVIRONMENT PROJECTSS#:97116287",,,,,,,,,,,,,,,,,,,,,,,,,,,,,,,,,,,,,,,,,,,,,,,,,,,,,,,,,,,,,,,,,,,,,,,,,,,,,,,,,,,,,,,,,,,,,,,,,,,,,,,,,,,,,,,,,,,,,,,,,,,,,,,,,,,,,,,,,,,,,,,,,,,,,,,,,,,,,,,,,"v?pnam=Project%20Management%20Institute,%20Inc.%20%20",7,71,False
9716457006/15/2023,9716457006/15/2023,"PROJECT MIRACLE IP HOLDINGS, LLCMark:JUKEBXS#:97164570","PROJECT MIRACLE IP HOLDINGS, LLCMark:JUKEBXS#:97164570","Copperstate Farms Management, LLC","Copperstate Farms Management, LLC",,,,,,,,,,,,,,,,,,,,,,,,,,,,,,,,,,,,,,,,,,,,,,,,,,,,,,,,,,,,,,,,,,,,,,,,,,,,,,,,,,,,,,,,,,,,,,,,,,,,,,,,,,,,,,,,,,,,,,,,,,,,,,,,,,,,,,,,,,,,,,,,,,,,,,,,,,,,v?pno=97164570&pty=EXT,7,72,False
9716457006/15/2023,,,,,,,,,,,,,,,,,,,,,,,,,,,,,,,,,,,,,,,,,,,,,,,,,,,,,,,,,,,,,,,,,,,,,,,,,,,,,,,,,,,,,,,,,,,,,,,,,,,,,,,,,,,,,,,,,,,,,,,,,,,,,,,,,,,,,,,,,,,,,,,,,,,,,,,,,,,,,,,,,v?pno=97164570&pty=EXT,7,73,False
"PROJECT MIRACLE IP HOLDINGS, LLCMark:JUKEBXS#:97164570",,,,,,,,,,,,,,,,,,,,,,,,,,,,,,,,,,,,,,,,,,,,,,,,,,,,,,,,,,,,,,,,,,,,,,,,,,,,,,,,,,,,,,,,,,,,,,,,,,,,,,,,,,,,,,,,,,,,,,,,,,,,,,,,,,,,,,,,,,,,,,,,,,,,,,,,,,,,,,,,,"v?pnam=PROJECT%20MIRACLE%20IP%20HOLDINGS,%20LLC%20%20",7,74,False
"Copperstate Farms Management, LLC",,,,,,,,,,,,,,,,,,,,,,,,,,,,,,,,,,,,,,,,,,,,,,,,,,,,,,,,,,,,,,,,,,,,,,,,,,,,,,,,,,,,,,,,,,,,,,,,,,,,,,,,,,,,,,,,,,,,,,,,,,,,,,,,,,,,,,,,,,,,,,,,,,,,,,,,,,,,,,,,,"v?pnam=Copperstate%20Farms%20Management,%20LLC%20%20",7,75,False
9718415606/15/2023,9718415606/15/2023,"Brightline, Inc.Mark:BRIGHTLINES#:97184156","Brightline, Inc.Mark:BRIGHTLINES#:97184156","Project Management Institute, Inc.","Project Management Institute, Inc.",,,,,,,,,,,,,,,,,,,,,,,,,,,,,,,,,,,,,,,,,,,,,,,,,,,,,,,,,,,,,,,,,,,,,,,,,,,,,,,,,,,,,,,,,,,,,,,,,,,,,,,,,,,,,,,,,,,,,,,,,,,,,,,,,,,,,,,,,,,,,,,,,,,,,,,,,,,,v?pno=97184156&pty=EXT,7,76,False
9718415606/15/2023,,,,,,,,,,,,,,,,,,,,,,,,,,,,,,,,,,,,,,,,,,,,,,,,,,,,,,,,,,,,,,,,,,,,,,,,,,,,,,,,,,,,,,,,,,,,,,,,,,,,,,,,,,,,,,,,,,,,,,,,,,,,,,,,,,,,,,,,,,,,,,,,,,,,,,,,,,,,,,,,,v?pno=97184156&pty=EXT,7,77,False
"Brightline, Inc.Mark:BRIGHTLINES#:97184156",,,,,,,,,,,,,,,,,,,,,,,,,,,,,,,,,,,,,,,,,,,,,,,,,,,,,,,,,,,,,,,,,,,,,,,,,,,,,,,,,,,,,,,,,,,,,,,,,,,,,,,,,,,,,,,,,,,,,,,,,,,,,,,,,,,,,,,,,,,,,,,,,,,,,,,,,,,,,,,,,"v?pnam=Brightline,%20Inc.%20%20",7,78,False
"Project Management Institute, Inc.",,,,,,,,,,,,,,,,,,,,,,,,,,,,,,,,,,,,,,,,,,,,,,,,,,,,,,,,,,,,,,,,,,,,,,,,,,,,,,,,,,,,,,,,,,,,,,,,,,,,,,,,,,,,,,,,,,,,,,,,,,,,,,,,,,,,,,,,,,,,,,,,,,,,,,,,,,,,,,,,,"v?pnam=Project%20Management%20Institute,%20Inc.%20%20",7,79,False
9718415806/15/2023,9718415806/15/2023,"Brightline, Inc.Mark:BRIGHTLINES#:97184158","Brightline, Inc.Mark:BRIGHTLINES#:97184158","Project Management Institute, Inc.","Project Management Institute, Inc.",,,,,,,,,,,,,,,,,,,,,,,,,,,,,,,,,,,,,,,,,,,,,,,,,,,,,,,,,,,,,,,,,,,,,,,,,,,,,,,,,,,,,,,,,,,,,,,,,,,,,,,,,,,,,,,,,,,,,,,,,,,,,,,,,,,,,,,,,,,,,,,,,,,,,,,,,,,,v?pno=97184158&pty=EXT,7,80,False
9718415806/15/2023,,,,,,,,,,,,,,,,,,,,,,,,,,,,,,,,,,,,,,,,,,,,,,,,,,,,,,,,,,,,,,,,,,,,,,,,,,,,,,,,,,,,,,,,,,,,,,,,,,,,,,,,,,,,,,,,,,,,,,,,,,,,,,,,,,,,,,,,,,,,,,,,,,,,,,,,,,,,,,,,,v?pno=97184158&pty=EXT,7,81,False
"Brightline, Inc.Mark:BRIGHTLINES#:97184158",,,,,,,,,,,,,,,,,,,,,,,,,,,,,,,,,,,,,,,,,,,,,,,,,,,,,,,,,,,,,,,,,,,,,,,,,,,,,,,,,,,,,,,,,,,,,,,,,,,,,,,,,,,,,,,,,,,,,,,,,,,,,,,,,,,,,,,,,,,,,,,,,,,,,,,,,,,,,,,,,"v?pnam=Brightline,%20Inc.%20%20",7,82,False
"Project Management Institute, Inc.",,,,,,,,,,,,,,,,,,,,,,,,,,,,,,,,,,,,,,,,,,,,,,,,,,,,,,,,,,,,,,,,,,,,,,,,,,,,,,,,,,,,,,,,,,,,,,,,,,,,,,,,,,,,,,,,,,,,,,,,,,,,,,,,,,,,,,,,,,,,,,,,,,,,,,,,,,,,,,,,,"v?pnam=Project%20Management%20Institute,%20Inc.%20%20",7,83,False
9042594112/01/2022,9042594112/01/2022,Project KindMark:PROJECT KINDS#:90425941,Project KindMark:PROJECT KINDS#:90425941,KIND Management Inc.,KIND Management Inc.,,,,,,,,,,,,,,,,,,,,,,,,,,,,,,,,,,,,,,,,,,,,,,,,,,,,,,,,,,,,,,,,,,,,,,,,,,,,,,,,,,,,,,,,,,,,,,,,,,,,,,,,,,,,,,,,,,,,,,,,,,,,,,,,,,,,,,,,,,,,,,,,,,,,,,,,,,,,v?pno=90425941&pty=EXT,7,84,False
9042594112/01/2022,,,,,,,,,,,,,,,,,,,,,,,,,,,,,,,,,,,,,,,,,,,,,,,,,,,,,,,,,,,,,,,,,,,,,,,,,,,,,,,,,,,,,,,,,,,,,,,,,,,,,,,,,,,,,,,,,,,,,,,,,,,,,,,,,,,,,,,,,,,,,,,,,,,,,,,,,,,,,,,,,v?pno=90425941&pty=EXT,7,85,False
Project KindMark:PROJECT KINDS#:90425941,,,,,,,,,,,,,,,,,,,,,,,,,,,,,,,,,,,,,,,,,,,,,,,,,,,,,,,,,,,,,,,,,,,,,,,,,,,,,,,,,,,,,,,,,,,,,,,,,,,,,,,,,,,,,,,,,,,,,,,,,,,,,,,,,,,,,,,,,,,,,,,,,,,,,,,,,,,,,,,,,v?pnam=Project%20Kind%20%20,7,86,False
KIND Management Inc.,,,,,,,,,,,,,,,,,,,,,,,,,,,,,,,,,,,,,,,,,,,,,,,,,,,,,,,,,,,,,,,,,,,,,,,,,,,,,,,,,,,,,,,,,,,,,,,,,,,,,,,,,,,,,,,,,,,,,,,,,,,,,,,,,,,,,,,,,,,,,,,,,,,,,,,,,,,,,,,,,v?pnam=KIND%20Management%20Inc.%20%20,7,87,False
9042599912/01/2022,9042599912/01/2022,Project KindMark:PROJECT KIND LOVE ONE ANOTHERS#:90425999,Project KindMark:PROJECT KIND LOVE ONE ANOTHERS#:90425999,KIND Management Inc.,KIND Management Inc.,,,,,,,,,,,,,,,,,,,,,,,,,,,,,,,,,,,,,,,,,,,,,,,,,,,,,,,,,,,,,,,,,,,,,,,,,,,,,,,,,,,,,,,,,,,,,,,,,,,,,,,,,,,,,,,,,,,,,,,,,,,,,,,,,,,,,,,,,,,,,,,,,,,,,,,,,,,,v?pno=90425999&pty=EXT,7,88,False
9042599912/01/2022,,,,,,,,,,,,,,,,,,,,,,,,,,,,,,,,,,,,,,,,,,,,,,,,,,,,,,,,,,,,,,,,,,,,,,,,,,,,,,,,,,,,,,,,,,,,,,,,,,,,,,,,,,,,,,,,,,,,,,,,,,,,,,,,,,,,,,,,,,,,,,,,,,,,,,,,,,,,,,,,,v?pno=90425999&pty=EXT,7,89,False
Project KindMark:PROJECT KIND LOVE ONE ANOTHERS#:90425999,,,,,,,,,,,,,,,,,,,,,,,,,,,,,,,,,,,,,,,,,,,,,,,,,,,,,,,,,,,,,,,,,,,,,,,,,,,,,,,,,,,,,,,,,,,,,,,,,,,,,,,,,,,,,,,,,,,,,,,,,,,,,,,,,,,,,,,,,,,,,,,,,,,,,,,,,,,,,,,,,v?pnam=Project%20Kind%20%20,7,90,False
KIND Management Inc.,,,,,,,,,,,,,,,,,,,,,,,,,,,,,,,,,,,,,,,,,,,,,,,,,,,,,,,,,,,,,,,,,,,,,,,,,,,,,,,,,,,,,,,,,,,,,,,,,,,,,,,,,,,,,,,,,,,,,,,,,,,,,,,,,,,,,,,,,,,,,,,,,,,,,,,,,,,,,,,,,v?pnam=KIND%20Management%20Inc.%20%20,7,91,False
7931902111/21/2022,7931902111/21/2022,"Global PMI Partners, coöperatieve vennootschapMark:GLOBAL PMI PARTNERSS#:79319021","Global PMI Partners, coöperatieve vennootschapMark:GLOBAL PMI PARTNERSS#:79319021","Project Management Institute, Inc.","Project Management Institute, Inc.",,,,,,,,,,,,,,,,,,,,,,,,,,,,,,,,,,,,,,,,,,,,,,,,,,,,,,,,,,,,,,,,,,,,,,,,,,,,,,,,,,,,,,,,,,,,,,,,,,,,,,,,,,,,,,,,,,,,,,,,,,,,,,,,,,,,,,,,,,,,,,,,,,,,,,,,,,,,v?pno=79319021&pty=EXT,7,92,False
7931902111/21/2022,,,,,,,,,,,,,,,,,,,,,,,,,,,,,,,,,,,,,,,,,,,,,,,,,,,,,,,,,,,,,,,,,,,,,,,,,,,,,,,,,,,,,,,,,,,,,,,,,,,,,,,,,,,,,,,,,,,,,,,,,,,,,,,,,,,,,,,,,,,,,,,,,,,,,,,,,,,,,,,,,v?pno=79319021&pty=EXT,7,93,False
"Global PMI Partners, coöperatieve vennootschapMark:GLOBAL PMI PARTNERSS#:79319021",,,,,,,,,,,,,,,,,,,,,,,,,,,,,,,,,,,,,,,,,,,,,,,,,,,,,,,,,,,,,,,,,,,,,,,,,,,,,,,,,,,,,,,,,,,,,,,,,,,,,,,,,,,,,,,,,,,,,,,,,,,,,,,,,,,,,,,,,,,,,,,,,,,,,,,,,,,,,,,,,"v?pnam=Global%20PMI%20Partners,%20co%C3%B6peratieve%20vennootschap%20%20",7,94,False
"Project Management Institute, Inc.",,,,,,,,,,,,,,,,,,,,,,,,,,,,,,,,,,,,,,,,,,,,,,,,,,,,,,,,,,,,,,,,,,,,,,,,,,,,,,,,,,,,,,,,,,,,,,,,,,,,,,,,,,,,,,,,,,,,,,,,,,,,,,,,,,,,,,,,,,,,,,,,,,,,,,,,,,,,,,,,,"v?pnam=Project%20Management%20Institute,%20Inc.%20%20",7,95,False
9127828108/30/2022,9127828108/30/2022,James Alan DinowMark:THE WONDERFUL AVOCADOS#:97213254,James Alan DinowMark:THE WONDERFUL AVOCADOS#:97213254,The Wonderful Company LLCMark:SIMPLY WONDERFULS#:86372181R#:4715701Mark:THE WONDERFUL ACADEMYS#:88076627R#:5831691Mark:THE WONDERFUL BUTTERFLY PROJECTS#:90604433Mark:WONDERFULS#:77855511R#:3784763Mark:WONDERFULS#:85056771R#:3907814Mark:WONDERFULS#:85056772R#:3907815Mark:WONDERFULS#:85396734R#:4552106Mark:WONDERFULS#:86474680R#:4897336Mark:WONDERFULS#:86513119R#:5223598Mark:WONDERFULS#:86513115R#:5228557Mark:WONDERFULS#:88126012R#:5680760Mark:WONDERFULS#:88259078Mark:WONDERFUL AGENCYS#:88125895R#:5831856Mark:WONDERFUL AGRICULTURAL MANAGEMENTS#:88076699R#:5831693Mark:WONDERFUL ENTERTAINMENTS#:88188386Mark:WONDERFUL GIVINGS#:86213095R#:5105378Mark:WONDERFUL PICTURESS#:88188387R#:6309449Mark:WONDERFUL PISTACHIOSS#:77114811R#:3463342,The Wonderful Company LLCMark:SIMPLY WONDERFULS#:86372181R#:4715701Mark:THE WONDERFUL ACADEMYS#:88076627R#:5831691Mark:THE WONDERFUL BUTTERFLY PROJECTS#:90604433Mark:WONDERFULS#:77855511R#:3784763Mark:WONDERFULS#:85056771R#:3907814Mark:WONDERFULS#:85056772R#:3907815Mark:WONDERFULS#:85396734R#:4552106Mark:WONDERFULS#:86474680R#:4897336Mark:WONDERFULS#:86513119R#:5223598Mark:WONDERFULS#:86513115R#:5228557Mark:WONDERFULS#:88126012R#:5680760Mark:WONDERFULS#:88259078Mark:WONDERFUL AGENCYS#:88125895R#:5831856Mark:WONDERFUL AGRICULTURAL MANAGEMENTS#:88076699R#:5831693Mark:WONDERFUL ENTERTAINMENTS#:88188386Mark:WONDERFUL GIVINGS#:86213095R#:5105378Mark:WONDERFUL PICTURESS#:88188387R#:6309449Mark:WONDERFUL PISTACHIOSS#:77114811R#:3463342,,,,,,,,,,,,,,,,,,,,,,,,,,,,,,,,,,,,,,,,,,,,,,,,,,,,,,,,,,,,,,,,,,,,,,,,,,,,,,,,,,,,,,,,,,,,,,,,,,,,,,,,,,,,,,,,,,,,,,,,,,,,,,,,,,,,,,,,,,,,,,,,,,,,,,,,,,,,v?pno=91278281&pty=OPP,7,96,False
9127828108/30/2022,,,,,,,,,,,,,,,,,,,,,,,,,,,,,,,,,,,,,,,,,,,,,,,,,,,,,,,,,,,,,,,,,,,,,,,,,,,,,,,,,,,,,,,,,,,,,,,,,,,,,,,,,,,,,,,,,,,,,,,,,,,,,,,,,,,,,,,,,,,,,,,,,,,,,,,,,,,,,,,,,v?pno=91278281&pty=OPP,7,97,False
James Alan DinowMark:THE WONDERFUL AVOCADOS#:97213254,,,,,,,,,,,,,,,,,,,,,,,,,,,,,,,,,,,,,,,,,,,,,,,,,,,,,,,,,,,,,,,,,,,,,,,,,,,,,,,,,,,,,,,,,,,,,,,,,,,,,,,,,,,,,,,,,,,,,,,,,,,,,,,,,,,,,,,,,,,,,,,,,,,,,,,,,,,,,,,,,v?pnam=James%20Alan%20Dinow%20%20,7,98,False
The Wonderful Company LLCMark:SIMPLY WONDERFULS#:86372181R#:4715701Mark:THE WONDERFUL ACADEMYS#:88076627R#:5831691Mark:THE WONDERFUL BUTTERFLY PROJECTS#:90604433Mark:WONDERFULS#:77855511R#:3784763Mark:WONDERFULS#:85056771R#:3907814Mark:WONDERFULS#:85056772R#:3907815Mark:WONDERFULS#:85396734R#:4552106Mark:WONDERFULS#:86474680R#:4897336Mark:WONDERFULS#:86513119R#:5223598Mark:WONDERFULS#:86513115R#:5228557Mark:WONDERFULS#:88126012R#:5680760Mark:WONDERFULS#:88259078Mark:WONDERFUL AGENCYS#:88125895R#:5831856Mark:WONDERFUL AGRICULTURAL MANAGEMENTS#:88076699R#:5831693Mark:WONDERFUL ENTERTAINMENTS#:88188386Mark:WONDERFUL GIVINGS#:86213095R#:5105378Mark:WONDERFUL PICTURESS#:88188387R#:6309449Mark:WONDERFUL PISTACHIOSS#:77114811R#:3463342,,,,,,,,,,,,,,,,,,,,,,,,,,,,,,,,,,,,,,,,,,,,,,,,,,,,,,,,,,,,,,,,,,,,,,,,,,,,,,,,,,,,,,,,,,,,,,,,,,,,,,,,,,,,,,,,,,,,,,,,,,,,,,,,,,,,,,,,,,,,,,,,,,,,,,,,,,,,,,,,,v?pnam=The%20Wonderful%20Company%20LLC%20%20,7,99,False
9012944807/28/2022,9012944807/28/2022,BRIGHT LIVE INC.Mark:BRIGHTS#:90129448,BRIGHT LIVE INC.Mark:BRIGHTS#:90129448,"Project Management Institute, Inc.","Project Management Institute, Inc.",,,,,,,,,,,,,,,,,,,,,,,,,,,,,,,,,,,,,,,,,,,,,,,,,,,,,,,,,,,,,,,,,,,,,,,,,,,,,,,,,,,,,,,,,,,,,,,,,,,,,,,,,,,,,,,,,,,,,,,,,,,,,,,,,,,,,,,,,,,,,,,,,,,,,,,,,,,,v?pno=90129448&pty=EXT,7,100,False
9012944807/28/2022,,,,,,,,,,,,,,,,,,,,,,,,,,,,,,,,,,,,,,,,,,,,,,,,,,,,,,,,,,,,,,,,,,,,,,,,,,,,,,,,,,,,,,,,,,,,,,,,,,,,,,,,,,,,,,,,,,,,,,,,,,,,,,,,,,,,,,,,,,,,,,,,,,,,,,,,,,,,,,,,,v?pno=90129448&pty=EXT,7,101,False
BRIGHT LIVE INC.Mark:BRIGHTS#:90129448,,,,,,,,,,,,,,,,,,,,,,,,,,,,,,,,,,,,,,,,,,,,,,,,,,,,,,,,,,,,,,,,,,,,,,,,,,,,,,,,,,,,,,,,,,,,,,,,,,,,,,,,,,,,,,,,,,,,,,,,,,,,,,,,,,,,,,,,,,,,,,,,,,,,,,,,,,,,,,,,,v?pnam=BRIGHT%20LIVE%20INC.%20%20,7,102,False
"Project Management Institute, Inc.",,,,,,,,,,,,,,,,,,,,,,,,,,,,,,,,,,,,,,,,,,,,,,,,,,,,,,,,,,,,,,,,,,,,,,,,,,,,,,,,,,,,,,,,,,,,,,,,,,,,,,,,,,,,,,,,,,,,,,,,,,,,,,,,,,,,,,,,,,,,,,,,,,,,,,,,,,,,,,,,,"v?pnam=Project%20Management%20Institute,%20Inc.%20%20",7,103,False
ProceedingFiling Date,,,,,,,,,,,,,,,,,,,,,,,,,,,,,,,,,,,,,,,,,,,,,,,,,,,,,,,,,,,,,,,,,,,,,,,,,,,,,,,,,,,,,,,,,,,,,,,,,,,,,,,,,,,,,,,,,,,,,,,,,,,,,,,,,,,,,,,,,,,,,,,,,,,,,,,,,,,,,,,,,,8,0,False
"Defendant(s),Property(ies)",,,,,,,,,,,,,,,,,,,,,,,,,,,,,,,,,,,,,,,,,,,,,,,,,,,,,,,,,,,,,,,,,,,,,,,,,,,,,,,,,,,,,,,,,,,,,,,,,,,,,,,,,,,,,,,,,,,,,,,,,,,,,,,,,,,,,,,,,,,,,,,,,,,,,,,,,,,,,,,,,,9,0,False
"Plaintiff(s),Property(ies)",,,,,,,,,,,,,,,,,,,,,,,,,,,,,,,,,,,,,,,,,,,,,,,,,,,,,,,,,,,,,,,,,,,,,,,,,,,,,,,,,,,,,,,,,,,,,,,,,,,,,,,,,,,,,,,,,,,,,,,,,,,,,,,,,,,,,,,,,,,,,,,,,,,,,,,,,,,,,,,,,,10,0,False
9209043912/22/2025,,,,,,,,,,,,,,,,,,,,,,,,,,,,,,,,,,,,,,,,,,,,,,,,,,,,,,,,,,,,,,,,,,,,,,,,,,,,,,,,,,,,,,,,,,,,,,,,,,,,,,,,,,,,,,,,,,,,,,,,,,,,,,,,,,,,,,,,,,,,,,,,,,,,,,,,,,,,,,,,,v?pno=92090439&pty=CAN,11,0,False
Construction Management Institute of the United States of America IncMark:CMI-FSPS#:98514586R#:7661879,,,,,,,,,,,,,,,,,,,,,,,,,,,,,,,,,,,,,,,,,,,,,,,,,,,,,,,,,,,,,,,,,,,,,,,,,,,,,,,,,,,,,,,,,,,,,,,,,,,,,,,,,,,,,,,,,,,,,,,,,,,,,,,,,,,,,,,,,,,,,,,,,,,,,,,,,,,,,,,,,v?pnam=Construction%20Management%20Institute%20of%20the%20United%20States%20of%20America%20Inc%20%20,12,0,False
"Project Management Institute, Inc.Mark:PMI SCHEDULING PROFESSIONAL (PMI-SP)S#:77409410R#:3562355Mark:PMI-SPS#:77404162R#:3544918",,,,,,,,,,,,,,,,,,,,,,,,,,,,,,,,,,,,,,,,,,,,,,,,,,,,,,,,,,,,,,,,,,,,,,,,,,,,,,,,,,,,,,,,,,,,,,,,,,,,,,,,,,,,,,,,,,,,,,,,,,,,,,,,,,,,,,,,,,,,,,,,,,,,,,,,,,,,,,,,,"v?pnam=Project%20Management%20Institute,%20Inc.%20%20",13,0,False
9907524210/14/2025,,,,,,,,,,,,,,,,,,,,,,,,,,,,,,,,,,,,,,,,,,,,,,,,,,,,,,,,,,,,,,,,,,,,,,,,,,,,,,,,,,,,,,,,,,,,,,,,,,,,,,,,,,,,,,,,,,,,,,,,,,,,,,,,,,,,,,,,,,,,,,,,,,,,,,,,,,,,,,,,,v?pno=99075242&pty=EXT,14,0,False
SYSTEM OF DISCIPLINED AGILITY INC.Mark:SYSTEM OF DISCIPLINED AGILITYS#:99075242,,,,,,,,,,,,,,,,,,,,,,,,,,,,,,,,,,,,,,,,,,,,,,,,,,,,,,,,,,,,,,,,,,,,,,,,,,,,,,,,,,,,,,,,,,,,,,,,,,,,,,,,,,,,,,,,,,,,,,,,,,,,,,,,,,,,,,,,,,,,,,,,,,,,,,,,,,,,,,,,,v?pnam=SYSTEM%20OF%20DISCIPLINED%20AGILITY%20INC.%20%20,15,0,False
"Project Management Institute, Inc.",,,,,,,,,,,,,,,,,,,,,,,,,,,,,,,,,,,,,,,,,,,,,,,,,,,,,,,,,,,,,,,,,,,,,,,,,,,,,,,,,,,,,,,,,,,,,,,,,,,,,,,,,,,,,,,,,,,,,,,,,,,,,,,,,,,,,,,,,,,,,,,,,,,,,,,,,,,,,,,,,"v?pnam=Project%20Management%20Institute,%20Inc.%20%20",16,0,False
9842928105/09/2025,,,,,,,,,,,,,,,,,,,,,,,,,,,,,,,,,,,,,,,,,,,,,,,,,,,,,,,,,,,,,,,,,,,,,,,,,,,,,,,,,,,,,,,,,,,,,,,,,,,,,,,,,,,,,,,,,,,,,,,,,,,,,,,,,,,,,,,,,,,,,,,,,,,,,,,,,,,,,,,,,v?pno=98429281&pty=EXA,17,0,False
,,,,,,,,,,,,,,,,,,,,,,,,,,,,,,,,,,,,,,,,,,,,,,,,,,,,,,,,,,,,,,,,,,,,,,,,,,,,,,,,,,,,,,,,,,,,,,,,,,,,,,,,,,,,,,,,,,,,,,,,,,,,,,,,,,,,,,,,,,,,,,,,,,,,,,,,,,,,,,,,,,18,0,False
"Strategic Project Solutions, Inc.Mark:PROJECT PRODUCTION MANAGEMENTS#:98429281",,,,,,,,,,,,,,,,,,,,,,,,,,,,,,,,,,,,,,,,,,,,,,,,,,,,,,,,,,,,,,,,,,,,,,,,,,,,,,,,,,,,,,,,,,,,,,,,,,,,,,,,,,,,,,,,,,,,,,,,,,,,,,,,,,,,,,,,,,,,,,,,,,,,,,,,,,,,,,,,,"v?pnam=Strategic%20Project%20Solutions,%20Inc.%20%20",19,0,False
9842946705/09/2025,,,,,,,,,,,,,,,,,,,,,,,,,,,,,,,,,,,,,,,,,,,,,,,,,,,,,,,,,,,,,,,,,,,,,,,,,,,,,,,,,,,,,,,,,,,,,,,,,,,,,,,,,,,,,,,,,,,,,,,,,,,,,,,,,,,,,,,,,,,,,,,,,,,,,,,,,,,,,,,,,v?pno=98429467&pty=EXA,20,0,False
,,,,,,,,,,,,,,,,,,,,,,,,,,,,,,,,,,,,,,,,,,,,,,,,,,,,,,,,,,,,,,,,,,,,,,,,,,,,,,,,,,,,,,,,,,,,,,,,,,,,,,,,,,,,,,,,,,,,,,,,,,,,,,,,,,,,,,,,,,,,,,,,,,,,,,,,,,,,,,,,,,21,0,False
"Strategic Project Solutions, Inc.Mark:PROJECT PRODUCTION MANAGEMENTS#:98429467",,,,,,,,,,,,,,,,,,,,,,,,,,,,,,,,,,,,,,,,,,,,,,,,,,,,,,,,,,,,,,,,,,,,,,,,,,,,,,,,,,,,,,,,,,,,,,,,,,,,,,,,,,,,,,,,,,,,,,,,,,,,,,,,,,,,,,,,,,,,,,,,,,,,,,,,,,,,,,,,,"v?pnam=Strategic%20Project%20Solutions,%20Inc.%20%20",22,0,False
9208826105/02/2025,,,,,,,,,,,,,,,,,,,,,,,,,,,,,,,,,,,,,,,,,,,,,,,,,,,,,,,,,,,,,,,,,,,,,,,,,,,,,,,,,,,,,,,,,,,,,,,,,,,,,,,,,,,,,,,,,,,,,,,,,,,,,,,,,,,,,,,,,,,,,,,,,,,,,,,,,,,,,,,,,v?pno=92088261&pty=CAN,23,0,False
"Royal Mechanical Services, Inc.Mark:ROYAL PROJECT MANAGEMENT FACILITY SOLUTIONSS#:77854928R#:3827316",,,,,,,,,,,,,,,,,,,,,,,,,,,,,,,,,,,,,,,,,,,,,,,,,,,,,,,,,,,,,,,,,,,,,,,,,,,,,,,,,,,,,,,,,,,,,,,,,,,,,,,,,,,,,,,,,,,,,,,,,,,,,,,,,,,,,,,,,,,,,,,,,,,,,,,,,,,,,,,,,"v?pnam=Royal%20Mechanical%20Services,%20Inc.%20%20",24,0,False
"Royal Flush Plumbing, Inc.",,,,,,,,,,,,,,,,,,,,,,,,,,,,,,,,,,,,,,,,,,,,,,,,,,,,,,,,,,,,,,,,,,,,,,,,,,,,,,,,,,,,,,,,,,,,,,,,,,,,,,,,,,,,,,,,,,,,,,,,,,,,,,,,,,,,,,,,,,,,,,,,,,,,,,,,,,,,,,,,,"v?pnam=Royal%20Flush%20Plumbing,%20Inc.%20%20",25,0,False
9864621902/20/2025,,,,,,,,,,,,,,,,,,,,,,,,,,,,,,,,,,,,,,,,,,,,,,,,,,,,,,,,,,,,,,,,,,,,,,,,,,,,,,,,,,,,,,,,,,,,,,,,,,,,,,,,,,,,,,,,,,,,,,,,,,,,,,,,,,,,,,,,,,,,,,,,,,,,,,,,,,,,,,,,,v?pno=98646219&pty=EXT,26,0,False
"TBS Project, LLCMark:KIND BUD CLUBS#:98646219",,,,,,,,,,,,,,,,,,,,,,,,,,,,,,,,,,,,,,,,,,,,,,,,,,,,,,,,,,,,,,,,,,,,,,,,,,,,,,,,,,,,,,,,,,,,,,,,,,,,,,,,,,,,,,,,,,,,,,,,,,,,,,,,,,,,,,,,,,,,,,,,,,,,,,,,,,,,,,,,,"v?pnam=TBS%20Project,%20LLC%20%20",27,0,False
KIND Management LLC,,,,,,,,,,,,,,,,,,,,,,,,,,,,,,,,,,,,,,,,,,,,,,,,,,,,,,,,,,,,,,,,,,,,,,,,,,,,,,,,,,,,,,,,,,,,,,,,,,,,,,,,,,,,,,,,,,,,,,,,,,,,,,,,,,,,,,,,,,,,,,,,,,,,,,,,,,,,,,,,,v?pnam=KIND%20Management%20LLC%20%20,28,0,False
8828445101/13/2025,,,,,,,,,,,,,,,,,,,,,,,,,,,,,,,,,,,,,,,,,,,,,,,,,,,,,,,,,,,,,,,,,,,,,,,,,,,,,,,,,,,,,,,,,,,,,,,,,,,,,,,,,,,,,,,,,,,,,,,,,,,,,,,,,,,,,,,,,,,,,,,,,,,,,,,,,,,,,,,,,v?pno=88284451&pty=EXA,29,0,False
,,,,,,,,,,,,,,,,,,,,,,,,,,,,,,,,,,,,,,,,,,,,,,,,,,,,,,,,,,,,,,,,,,,,,,,,,,,,,,,,,,,,,,,,,,,,,,,,,,,,,,,,,,,,,,,,,,,,,,,,,,,,,,,,,,,,,,,,,,,,,,,,,,,,,,,,,,,,,,,,,,30,0,False
"Project Management Leadership Group, Inc.Mark:CPM BOOT CAMPS#:88284451",,,,,,,,,,,,,,,,,,,,,,,,,,,,,,,,,,,,,,,,,,,,,,,,,,,,,,,,,,,,,,,,,,,,,,,,,,,,,,,,,,,,,,,,,,,,,,,,,,,,,,,,,,,,,,,,,,,,,,,,,,,,,,,,,,,,,,,,,,,,,,,,,,,,,,,,,,,,,,,,,"v?pnam=Project%20Management%20Leadership%20Group,%20Inc.%20%20",31,0,False
9129330308/14/2024,,,,,,,,,,,,,,,,,,,,,,,,,,,,,,,,,,,,,,,,,,,,,,,,,,,,,,,,,,,,,,,,,,,,,,,,,,,,,,,,,,,,,,,,,,,,,,,,,,,,,,,,,,,,,,,,,,,,,,,,,,,,,,,,,,,,,,,,,,,,,,,,,,,,,,,,,,,,,,,,,v?pno=91293303&pty=OPP,32,0,False
Construction Management Institute of the United States of America Inc.Mark:CMIS#:97469036,,,,,,,,,,,,,,,,,,,,,,,,,,,,,,,,,,,,,,,,,,,,,,,,,,,,,,,,,,,,,,,,,,,,,,,,,,,,,,,,,,,,,,,,,,,,,,,,,,,,,,,,,,,,,,,,,,,,,,,,,,,,,,,,,,,,,,,,,,,,,,,,,,,,,,,,,,,,,,,,,v?pnam=Construction%20Management%20Institute%20of%20the%20United%20States%20of%20America%20Inc.%20%20,33,0,False
"Project Management Institute, Inc.Mark:PMIS#:75316885R#:2152599Mark:PMIS#:85369948R#:4077281Mark:PMIS#:85516984R#:4303806Mark:PMI AGILE CERTIFIED PRACTITIONER (PMI-ACP)S#:85313092R#:4199533Mark:PMI RISK MANAGEMENT PROFESSIONAL (PMI-RMP)S#:77409467R#:3588673Mark:PMI-RMPS#:77409522R#:3592718",,,,,,,,,,,,,,,,,,,,,,,,,,,,,,,,,,,,,,,,,,,,,,,,,,,,,,,,,,,,,,,,,,,,,,,,,,,,,,,,,,,,,,,,,,,,,,,,,,,,,,,,,,,,,,,,,,,,,,,,,,,,,,,,,,,,,,,,,,,,,,,,,,,,,,,,,,,,,,,,,"v?pnam=Project%20Management%20Institute,%20Inc.%20%20",34,0,False
9129330408/14/2024,,,,,,,,,,,,,,,,,,,,,,,,,,,,,,,,,,,,,,,,,,,,,,,,,,,,,,,,,,,,,,,,,,,,,,,,,,,,,,,,,,,,,,,,,,,,,,,,,,,,,,,,,,,,,,,,,,,,,,,,,,,,,,,,,,,,,,,,,,,,,,,,,,,,,,,,,,,,,,,,,v?pno=91293304&pty=OPP,35,0,False
Construction Management Institute of the United States of America Inc.Mark:CMI ·CONSTRUCTION MANAGEMENT INSTITUTE· USA CONSTRUCTION MANAGEMENT INSTITUTE OF THE USAS#:97469029,,,,,,,,,,,,,,,,,,,,,,,,,,,,,,,,,,,,,,,,,,,,,,,,,,,,,,,,,,,,,,,,,,,,,,,,,,,,,,,,,,,,,,,,,,,,,,,,,,,,,,,,,,,,,,,,,,,,,,,,,,,,,,,,,,,,,,,,,,,,,,,,,,,,,,,,,,,,,,,,,v?pnam=Construction%20Management%20Institute%20of%20the%20United%20States%20of%20America%20Inc.%20%20,36,0,False
"Project Management Institute, Inc.Mark:P PROJECT MANAGEMENT INSTITUTES#:88673783Mark:PMIS#:75316885R#:2152599Mark:PMIS#:85369948R#:4077281Mark:PMIS#:85516984R#:4303806Mark:PMI AGILE CERTIFIED PRACTITIONER (PMI-ACP)S#:85313092R#:4199533Mark:PMI RISK MANAGEMENT PROFESSIONAL (PMI-RMP)S#:77409467R#:3588673Mark:PMI-RMPS#:77409522R#:3592718Mark:PROJECT MANAGEMENT INSTITUTES#:77679659R#:3920348",,,,,,,,,,,,,,,,,,,,,,,,,,,,,,,,,,,,,,,,,,,,,,,,,,,,,,,,,,,,,,,,,,,,,,,,,,,,,,,,,,,,,,,,,,,,,,,,,,,,,,,,,,,,,,,,,,,,,,,,,,,,,,,,,,,,,,,,,,,,,,,,,,,,,,,,,,,,,,,,,"v?pnam=Project%20Management%20Institute,%20Inc.%20%20",37,0,False
9746902905/03/2024,,,,,,,,,,,,,,,,,,,,,,,,,,,,,,,,,,,,,,,,,,,,,,,,,,,,,,,,,,,,,,,,,,,,,,,,,,,,,,,,,,,,,,,,,,,,,,,,,,,,,,,,,,,,,,,,,,,,,,,,,,,,,,,,,,,,,,,,,,,,,,,,,,,,,,,,,,,,,,,,,v?pno=97469029&pty=EXT,38,0,False
Construction Management Institute of TheUnited States of America Inc.Mark:CMI ·CONSTRUCTION MANAGEMENT INSTITUTE· USA CONSTRUCTION MANAGEMENT INSTITUTE OF THE USAS#:97469029,,,,,,,,,,,,,,,,,,,,,,,,,,,,,,,,,,,,,,,,,,,,,,,,,,,,,,,,,,,,,,,,,,,,,,,,,,,,,,,,,,,,,,,,,,,,,,,,,,,,,,,,,,,,,,,,,,,,,,,,,,,,,,,,,,,,,,,,,,,,,,,,,,,,,,,,,,,,,,,,,v?pnam=Construction%20Management%20Institute%20of%20TheUnited%20States%20of%20America%20Inc.%20%20,39,0,False
"Project Management Institute, Inc.",,,,,,,,,,,,,,,,,,,,,,,,,,,,,,,,,,,,,,,,,,,,,,,,,,,,,,,,,,,,,,,,,,,,,,,,,,,,,,,,,,,,,,,,,,,,,,,,,,,,,,,,,,,,,,,,,,,,,,,,,,,,,,,,,,,,,,,,,,,,,,,,,,,,,,,,,,,,,,,,,"v?pnam=Project%20Management%20Institute,%20Inc.%20%20",40,0,False
9746903605/03/2024,,,,,,,,,,,,,,,,,,,,,,,,,,,,,,,,,,,,,,,,,,,,,,,,,,,,,,,,,,,,,,,,,,,,,,,,,,,,,,,,,,,,,,,,,,,,,,,,,,,,,,,,,,,,,,,,,,,,,,,,,,,,,,,,,,,,,,,,,,,,,,,,,,,,,,,,,,,,,,,,,v?pno=97469036&pty=EXT,41,0,False
Construction Management Institute of TheUnited States of America Inc.Mark:CMIS#:97469036,,,,,,,,,,,,,,,,,,,,,,,,,,,,,,,,,,,,,,,,,,,,,,,,,,,,,,,,,,,,,,,,,,,,,,,,,,,,,,,,,,,,,,,,,,,,,,,,,,,,,,,,,,,,,,,,,,,,,,,,,,,,,,,,,,,,,,,,,,,,,,,,,,,,,,,,,,,,,,,,,v?pnam=Construction%20Management%20Institute%20of%20TheUnited%20States%20of%20America%20Inc.%20%20,42,0,False
"Project Management Institute, Inc.",,,,,,,,,,,,,,,,,,,,,,,,,,,,,,,,,,,,,,,,,,,,,,,,,,,,,,,,,,,,,,,,,,,,,,,,,,,,,,,,,,,,,,,,,,,,,,,,,,,,,,,,,,,,,,,,,,,,,,,,,,,,,,,,,,,,,,,,,,,,,,,,,,,,,,,,,,,,,,,,,"v?pnam=Project%20Management%20Institute,%20Inc.%20%20",43,0,False
8867378302/15/2024,,,,,,,,,,,,,,,,,,,,,,,,,,,,,,,,,,,,,,,,,,,,,,,,,,,,,,,,,,,,,,,,,,,,,,,,,,,,,,,,,,,,,,,,,,,,,,,,,,,,,,,,,,,,,,,,,,,,,,,,,,,,,,,,,,,,,,,,,,,,,,,,,,,,,,,,,,,,,,,,,v?pno=88673783&pty=EXA,44,0,False
,,,,,,,,,,,,,,,,,,,,,,,,,,,,,,,,,,,,,,,,,,,,,,,,,,,,,,,,,,,,,,,,,,,,,,,,,,,,,,,,,,,,,,,,,,,,,,,,,,,,,,,,,,,,,,,,,,,,,,,,,,,,,,,,,,,,,,,,,,,,,,,,,,,,,,,,,,,,,,,,,,45,0,False
"Project Management Institute, Inc.Mark:P PROJECT MANAGEMENT INSTITUTES#:88673783",,,,,,,,,,,,,,,,,,,,,,,,,,,,,,,,,,,,,,,,,,,,,,,,,,,,,,,,,,,,,,,,,,,,,,,,,,,,,,,,,,,,,,,,,,,,,,,,,,,,,,,,,,,,,,,,,,,,,,,,,,,,,,,,,,,,,,,,,,,,,,,,,,,,,,,,,,,,,,,,,"v?pnam=Project%20Management%20Institute,%20Inc.%20%20",46,0,False
8867380402/15/2024,,,,,,,,,,,,,,,,,,,,,,,,,,,,,,,,,,,,,,,,,,,,,,,,,,,,,,,,,,,,,,,,,,,,,,,,,,,,,,,,,,,,,,,,,,,,,,,,,,,,,,,,,,,,,,,,,,,,,,,,,,,,,,,,,,,,,,,,,,,,,,,,,,,,,,,,,,,,,,,,,v?pno=88673804&pty=EXA,47,0,False
,,,,,,,,,,,,,,,,,,,,,,,,,,,,,,,,,,,,,,,,,,,,,,,,,,,,,,,,,,,,,,,,,,,,,,,,,,,,,,,,,,,,,,,,,,,,,,,,,,,,,,,,,,,,,,,,,,,,,,,,,,,,,,,,,,,,,,,,,,,,,,,,,,,,,,,,,,,,,,,,,,48,0,False
"Project Management Institute, Inc.Mark:PS#:88673804",,,,,,,,,,,,,,,,,,,,,,,,,,,,,,,,,,,,,,,,,,,,,,,,,,,,,,,,,,,,,,,,,,,,,,,,,,,,,,,,,,,,,,,,,,,,,,,,,,,,,,,,,,,,,,,,,,,,,,,,,,,,,,,,,,,,,,,,,,,,,,,,,,,,,,,,,,,,,,,,,"v?pnam=Project%20Management%20Institute,%20Inc.%20%20",49,0,False
9208439102/06/2024,,,,,,,,,,,,,,,,,,,,,,,,,,,,,,,,,,,,,,,,,,,,,,,,,,,,,,,,,,,,,,,,,,,,,,,,,,,,,,,,,,,,,,,,,,,,,,,,,,,,,,,,,,,,,,,,,,,,,,,,,,,,,,,,,,,,,,,,,,,,,,,,,,,,,,,,,,,,,,,,,v?pno=92084391&pty=CAN,50,0,False
"iCapital Project Management, LLCMark:VODA GROUPS#:87890960R#:5622568",,,,,,,,,,,,,,,,,,,,,,,,,,,,,,,,,,,,,,,,,,,,,,,,,,,,,,,,,,,,,,,,,,,,,,,,,,,,,,,,,,,,,,,,,,,,,,,,,,,,,,,,,,,,,,,,,,,,,,,,,,,,,,,,,,,,,,,,,,,,,,,,,,,,,,,,,,,,,,,,,"v?pnam=iCapital%20Project%20Management,%20LLC%20%20",51,0,False
FPB DNA Cleaning and Restoration LLCMark:VODA CLEANING & RESTORATIONS#:97796714Mark:VODA CLEANING & RESTORATION VS#:97814033,,,,,,,,,,,,,,,,,,,,,,,,,,,,,,,,,,,,,,,,,,,,,,,,,,,,,,,,,,,,,,,,,,,,,,,,,,,,,,,,,,,,,,,,,,,,,,,,,,,,,,,,,,,,,,,,,,,,,,,,,,,,,,,,,,,,,,,,,,,,,,,,,,,,,,,,,,,,,,,,,v?pnam=FPB%20DNA%20Cleaning%20and%20Restoration%20LLC%20%20,52,0,False
9128831411/20/2023,,,,,,,,,,,,,,,,,,,,,,,,,,,,,,,,,,,,,,,,,,,,,,,,,,,,,,,,,,,,,,,,,,,,,,,,,,,,,,,,,,,,,,,,,,,,,,,,,,,,,,,,,,,,,,,,,,,,,,,,,,,,,,,,,,,,,,,,,,,,,,,,,,,,,,,,,,,,,,,,,v?pno=91288314&pty=OPP,53,0,False
"Brightline, Inc.Mark:BRIGHTLINES#:97184156",,,,,,,,,,,,,,,,,,,,,,,,,,,,,,,,,,,,,,,,,,,,,,,,,,,,,,,,,,,,,,,,,,,,,,,,,,,,,,,,,,,,,,,,,,,,,,,,,,,,,,,,,,,,,,,,,,,,,,,,,,,,,,,,,,,,,,,,,,,,,,,,,,,,,,,,,,,,,,,,,"v?pnam=Brightline,%20Inc.%20%20",54,0,False
"Project Management Institute, Inc.Mark:B BRIGHTLINE PROJECT MANAGEMENT INSTITUTES#:88642630R#:6555824Mark:BRIGHTLINES#:87982029R#:6037755Mark:BRIGHTLINES#:87318956R#:6329047",,,,,,,,,,,,,,,,,,,,,,,,,,,,,,,,,,,,,,,,,,,,,,,,,,,,,,,,,,,,,,,,,,,,,,,,,,,,,,,,,,,,,,,,,,,,,,,,,,,,,,,,,,,,,,,,,,,,,,,,,,,,,,,,,,,,,,,,,,,,,,,,,,,,,,,,,,,,,,,,,"v?pnam=Project%20Management%20Institute,%20Inc.%20%20",55,0,False
9128831511/20/2023,,,,,,,,,,,,,,,,,,,,,,,,,,,,,,,,,,,,,,,,,,,,,,,,,,,,,,,,,,,,,,,,,,,,,,,,,,,,,,,,,,,,,,,,,,,,,,,,,,,,,,,,,,,,,,,,,,,,,,,,,,,,,,,,,,,,,,,,,,,,,,,,,,,,,,,,,,,,,,,,,v?pno=91288315&pty=OPP,56,0,False
"Brightline, Inc.Mark:BRIGHTLINES#:97184158",,,,,,,,,,,,,,,,,,,,,,,,,,,,,,,,,,,,,,,,,,,,,,,,,,,,,,,,,,,,,,,,,,,,,,,,,,,,,,,,,,,,,,,,,,,,,,,,,,,,,,,,,,,,,,,,,,,,,,,,,,,,,,,,,,,,,,,,,,,,,,,,,,,,,,,,,,,,,,,,,"v?pnam=Brightline,%20Inc.%20%20",57,0,False
"Project Management Institute, Inc.Mark:B BRIGHTLINE PROJECT MANAGEMENT INSTITUTES#:88642630R#:6555824Mark:BRIGHTLINES#:87982029R#:6037755Mark:BRIGHTLINES#:87318956R#:6329047",,,,,,,,,,,,,,,,,,,,,,,,,,,,,,,,,,,,,,,,,,,,,,,,,,,,,,,,,,,,,,,,,,,,,,,,,,,,,,,,,,,,,,,,,,,,,,,,,,,,,,,,,,,,,,,,,,,,,,,,,,,,,,,,,,,,,,,,,,,,,,,,,,,,,,,,,,,,,,,,,"v?pnam=Project%20Management%20Institute,%20Inc.%20%20",58,0,False
9711628710/23/2023,,,,,,,,,,,,,,,,,,,,,,,,,,,,,,,,,,,,,,,,,,,,,,,,,,,,,,,,,,,,,,,,,,,,,,,,,,,,,,,,,,,,,,,,,,,,,,,,,,,,,,,,,,,,,,,,,,,,,,,,,,,,,,,,,,,,,,,,,,,,,,,,,,,,,,,,,,,,,,,,,v?pno=97116287&pty=EXA,59,0,False
,,,,,,,,,,,,,,,,,,,,,,,,,,,,,,,,,,,,,,,,,,,,,,,,,,,,,,,,,,,,,,,,,,,,,,,,,,,,,,,,,,,,,,,,,,,,,,,,,,,,,,,,,,,,,,,,,,,,,,,,,,,,,,,,,,,,,,,,,,,,,,,,,,,,,,,,,,,,,,,,,,60,0,False
"Project Management Institute, Inc.Mark:CONSTRUCTION PROFESSIONAL IN BUILT ENVIRONMENT PROJECTSS#:97116287",,,,,,,,,,,,,,,,,,,,,,,,,,,,,,,,,,,,,,,,,,,,,,,,,,,,,,,,,,,,,,,,,,,,,,,,,,,,,,,,,,,,,,,,,,,,,,,,,,,,,,,,,,,,,,,,,,,,,,,,,,,,,,,,,,,,,,,,,,,,,,,,,,,,,,,,,,,,,,,,,"v?pnam=Project%20Management%20Institute,%20Inc.%20%20",61,0,False
9716457006/15/2023,,,,,,,,,,,,,,,,,,,,,,,,,,,,,,,,,,,,,,,,,,,,,,,,,,,,,,,,,,,,,,,,,,,,,,,,,,,,,,,,,,,,,,,,,,,,,,,,,,,,,,,,,,,,,,,,,,,,,,,,,,,,,,,,,,,,,,,,,,,,,,,,,,,,,,,,,,,,,,,,,v?pno=97164570&pty=EXT,62,0,False
"PROJECT MIRACLE IP HOLDINGS, LLCMark:JUKEBXS#:97164570",,,,,,,,,,,,,,,,,,,,,,,,,,,,,,,,,,,,,,,,,,,,,,,,,,,,,,,,,,,,,,,,,,,,,,,,,,,,,,,,,,,,,,,,,,,,,,,,,,,,,,,,,,,,,,,,,,,,,,,,,,,,,,,,,,,,,,,,,,,,,,,,,,,,,,,,,,,,,,,,,"v?pnam=PROJECT%20MIRACLE%20IP%20HOLDINGS,%20LLC%20%20",63,0,False
"Copperstate Farms Management, LLC",,,,,,,,,,,,,,,,,,,,,,,,,,,,,,,,,,,,,,,,,,,,,,,,,,,,,,,,,,,,,,,,,,,,,,,,,,,,,,,,,,,,,,,,,,,,,,,,,,,,,,,,,,,,,,,,,,,,,,,,,,,,,,,,,,,,,,,,,,,,,,,,,,,,,,,,,,,,,,,,,"v?pnam=Copperstate%20Farms%20Management,%20LLC%20%20",64,0,False
9718415606/15/2023,,,,,,,,,,,,,,,,,,,,,,,,,,,,,,,,,,,,,,,,,,,,,,,,,,,,,,,,,,,,,,,,,,,,,,,,,,,,,,,,,,,,,,,,,,,,,,,,,,,,,,,,,,,,,,,,,,,,,,,,,,,,,,,,,,,,,,,,,,,,,,,,,,,,,,,,,,,,,,,,,v?pno=97184156&pty=EXT,65,0,False
"Brightline, Inc.Mark:BRIGHTLINES#:97184156",,,,,,,,,,,,,,,,,,,,,,,,,,,,,,,,,,,,,,,,,,,,,,,,,,,,,,,,,,,,,,,,,,,,,,,,,,,,,,,,,,,,,,,,,,,,,,,,,,,,,,,,,,,,,,,,,,,,,,,,,,,,,,,,,,,,,,,,,,,,,,,,,,,,,,,,,,,,,,,,,"v?pnam=Brightline,%20Inc.%20%20",66,0,False
"Project Management Institute, Inc.",,,,,,,,,,,,,,,,,,,,,,,,,,,,,,,,,,,,,,,,,,,,,,,,,,,,,,,,,,,,,,,,,,,,,,,,,,,,,,,,,,,,,,,,,,,,,,,,,,,,,,,,,,,,,,,,,,,,,,,,,,,,,,,,,,,,,,,,,,,,,,,,,,,,,,,,,,,,,,,,,"v?pnam=Project%20Management%20Institute,%20Inc.%20%20",67,0,False
9718415806/15/2023,,,,,,,,,,,,,,,,,,,,,,,,,,,,,,,,,,,,,,,,,,,,,,,,,,,,,,,,,,,,,,,,,,,,,,,,,,,,,,,,,,,,,,,,,,,,,,,,,,,,,,,,,,,,,,,,,,,,,,,,,,,,,,,,,,,,,,,,,,,,,,,,,,,,,,,,,,,,,,,,,v?pno=97184158&pty=EXT,68,0,False
"Brightline, Inc.Mark:BRIGHTLINES#:97184158",,,,,,,,,,,,,,,,,,,,,,,,,,,,,,,,,,,,,,,,,,,,,,,,,,,,,,,,,,,,,,,,,,,,,,,,,,,,,,,,,,,,,,,,,,,,,,,,,,,,,,,,,,,,,,,,,,,,,,,,,,,,,,,,,,,,,,,,,,,,,,,,,,,,,,,,,,,,,,,,,"v?pnam=Brightline,%20Inc.%20%20",69,0,False
"Project Management Institute, Inc.",,,,,,,,,,,,,,,,,,,,,,,,,,,,,,,,,,,,,,,,,,,,,,,,,,,,,,,,,,,,,,,,,,,,,,,,,,,,,,,,,,,,,,,,,,,,,,,,,,,,,,,,,,,,,,,,,,,,,,,,,,,,,,,,,,,,,,,,,,,,,,,,,,,,,,,,,,,,,,,,,"v?pnam=Project%20Management%20Institute,%20Inc.%20%20",70,0,False
9042594112/01/2022,,,,,,,,,,,,,,,,,,,,,,,,,,,,,,,,,,,,,,,,,,,,,,,,,,,,,,,,,,,,,,,,,,,,,,,,,,,,,,,,,,,,,,,,,,,,,,,,,,,,,,,,,,,,,,,,,,,,,,,,,,,,,,,,,,,,,,,,,,,,,,,,,,,,,,,,,,,,,,,,,v?pno=90425941&pty=EXT,71,0,False
Project KindMark:PROJECT KINDS#:90425941,,,,,,,,,,,,,,,,,,,,,,,,,,,,,,,,,,,,,,,,,,,,,,,,,,,,,,,,,,,,,,,,,,,,,,,,,,,,,,,,,,,,,,,,,,,,,,,,,,,,,,,,,,,,,,,,,,,,,,,,,,,,,,,,,,,,,,,,,,,,,,,,,,,,,,,,,,,,,,,,,v?pnam=Project%20Kind%20%20,72,0,False
KIND Management Inc.,,,,,,,,,,,,,,,,,,,,,,,,,,,,,,,,,,,,,,,,,,,,,,,,,,,,,,,,,,,,,,,,,,,,,,,,,,,,,,,,,,,,,,,,,,,,,,,,,,,,,,,,,,,,,,,,,,,,,,,,,,,,,,,,,,,,,,,,,,,,,,,,,,,,,,,,,,,,,,,,,v?pnam=KIND%20Management%20Inc.%20%20,73,0,False
9042599912/01/2022,,,,,,,,,,,,,,,,,,,,,,,,,,,,,,,,,,,,,,,,,,,,,,,,,,,,,,,,,,,,,,,,,,,,,,,,,,,,,,,,,,,,,,,,,,,,,,,,,,,,,,,,,,,,,,,,,,,,,,,,,,,,,,,,,,,,,,,,,,,,,,,,,,,,,,,,,,,,,,,,,v?pno=90425999&pty=EXT,74,0,False
Project KindMark:PROJECT KIND LOVE ONE ANOTHERS#:90425999,,,,,,,,,,,,,,,,,,,,,,,,,,,,,,,,,,,,,,,,,,,,,,,,,,,,,,,,,,,,,,,,,,,,,,,,,,,,,,,,,,,,,,,,,,,,,,,,,,,,,,,,,,,,,,,,,,,,,,,,,,,,,,,,,,,,,,,,,,,,,,,,,,,,,,,,,,,,,,,,,v?pnam=Project%20Kind%20%20,75,0,False
KIND Management Inc.,,,,,,,,,,,,,,,,,,,,,,,,,,,,,,,,,,,,,,,,,,,,,,,,,,,,,,,,,,,,,,,,,,,,,,,,,,,,,,,,,,,,,,,,,,,,,,,,,,,,,,,,,,,,,,,,,,,,,,,,,,,,,,,,,,,,,,,,,,,,,,,,,,,,,,,,,,,,,,,,,v?pnam=KIND%20Management%20Inc.%20%20,76,0,False
7931902111/21/2022,,,,,,,,,,,,,,,,,,,,,,,,,,,,,,,,,,,,,,,,,,,,,,,,,,,,,,,,,,,,,,,,,,,,,,,,,,,,,,,,,,,,,,,,,,,,,,,,,,,,,,,,,,,,,,,,,,,,,,,,,,,,,,,,,,,,,,,,,,,,,,,,,,,,,,,,,,,,,,,,,v?pno=79319021&pty=EXT,77,0,False
"Global PMI Partners, coöperatieve vennootschapMark:GLOBAL PMI PARTNERSS#:79319021",,,,,,,,,,,,,,,,,,,,,,,,,,,,,,,,,,,,,,,,,,,,,,,,,,,,,,,,,,,,,,,,,,,,,,,,,,,,,,,,,,,,,,,,,,,,,,,,,,,,,,,,,,,,,,,,,,,,,,,,,,,,,,,,,,,,,,,,,,,,,,,,,,,,,,,,,,,,,,,,,"v?pnam=Global%20PMI%20Partners,%20co%C3%B6peratieve%20vennootschap%20%20",78,0,False
"Project Management Institute, Inc.",,,,,,,,,,,,,,,,,,,,,,,,,,,,,,,,,,,,,,,,,,,,,,,,,,,,,,,,,,,,,,,,,,,,,,,,,,,,,,,,,,,,,,,,,,,,,,,,,,,,,,,,,,,,,,,,,,,,,,,,,,,,,,,,,,,,,,,,,,,,,,,,,,,,,,,,,,,,,,,,,"v?pnam=Project%20Management%20Institute,%20Inc.%20%20",79,0,False
9127828108/30/2022,,,,,,,,,,,,,,,,,,,,,,,,,,,,,,,,,,,,,,,,,,,,,,,,,,,,,,,,,,,,,,,,,,,,,,,,,,,,,,,,,,,,,,,,,,,,,,,,,,,,,,,,,,,,,,,,,,,,,,,,,,,,,,,,,,,,,,,,,,,,,,,,,,,,,,,,,,,,,,,,,v?pno=91278281&pty=OPP,80,0,False
James Alan DinowMark:THE WONDERFUL AVOCADOS#:97213254,,,,,,,,,,,,,,,,,,,,,,,,,,,,,,,,,,,,,,,,,,,,,,,,,,,,,,,,,,,,,,,,,,,,,,,,,,,,,,,,,,,,,,,,,,,,,,,,,,,,,,,,,,,,,,,,,,,,,,,,,,,,,,,,,,,,,,,,,,,,,,,,,,,,,,,,,,,,,,,,,v?pnam=James%20Alan%20Dinow%20%20,81,0,False
The Wonderful Company LLCMark:SIMPLY WONDERFULS#:86372181R#:4715701Mark:THE WONDERFUL ACADEMYS#:88076627R#:5831691Mark:THE WONDERFUL BUTTERFLY PROJECTS#:90604433Mark:WONDERFULS#:77855511R#:3784763Mark:WONDERFULS#:85056771R#:3907814Mark:WONDERFULS#:85056772R#:3907815Mark:WONDERFULS#:85396734R#:4552106Mark:WONDERFULS#:86474680R#:4897336Mark:WONDERFULS#:86513119R#:5223598Mark:WONDERFULS#:86513115R#:5228557Mark:WONDERFULS#:88126012R#:5680760Mark:WONDERFULS#:88259078Mark:WONDERFUL AGENCYS#:88125895R#:5831856Mark:WONDERFUL AGRICULTURAL MANAGEMENTS#:88076699R#:5831693Mark:WONDERFUL ENTERTAINMENTS#:88188386Mark:WONDERFUL GIVINGS#:86213095R#:5105378Mark:WONDERFUL PICTURESS#:88188387R#:6309449Mark:WONDERFUL PISTACHIOSS#:77114811R#:3463342,,,,,,,,,,,,,,,,,,,,,,,,,,,,,,,,,,,,,,,,,,,,,,,,,,,,,,,,,,,,,,,,,,,,,,,,,,,,,,,,,,,,,,,,,,,,,,,,,,,,,,,,,,,,,,,,,,,,,,,,,,,,,,,,,,,,,,,,,,,,,,,,,,,,,,,,,,,,,,,,,v?pnam=The%20Wonderful%20Company%20LLC%20%20,82,0,False
9012944807/28/2022,,,,,,,,,,,,,,,,,,,,,,,,,,,,,,,,,,,,,,,,,,,,,,,,,,,,,,,,,,,,,,,,,,,,,,,,,,,,,,,,,,,,,,,,,,,,,,,,,,,,,,,,,,,,,,,,,,,,,,,,,,,,,,,,,,,,,,,,,,,,,,,,,,,,,,,,,,,,,,,,,v?pno=90129448&pty=EXT,83,0,False
BRIGHT LIVE INC.Mark:BRIGHTS#:90129448,,,,,,,,,,,,,,,,,,,,,,,,,,,,,,,,,,,,,,,,,,,,,,,,,,,,,,,,,,,,,,,,,,,,,,,,,,,,,,,,,,,,,,,,,,,,,,,,,,,,,,,,,,,,,,,,,,,,,,,,,,,,,,,,,,,,,,,,,,,,,,,,,,,,,,,,,,,,,,,,,v?pnam=BRIGHT%20LIVE%20INC.%20%20,84,0,False
"Project Management Institute, Inc.",,,,,,,,,,,,,,,,,,,,,,,,,,,,,,,,,,,,,,,,,,,,,,,,,,,,,,,,,,,,,,,,,,,,,,,,,,,,,,,,,,,,,,,,,,,,,,,,,,,,,,,,,,,,,,,,,,,,,,,,,,,,,,,,,,,,,,,,,,,,,,,,,,,,,,,,,,,,,,,,,"v?pnam=Project%20Management%20Institute,%20Inc.%20%20",85,0,False
Results as of 05/01/2026 01:08 PM,Search again,,,,,,,,,,,,,,,,,,,,,,,,,,,,,,,,,,,,,,,,,,,,,,,,,,,,,,,,,,,,,,,,,,,,,,,,,,,,,,,,,,,,,,,,,,,,,,,,,,,,,,,,,,,,,,,,,,,,,,,,,,,,,,,,,,,,,,,,,,,,,,,,,,,,,,,,,,,,,,,,,86,0,False
,,,,,,,,,,,,,,,,,,,,,,,,,,,,,,,,,,,,,,,,,,,,,,,,,,,,,,,,,,,,,,,,,,,,,,,,,,,,,,,,,,,,,,,,,,,,,,,,,,,,,,,,,,,,,,,,,,,,,,,,,,,,,,,,,,,,,,,,,,,,,,,,,,,,,,,,,,,,,,,,,,87,0,False
|.HOME|INDEX|SEARCH|eBUSINESS|CONTACT US|PRIVACY POLICY,,,,,,,,,,,,,,,,,,,,,,,,,,,,,,,,,,,,,,,,,,,,,,,,,,,,,,,,,,,,,,,,,,,,,,,,,,,,,,,,,,,,,,,,,,,,,,,,,,,,,,,,,,,,,,,,,,,,,,,,,,,,,,,,,,,,,,,,,,,,,,,,,,,,,,,,,,,,,,,,,#skipnav2,88,0,False
,,,,,,,,,,,,,,,,,,,,,,,,,,,,,,,,,,,,,,,,,,,,,,,,,,,,,,,,,,,,,,,,,,,,,,,,,,,,,,,,,,,,,,,,,,,,,,,,,,,,,,,,,,,,,,,,,,,,,,,,,,,,,,,,,,,,,,,,,,,,,,,,,,,,,,,,,,,,,,,,,,88,1,False
